cpu_percent,memory_percent,num_threads,num_connections,label
3099.3,0.0,1.0,17.0,1
4.7,0.0,1.0,15.0,0
0.0,0.0,1.0,0.0,0
0.0,0.0,1.0,0.0,0
0.0,0.0,1.0,1.0,0
0.0,0.0,1.0,0.0,0
0.0,0.0,1.0,0.0,0
0.0,0.0,1.0,0.0,0
0.0,0.0,1.0,0.0,0
0.0,0.0,1.0,2.0,0
0.0,0.0,1.0,2.0,0
0.0,0.0,1.0,0.0,0
0.0,0.0,1.0,0.0,0
0.6,0.0,1.0,2.0,0
0.0,0.0,1.0,2.0,0
0.0,0.0,1.0,0.0,0
0.0,0.0,1.0,0.0,0
0.0,0.0,1.0,0.0,0
0.0,0.0,1.0,0.0,0
0.6,0.0,1.0,12.0,0
0.0,0.0,1.0,0.0,0
0.0,0.0,1.0,0.0,0
0.0,0.0,1.0,0.0,0
0.0,0.0,1.0,0.0,0
0.0,0.0,1.0,2.0,0
0.0,0.0,1.0,10.0,0
0.0,0.0,1.0,0.0,0
0.0,0.0,1.0,0.0,0
0.0,0.0,1.0,0.0,0
0.0,0.0,1.0,0.0,0
0.0,0.0,1.0,0.0,0
0.0,0.0,1.0,0.0,0
0.0,0.0,1.0,0.0,0
0.0,0.0,1.0,0.0,0
0.0,0.0,1.0,0.0,0
0.0,0.0,1.0,0.0,0
0.0,0.0,1.0,0.0,0
0.0,0.0,1.0,0.0,0
0.0,0.0,1.0,0.0,0
0.0,0.0,1.0,0.0,0
0.0,0.0,1.0,0.0,0
0.0,0.0,1.0,0.0,0
0.0,0.0,1.0,4.0,0
0.0,0.0,1.0,0.0,0
0.6,0.0,1.0,0.0,0
0.0,0.0,1.0,0.0,0
0.0,0.0,1.0,0.0,0
0.0,0.0,1.0,2.0,0
0.0,0.0,1.0,0.0,0
0.0,0.0,1.0,0.0,0
0.0,0.0,1.0,0.0,0
0.0,0.0,1.0,0.0,0
0.0,0.0,1.0,0.0,0
0.0,0.0,1.0,0.0,0
0.0,0.0,1.0,0.0,0
0.0,0.0,1.0,0.0,0
0.0,0.0,1.0,0.0,0
0.0,0.0,1.0,0.0,0
0.0,0.0,1.0,0.0,0
0.0,0.0,1.0,0.0,0
0.6,0.0,1.0,0.0,0
0.0,0.0,1.0,0.0,0
0.0,0.0,1.0,0.0,0
0.0,0.0,1.0,0.0,0
0.0,0.0,1.0,0.0,0
0.0,0.0,1.0,0.0,0
0.0,0.0,1.0,0.0,0
0.0,0.0,1.0,2.0,0
0.0,0.0,1.0,0.0,0
0.0,0.0,1.0,0.0,0
0.0,0.0,1.0,0.0,0
0.0,0.0,1.0,0.0,0
0.0,0.0,1.0,0.0,0
0.0,0.0,1.0,1.0,0
0.0,0.0,1.0,0.0,0
0.0,0.0,1.0,0.0,0
0.0,0.0,1.0,0.0,0
0.0,0.0,1.0,1.0,0
0.0,0.0,1.0,0.0,0
0.0,0.0,1.0,0.0,0
0.0,0.0,1.0,1.0,0
0.0,0.0,1.0,0.0,0
0.0,0.0,1.0,0.0,0
0.0,0.0,1.0,4.0,0
0.0,0.0,1.0,0.0,0
0.0,0.0,1.0,0.0,0
0.0,0.0,1.0,0.0,0
0.6,0.0,1.0,16.0,0
0.0,0.0,1.0,0.0,0
0.0,0.0,1.0,1.0,0
0.0,0.0,1.0,0.0,0
0.0,0.0,1.0,0.0,0
0.0,0.0,1.0,0.0,0
0.0,0.0,1.0,0.0,0
0.0,0.0,1.0,0.0,0
0.6,0.0,1.0,0.0,0
0.0,0.0,1.0,0.0,0
0.0,0.0,1.0,0.0,0
0.0,0.0,1.0,0.0,0
0.0,0.0,1.0,4.0,0
0.0,0.0,1.0,0.0,0
0.0,0.0,1.0,0.0,0
0.0,0.0,1.0,0.0,0
0.0,0.0,1.0,0.0,0
0.0,0.0,1.0,0.0,0
0.0,0.0,1.0,0.0,0
0.0,0.0,1.0,0.0,0
0.0,0.0,1.0,0.0,0
0.0,0.0,1.0,0.0,0
0.0,0.0,1.0,0.0,0
0.0,0.0,1.0,0.0,0
0.0,0.0,1.0,2.0,0
0.0,0.0,1.0,0.0,0
0.0,0.0,1.0,0.0,0
0.0,0.0,1.0,0.0,0
0.0,0.0,1.0,0.0,0
0.0,0.0,1.0,2.0,0
0.0,0.0,1.0,5.0,0
0.0,0.0,1.0,0.0,0
0.0,0.0,1.0,0.0,0
0.0,0.0,1.0,308.0,1
0.0,0.0,1.0,0.0,0
0.0,0.0,1.0,0.0,0
0.0,0.0,1.0,0.0,0
0.0,0.0,1.0,0.0,0
0.0,0.0,1.0,0.0,0
0.0,0.0,1.0,0.0,0
0.0,0.0,1.0,0.0,0
0.0,0.0,1.0,0.0,0
0.0,0.0,1.0,0.0,0
0.0,0.0,1.0,0.0,0
0.0,0.0,1.0,0.0,0
0.0,0.0,1.0,0.0,0
0.0,0.0,1.0,0.0,0
0.0,0.0,1.0,0.0,0
0.0,0.0,1.0,0.0,0
0.0,0.0,1.0,5.0,0
0.0,0.0,1.0,0.0,0
0.0,0.0,1.0,0.0,0
0.6,0.0,1.0,0.0,0
0.0,0.0,1.0,0.0,0
0.0,0.0,1.0,0.0,0
0.0,0.0,1.0,0.0,0
0.0,0.0,1.0,0.0,0
0.0,0.0,1.0,0.0,0
0.0,0.0,1.0,16.0,0
0.0,0.0,1.0,0.0,0
0.0,0.0,1.0,0.0,0
0.0,0.0,1.0,0.0,0
0.0,0.0,1.0,0.0,0
0.0,0.0,1.0,13.0,0
0.0,0.0,1.0,0.0,0
0.0,0.0,1.0,0.0,0
0.0,0.0,1.0,0.0,0
0.0,0.0,1.0,0.0,0
0.0,0.0,1.0,0.0,0
0.0,0.0,1.0,0.0,0
0.0,0.0,1.0,10.0,0
0.0,0.0,1.0,0.0,0
0.0,0.0,1.0,0.0,0
0.0,0.0,1.0,0.0,0
0.0,0.0,1.0,0.0,0
0.0,0.0,1.0,0.0,0
0.0,0.0,1.0,0.0,0
0.0,0.0,1.0,1.0,0
0.0,0.0,1.0,0.0,0
0.0,0.0,1.0,0.0,0
0.0,0.0,1.0,0.0,0
0.0,0.0,1.0,0.0,0
0.0,0.0,1.0,0.0,0
0.0,0.0,1.0,0.0,0
0.6,0.0,1.0,0.0,0
0.0,0.0,1.0,2.0,0
0.0,0.0,1.0,0.0,0
0.0,0.0,1.0,0.0,0
0.0,0.0,1.0,0.0,0
0.0,0.0,1.0,0.0,0
0.0,0.0,1.0,0.0,0
0.0,0.0,1.0,16.0,0
0.0,0.0,1.0,0.0,0
0.0,0.0,1.0,0.0,0
0.0,0.0,1.0,0.0,0
0.0,0.0,1.0,0.0,0
0.0,0.0,1.0,0.0,0
0.0,0.0,1.0,0.0,0
0.0,0.0,1.0,0.0,0
0.0,0.0,1.0,0.0,0
26.1,0.0,1.0,1.0,1
0.0,0.0,1.0,0.0,0
0.0,0.0,1.0,0.0,0
0.0,0.0,1.0,0.0,0
0.0,0.0,1.0,0.0,0
0.0,0.0,1.0,0.0,0
5.8,0.0,1.0,0.0,0
0.0,0.0,1.0,0.0,0
0.0,0.0,1.0,0.0,0
0.0,0.0,1.0,0.0,0
0.0,0.0,1.0,0.0,0
0.0,0.0,1.0,0.0,0
0.0,0.0,1.0,0.0,0
0.0,0.0,1.0,0.0,0
0.0,0.0,1.0,10.0,0
0.0,0.0,1.0,0.0,0
0.0,0.0,1.0,0.0,0
0.0,0.0,1.0,0.0,0
0.0,0.0,1.0,0.0,0
0.0,0.0,1.0,0.0,0
0.0,0.0,1.0,0.0,0
0.0,0.0,1.0,0.0,0
6.9,0.0,1.0,0.0,0
0.0,0.0,1.0,0.0,0
0.0,0.0,1.0,0.0,0
0.0,0.0,1.0,0.0,0
0.0,0.0,1.0,0.0,0
0.0,0.0,1.0,0.0,0
0.0,0.0,1.0,0.0,0
6.4,0.0,1.0,0.0,0
0.0,0.0,1.0,2.0,0
0.0,0.0,1.0,0.0,0
0.0,0.0,1.0,0.0,0
0.0,0.0,1.0,0.0,0
0.0,0.0,1.0,0.0,0
0.6,0.0,1.0,0.0,0
0.0,0.0,1.0,0.0,0
0.6,0.0,1.0,2.0,0
0.0,0.0,1.0,0.0,0
0.0,0.0,1.0,0.0,0
0.0,0.0,1.0,0.0,0
0.0,0.0,1.0,0.0,0
0.0,0.0,1.0,0.0,0
0.0,0.0,1.0,0.0,0
0.0,0.0,1.0,0.0,0
0.0,0.0,1.0,0.0,0
0.0,0.0,1.0,0.0,0
0.0,0.0,1.0,0.0,0
0.0,0.0,1.0,0.0,0
0.0,0.0,1.0,0.0,0
0.0,0.0,1.0,0.0,0
0.0,0.0,1.0,17.0,0
2.9,0.0,1.0,0.0,0
0.0,0.0,1.0,0.0,0
0.0,0.0,1.0,2.0,0
0.0,0.0,1.0,0.0,0
0.6,0.0,1.0,0.0,0
0.0,0.0,1.0,0.0,0
0.0,0.0,1.0,0.0,0
0.0,0.0,1.0,0.0,0
0.0,0.0,1.0,0.0,0
0.0,0.0,1.0,0.0,0
0.0,0.0,1.0,0.0,0
0.0,0.0,1.0,1.0,0
0.0,0.0,1.0,0.0,0
0.0,0.0,1.0,0.0,0
0.0,0.0,1.0,0.0,0
0.0,0.0,1.0,1.0,0
0.0,0.0,1.0,0.0,0
0.0,0.0,1.0,0.0,0
0.0,0.0,1.0,5.0,0
0.0,0.0,1.0,0.0,0
2.3,0.0,1.0,0.0,0
2.3,0.0,1.0,0.0,0
0.0,0.0,1.0,0.0,0
0.0,0.0,1.0,0.0,0
0.0,0.0,1.0,0.0,0
0.0,0.0,1.0,0.0,0
0.0,0.0,1.0,0.0,0
0.0,0.0,1.0,0.0,0
0.0,0.0,1.0,0.0,0
0.0,0.0,1.0,0.0,0
0.0,0.0,1.0,0.0,0
0.0,0.0,1.0,0.0,0
0.0,0.0,1.0,0.0,0
0.0,0.0,1.0,0.0,0
0.0,0.0,1.0,0.0,0
0.6,0.0,1.0,0.0,0
0.0,0.0,1.0,0.0,0
0.0,0.0,1.0,0.0,0
0.0,0.0,1.0,0.0,0
0.0,0.0,1.0,1.0,0
0.0,0.0,1.0,8.0,0
0.0,0.0,1.0,0.0,0
0.0,0.0,1.0,0.0,0
0.0,0.0,1.0,0.0,0
40.5,0.0,1.0,0.0,1
0.0,0.0,1.0,0.0,0
0.0,0.0,1.0,0.0,0
0.0,0.0,1.0,1.0,0
0.0,0.0,1.0,0.0,0
3.5,0.0,1.0,0.0,0
0.0,0.0,1.0,5.0,0
3115.4,0.0,1.0,18.0,1
5.2,0.0,1.0,15.0,0
0.0,0.0,1.0,0.0,0
0.0,0.0,1.0,0.0,0
0.2,0.0,1.0,1.0,0
0.0,0.0,1.0,0.0,0
0.0,0.0,1.0,0.0,0
0.0,0.0,1.0,0.0,0
0.0,0.0,1.0,0.0,0
0.0,0.0,1.0,2.0,0
0.1,0.0,1.0,2.0,0
9.0,0.0,1.0,0.0,0
0.0,0.0,1.0,0.0,0
0.1,0.0,1.0,2.0,0
0.0,0.0,1.0,2.0,0
0.0,0.0,1.0,0.0,0
0.0,0.0,1.0,0.0,0
0.0,0.0,1.0,0.0,0
0.0,0.0,1.0,0.0,0
2.1,0.0,1.0,12.0,0
0.0,0.0,1.0,0.0,0
0.0,0.0,1.0,0.0,0
0.0,0.0,1.0,0.0,0
0.0,0.0,1.0,0.0,0
0.0,0.0,1.0,2.0,0
0.8,0.0,1.0,10.0,0
0.0,0.0,1.0,0.0,0
0.0,0.0,1.0,0.0,0
0.0,0.0,1.0,0.0,0
0.0,0.0,1.0,0.0,0
0.1,0.0,1.0,0.0,0
0.0,0.0,1.0,0.0,0
0.0,0.0,1.0,0.0,0
0.0,0.0,1.0,0.0,0
0.0,0.0,1.0,0.0,0
0.1,0.0,1.0,0.0,0
0.0,0.0,1.0,0.0,0
0.0,0.0,1.0,0.0,0
0.0,0.0,1.0,0.0,0
0.0,0.0,1.0,0.0,0
0.0,0.0,1.0,0.0,0
0.0,0.0,1.0,0.0,0
0.0,0.0,1.0,4.0,0
0.0,0.0,1.0,0.0,0
0.5,0.0,1.0,0.0,0
0.0,0.0,1.0,0.0,0
0.0,0.0,1.0,0.0,0
0.0,0.0,1.0,2.0,0
0.3,0.0,1.0,0.0,0
0.0,0.0,1.0,0.0,0
0.0,0.0,1.0,0.0,0
0.0,0.0,1.0,0.0,0
0.1,0.0,1.0,0.0,0
0.0,0.0,1.0,0.0,0
0.1,0.0,1.0,0.0,0
0.0,0.0,1.0,0.0,0
0.0,0.0,1.0,0.0,0
0.0,0.0,1.0,0.0,0
0.0,0.0,1.0,0.0,0
0.0,0.0,1.0,0.0,0
0.3,0.0,1.0,0.0,0
0.0,0.0,1.0,0.0,0
0.8,0.0,1.0,0.0,0
0.0,0.0,1.0,0.0,0
0.0,0.0,1.0,0.0,0
0.0,0.0,1.0,0.0,0
0.0,0.0,1.0,0.0,0
0.0,0.0,1.0,2.0,0
0.0,0.0,1.0,0.0,0
0.0,0.0,1.0,0.0,0
0.0,0.0,1.0,0.0,0
0.0,0.0,1.0,0.0,0
0.0,0.0,1.0,0.0,0
0.0,0.0,1.0,1.0,0
0.0,0.0,1.0,0.0,0
0.0,0.0,1.0,0.0,0
0.0,0.0,1.0,0.0,0
0.0,0.0,1.0,1.0,0
0.0,0.0,1.0,0.0,0
0.0,0.0,1.0,0.0,0
0.0,0.0,1.0,1.0,0
0.0,0.0,1.0,0.0,0
0.0,0.0,1.0,0.0,0
0.0,0.0,1.0,4.0,0
0.0,0.0,1.0,0.0,0
0.0,0.0,1.0,0.0,0
0.1,0.0,1.0,0.0,0
1.9,0.0,1.0,16.0,0
0.0,0.0,1.0,0.0,0
0.0,0.0,1.0,1.0,0
0.0,0.0,1.0,0.0,0
0.0,0.0,1.0,0.0,0
0.0,0.0,1.0,0.0,0
0.0,0.0,1.0,0.0,0
0.0,0.0,1.0,0.0,0
1.9,0.0,1.0,0.0,0
0.0,0.0,1.0,0.0,0
0.0,0.0,1.0,0.0,0
0.3,0.0,1.0,0.0,0
0.0,0.0,1.0,4.0,0
0.1,0.0,1.0,0.0,0
0.0,0.0,1.0,0.0,0
0.0,0.0,1.0,0.0,0
0.0,0.0,1.0,0.0,0
0.0,0.0,1.0,0.0,0
0.0,0.0,1.0,0.0,0
0.0,0.0,1.0,0.0,0
0.0,0.0,1.0,0.0,0
0.0,0.0,1.0,0.0,0
0.0,0.0,1.0,0.0,0
0.0,0.0,1.0,0.0,0
0.0,0.0,1.0,2.0,0
0.0,0.0,1.0,0.0,0
0.0,0.0,1.0,0.0,0
0.0,0.0,1.0,0.0,0
0.0,0.0,1.0,0.0,0
0.0,0.0,1.0,2.0,0
0.0,0.0,1.0,5.0,0
0.0,0.0,1.0,0.0,0
0.0,0.0,1.0,0.0,0
0.1,0.0,1.0,308.0,1
0.0,0.0,1.0,0.0,0
0.0,0.0,1.0,0.0,0
0.0,0.0,1.0,0.0,0
0.3,0.0,1.0,0.0,0
0.0,0.0,1.0,0.0,0
0.0,0.0,1.0,0.0,0
0.0,0.0,1.0,0.0,0
0.0,0.0,1.0,0.0,0
0.0,0.0,1.0,0.0,0
0.0,0.0,1.0,0.0,0
0.0,0.0,1.0,0.0,0
0.0,0.0,1.0,0.0,0
0.0,0.0,1.0,0.0,0
0.0,0.0,1.0,0.0,0
0.0,0.0,1.0,0.0,0
0.0,0.0,1.0,5.0,0
0.0,0.0,1.0,0.0,0
0.0,0.0,1.0,0.0,0
0.0,0.0,1.0,0.0,0
0.0,0.0,1.0,0.0,0
0.0,0.0,1.0,0.0,0
0.0,0.0,1.0,0.0,0
0.0,0.0,1.0,0.0,0
0.1,0.0,1.0,0.0,0
0.0,0.0,1.0,16.0,0
0.0,0.0,1.0,0.0,0
0.0,0.0,1.0,0.0,0
0.1,0.0,1.0,0.0,0
0.0,0.0,1.0,0.0,0
0.0,0.0,1.0,13.0,0
0.1,0.0,1.0,0.0,0
0.0,0.0,1.0,0.0,0
0.0,0.0,1.0,0.0,0
0.0,0.0,1.0,0.0,0
0.0,0.0,1.0,0.0,0
0.0,0.0,1.0,0.0,0
0.1,0.0,1.0,10.0,0
0.0,0.0,1.0,0.0,0
0.0,0.0,1.0,0.0,0
0.0,0.0,1.0,0.0,0
0.1,0.0,1.0,0.0,0
0.0,0.0,1.0,0.0,0
0.0,0.0,1.0,0.0,0
0.2,0.0,1.0,1.0,0
0.0,0.0,1.0,0.0,0
0.0,0.0,1.0,0.0,0
0.1,0.0,1.0,0.0,0
0.0,0.0,1.0,0.0,0
0.0,0.0,1.0,0.0,0
0.0,0.0,1.0,0.0,0
0.1,0.0,1.0,0.0,0
0.0,0.0,1.0,2.0,0
0.0,0.0,1.0,0.0,0
0.0,0.0,1.0,0.0,0
0.0,0.0,1.0,0.0,0
0.0,0.0,1.0,0.0,0
0.0,0.0,1.0,0.0,0
0.1,0.0,1.0,10.0,0
0.1,0.0,1.0,0.0,0
0.0,0.0,1.0,0.0,0
0.0,0.0,1.0,0.0,0
0.0,0.0,1.0,0.0,0
0.0,0.0,1.0,0.0,0
0.0,0.0,1.0,0.0,0
0.0,0.0,1.0,0.0,0
0.0,0.0,1.0,0.0,0
17.2,0.0,1.0,1.0,1
0.0,0.0,1.0,0.0,0
0.0,0.0,1.0,0.0,0
0.0,0.0,1.0,0.0,0
0.0,0.0,1.0,0.0,0
0.0,0.0,1.0,0.0,0
2.0,0.0,1.0,0.0,0
0.0,0.0,1.0,0.0,0
0.0,0.0,1.0,0.0,0
0.0,0.0,1.0,0.0,0
0.0,0.0,1.0,0.0,0
0.0,0.0,1.0,0.0,0
0.0,0.0,1.0,0.0,0
0.0,0.0,1.0,0.0,0
0.0,0.0,1.0,10.0,0
0.0,0.0,1.0,0.0,0
0.0,0.0,1.0,0.0,0
0.0,0.0,1.0,0.0,0
0.0,0.0,1.0,0.0,0
0.0,0.0,1.0,0.0,0
0.0,0.0,1.0,0.0,0
1.8,0.0,1.0,0.0,0
0.0,0.0,1.0,0.0,0
0.0,0.0,1.0,0.0,0
0.0,0.0,1.0,0.0,0
0.0,0.0,1.0,0.0,0
0.0,0.0,1.0,0.0,0
0.0,0.0,1.0,0.0,0
1.7,0.0,1.0,0.0,0
0.0,0.0,1.0,2.0,0
0.0,0.0,1.0,0.0,0
0.0,0.0,1.0,0.0,0
0.0,0.0,1.0,0.0,0
0.0,0.0,1.0,0.0,0
1.4,0.0,1.0,0.0,0
1.6,0.0,1.0,0.0,0
0.1,0.0,1.0,2.0,0
0.0,0.0,1.0,0.0,0
0.0,0.0,1.0,0.0,0
0.0,0.0,1.0,0.0,0
0.0,0.0,1.0,0.0,0
0.0,0.0,1.0,0.0,0
0.0,0.0,1.0,0.0,0
0.0,0.0,1.0,0.0,0
0.0,0.0,1.0,0.0,0
0.1,0.0,1.0,0.0,0
0.0,0.0,1.0,0.0,0
0.0,0.0,1.0,0.0,0
0.0,0.0,1.0,0.0,0
0.0,0.0,1.0,0.0,0
0.0,0.0,1.0,0.0,0
0.1,0.0,1.0,26.0,0
0.1,0.0,1.0,0.0,0
0.0,0.0,1.0,0.0,0
0.4,0.0,1.0,2.0,0
0.0,0.0,1.0,0.0,0
0.1,0.0,1.0,0.0,0
0.0,0.0,1.0,0.0,0
0.0,0.0,1.0,0.0,0
0.0,0.0,1.0,0.0,0
0.0,0.0,1.0,0.0,0
0.0,0.0,1.0,0.0,0
0.0,0.0,1.0,0.0,0
0.0,0.0,1.0,0.0,0
0.0,0.0,1.0,0.0,0
0.0,0.0,1.0,0.0,0
0.0,0.0,1.0,0.0,0
0.0,0.0,1.0,0.0,0
0.0,0.0,1.0,0.0,0
0.0,0.0,1.0,0.0,0
0.0,0.0,1.0,3.0,0
0.0,0.0,1.0,0.0,0
2.8,0.0,1.0,0.0,0
0.8,0.0,1.0,0.0,0
0.0,0.0,1.0,0.0,0
0.0,0.0,1.0,0.0,0
0.0,0.0,1.0,0.0,0
0.0,0.0,1.0,0.0,0
0.0,0.0,1.0,0.0,0
0.0,0.0,1.0,0.0,0
0.0,0.0,1.0,0.0,0
0.0,0.0,1.0,0.0,0
0.0,0.0,1.0,0.0,0
0.0,0.0,1.0,0.0,0
0.0,0.0,1.0,0.0,0
0.1,0.0,1.0,0.0,0
0.0,0.0,1.0,0.0,0
0.0,0.0,1.0,0.0,0
0.0,0.0,1.0,0.0,0
0.0,0.0,1.0,0.0,0
0.0,0.0,1.0,0.0,0
0.0,0.0,1.0,0.0,0
0.0,0.0,1.0,1.0,0
0.0,0.0,1.0,1.0,0
0.1,0.0,1.0,8.0,0
0.0,0.0,1.0,0.0,0
0.0,0.0,1.0,0.0,0
0.0,0.0,1.0,0.0,0
20.6,0.0,1.0,0.0,1
0.0,0.0,1.0,0.0,0
0.0,0.0,1.0,0.0,0
0.0,0.0,1.0,1.0,0
0.0,0.0,1.0,0.0,0
1.5,0.0,1.0,0.0,0
0.0,0.0,1.0,5.0,0
3088.6,0.0,1.0,25.0,1
8.0,0.0,1.0,15.0,0
0.0,0.0,1.0,0.0,0
0.0,0.0,1.0,0.0,0
0.4,0.0,1.0,1.0,0
0.1,0.0,1.0,0.0,0
0.0,0.0,1.0,0.0,0
0.0,0.0,1.0,0.0,0
0.0,0.0,1.0,0.0,0
0.0,0.0,1.0,2.0,0
0.1,0.0,1.0,2.0,0
9.9,0.0,1.0,0.0,0
0.0,0.0,1.0,0.0,0
0.0,0.0,1.0,2.0,0
0.1,0.0,1.0,2.0,0
0.0,0.0,1.0,0.0,0
0.0,0.0,1.0,0.0,0
0.0,0.0,1.0,0.0,0
0.8,0.0,1.0,0.0,0
3.2,0.0,1.0,12.0,0
0.0,0.0,1.0,0.0,0
0.0,0.0,1.0,0.0,0
0.0,0.0,1.0,0.0,0
0.0,0.0,1.0,0.0,0
0.0,0.0,1.0,2.0,0
2.1,0.0,1.0,8.0,0
0.0,0.0,1.0,0.0,0
0.0,0.0,1.0,0.0,0
0.0,0.0,1.0,0.0,0
0.0,0.0,1.0,0.0,0
0.2,0.0,1.0,0.0,0
0.0,0.0,1.0,0.0,0
0.0,0.0,1.0,0.0,0
0.0,0.0,1.0,0.0,0
0.0,0.0,1.0,0.0,0
0.0,0.0,1.0,0.0,0
0.0,0.0,1.0,0.0,0
0.0,0.0,1.0,0.0,0
0.0,0.0,1.0,0.0,0
0.0,0.0,1.0,0.0,0
0.0,0.0,1.0,0.0,0
0.0,0.0,1.0,0.0,0
0.0,0.0,1.0,4.0,0
0.0,0.0,1.0,0.0,0
0.4,0.0,1.0,0.0,0
0.0,0.0,1.0,0.0,0
0.0,0.0,1.0,0.0,0
0.0,0.0,1.0,2.0,0
0.0,0.0,1.0,0.0,0
0.0,0.0,1.0,0.0,0
0.0,0.0,1.0,0.0,0
0.0,0.0,1.0,0.0,0
1.3,0.0,1.0,0.0,0
0.0,0.0,1.0,0.0,0
0.1,0.0,1.0,0.0,0
0.0,0.0,1.0,0.0,0
0.0,0.0,1.0,0.0,0
0.1,0.0,1.0,0.0,0
0.0,0.0,1.0,0.0,0
0.0,0.0,1.0,0.0,0
0.2,0.0,1.0,0.0,0
0.0,0.0,1.0,0.0,0
0.6,0.0,1.0,0.0,0
0.0,0.0,1.0,0.0,0
0.0,0.0,1.0,0.0,0
0.0,0.0,1.0,0.0,0
0.0,0.0,1.0,0.0,0
0.0,0.0,1.0,2.0,0
0.0,0.0,1.0,0.0,0
0.0,0.0,1.0,0.0,0
0.0,0.0,1.0,0.0,0
0.0,0.0,1.0,0.0,0
0.0,0.0,1.0,0.0,0
0.0,0.0,1.0,1.0,0
0.0,0.0,1.0,0.0,0
0.0,0.0,1.0,0.0,0
0.0,0.0,1.0,0.0,0
0.0,0.0,1.0,1.0,0
0.0,0.0,1.0,0.0,0
0.0,0.0,1.0,0.0,0
0.0,0.0,1.0,1.0,0
0.0,0.0,1.0,0.0,0
0.0,0.0,1.0,0.0,0
0.0,0.0,1.0,4.0,0
0.0,0.0,1.0,0.0,0
0.1,0.0,1.0,0.0,0
0.0,0.0,1.0,0.0,0
2.1,0.0,1.0,16.0,0
0.0,0.0,1.0,0.0,0
0.0,0.0,1.0,1.0,0
0.0,0.0,1.0,0.0,0
0.0,0.0,1.0,0.0,0
0.0,0.0,1.0,0.0,0
0.0,0.0,1.0,0.0,0
0.0,0.0,1.0,0.0,0
6.3,0.0,1.0,0.0,0
0.0,0.0,1.0,0.0,0
0.0,0.0,1.0,0.0,0
0.2,0.0,1.0,0.0,0
0.0,0.0,1.0,4.0,0
0.0,0.0,1.0,0.0,0
0.0,0.0,1.0,0.0,0
0.0,0.0,1.0,0.0,0
0.0,0.0,1.0,0.0,0
0.0,0.0,1.0,0.0,0
0.0,0.0,1.0,0.0,0
0.0,0.0,1.0,0.0,0
0.0,0.0,1.0,0.0,0
0.0,0.0,1.0,0.0,0
0.0,0.0,1.0,0.0,0
0.0,0.0,1.0,0.0,0
0.0,0.0,1.0,2.0,0
0.0,0.0,1.0,0.0,0
0.0,0.0,1.0,0.0,0
0.0,0.0,1.0,0.0,0
0.0,0.0,1.0,0.0,0
0.0,0.0,1.0,2.0,0
0.0,0.0,1.0,5.0,0
0.0,0.0,1.0,0.0,0
0.0,0.0,1.0,0.0,0
0.1,0.0,1.0,308.0,1
0.0,0.0,1.0,0.0,0
1.6,0.0,1.0,0.0,0
0.0,0.0,1.0,0.0,0
0.1,0.0,1.0,0.0,0
0.0,0.0,1.0,0.0,0
0.0,0.0,1.0,0.0,0
0.0,0.0,1.0,0.0,0
0.0,0.0,1.0,0.0,0
0.0,0.0,1.0,0.0,0
0.0,0.0,1.0,0.0,0
0.0,0.0,1.0,0.0,0
0.0,0.0,1.0,0.0,0
0.0,0.0,1.0,0.0,0
0.0,0.0,1.0,0.0,0
0.0,0.0,1.0,0.0,0
0.0,0.0,1.0,5.0,0
0.5,0.0,1.0,0.0,0
0.0,0.0,1.0,0.0,0
0.0,0.0,1.0,0.0,0
0.0,0.0,1.0,0.0,0
0.0,0.0,1.0,0.0,0
0.0,0.0,1.0,0.0,0
0.0,0.0,1.0,0.0,0
0.0,0.0,1.0,0.0,0
0.0,0.0,1.0,0.0,0
0.0,0.0,1.0,16.0,0
0.0,0.0,1.0,0.0,0
0.0,0.0,1.0,0.0,0
0.2,0.0,1.0,0.0,0
0.0,0.0,1.0,0.0,0
0.1,0.0,1.0,13.0,0
0.3,0.0,1.0,0.0,0
0.0,0.0,1.0,0.0,0
0.0,0.0,1.0,0.0,0
0.0,0.0,1.0,0.0,0
0.0,0.0,1.0,0.0,0
0.0,0.0,1.0,0.0,0
0.1,0.0,1.0,10.0,0
0.0,0.0,1.0,0.0,0
0.0,0.0,1.0,0.0,0
0.0,0.0,1.0,0.0,0
0.0,0.0,1.0,0.0,0
0.0,0.0,1.0,0.0,0
0.0,0.0,1.0,0.0,0
0.3,0.0,1.0,1.0,0
0.0,0.0,1.0,0.0,0
0.0,0.0,1.0,0.0,0
0.0,0.0,1.0,0.0,0
0.0,0.0,1.0,0.0,0
0.0,0.0,1.0,0.0,0
0.0,0.0,1.0,0.0,0
0.1,0.0,1.0,0.0,0
0.0,0.0,1.0,2.0,0
0.0,0.0,1.0,0.0,0
0.0,0.0,1.0,0.0,0
0.0,0.0,1.0,0.0,0
0.0,0.0,1.0,0.0,0
0.0,0.0,1.0,0.0,0
0.1,0.0,1.0,14.0,0
0.1,0.0,1.0,0.0,0
0.0,0.0,1.0,0.0,0
0.0,0.0,1.0,0.0,0
0.0,0.0,1.0,0.0,0
0.0,0.0,1.0,0.0,0
0.0,0.0,1.0,0.0,0
0.0,0.0,1.0,0.0,0
0.4,0.0,1.0,0.0,0
0.0,0.0,1.0,0.0,0
17.0,0.0,1.0,2.0,1
0.0,0.0,1.0,0.0,0
0.1,0.0,1.0,0.0,0
0.0,0.0,1.0,0.0,0
0.0,0.0,1.0,0.0,0
0.0,0.0,1.0,0.0,0
3.0,0.0,1.0,0.0,0
0.0,0.0,1.0,0.0,0
0.0,0.0,1.0,0.0,0
0.0,0.0,1.0,0.0,0
0.0,0.0,1.0,0.0,0
0.0,0.0,1.0,0.0,0
0.0,0.0,1.0,0.0,0
0.0,0.0,1.0,0.0,0
0.0,0.0,1.0,10.0,0
0.0,0.0,1.0,0.0,0
0.0,0.0,1.0,0.0,0
0.0,0.0,1.0,0.0,0
0.0,0.0,1.0,0.0,0
1.4,0.0,1.0,0.0,0
0.0,0.0,1.0,0.0,0
5.4,0.0,1.0,0.0,0
0.0,0.0,1.0,0.0,0
0.0,0.0,1.0,0.0,0
0.0,0.0,1.0,0.0,0
0.0,0.0,1.0,0.0,0
0.0,0.0,1.0,0.0,0
0.0,0.0,1.0,0.0,0
1.4,0.0,1.0,0.0,0
0.0,0.0,1.0,2.0,0
0.0,0.0,1.0,0.0,0
0.0,0.0,1.0,0.0,0
0.0,0.0,1.0,0.0,0
0.0,0.0,1.0,0.0,0
1.6,0.0,1.0,0.0,0
2.5,0.0,1.0,0.0,0
2.9,0.0,1.0,2.0,0
0.0,0.0,1.0,0.0,0
0.2,0.0,1.0,0.0,0
1.9,0.0,1.0,0.0,0
0.0,0.0,1.0,0.0,0
0.0,0.0,1.0,0.0,0
0.0,0.0,1.0,0.0,0
0.0,0.0,1.0,0.0,0
0.0,0.0,1.0,0.0,0
0.0,0.0,1.0,0.0,0
0.0,0.0,1.0,0.0,0
0.0,0.0,1.0,0.0,0
0.0,0.0,1.0,0.0,0
0.0,0.0,1.0,0.0,0
0.2,0.0,1.0,23.0,0
0.3,0.0,1.0,0.0,0
0.0,0.0,1.0,0.0,0
0.5,0.0,1.0,2.0,0
0.0,0.0,1.0,0.0,0
0.2,0.0,1.0,0.0,0
0.0,0.0,1.0,0.0,0
0.0,0.0,1.0,0.0,0
0.0,0.0,1.0,0.0,0
0.0,0.0,1.0,0.0,0
0.0,0.0,1.0,0.0,0
0.0,0.0,1.0,0.0,0
0.0,0.0,1.0,0.0,0
0.0,0.0,1.0,0.0,0
0.0,0.0,1.0,0.0,0
0.0,0.0,1.0,0.0,0
0.0,0.0,1.0,0.0,0
0.0,0.0,1.0,0.0,0
0.0,0.0,1.0,0.0,0
0.0,0.0,1.0,1.0,0
0.0,0.0,1.0,0.0,0
2.8,0.0,1.0,0.0,0
0.5,0.0,1.0,0.0,0
0.0,0.0,1.0,0.0,0
0.0,0.0,1.0,0.0,0
0.0,0.0,1.0,0.0,0
0.0,0.0,1.0,0.0,0
0.0,0.0,1.0,0.0,0
0.0,0.0,1.0,0.0,0
0.0,0.0,1.0,0.0,0
0.0,0.0,1.0,0.0,0
0.1,0.0,1.0,0.0,0
0.0,0.0,1.0,0.0,0
0.0,0.0,1.0,0.0,0
0.0,0.0,1.0,0.0,0
0.0,0.0,1.0,0.0,0
0.0,0.0,1.0,0.0,0
0.0,0.0,1.0,0.0,0
0.0,0.0,1.0,0.0,0
0.1,0.0,1.0,1.0,0
0.0,0.0,1.0,1.0,0
0.2,0.0,1.0,8.0,0
0.0,0.0,1.0,0.0,0
0.0,0.0,1.0,0.0,0
0.0,0.0,1.0,0.0,0
20.5,0.0,1.0,0.0,1
0.0,0.0,1.0,0.0,0
0.0,0.0,1.0,0.0,0
0.0,0.0,1.0,1.0,0
0.0,0.0,1.0,0.0,0
1.6,0.0,1.0,0.0,0
0.0,0.0,1.0,5.0,0
3118.5,0.0,1.0,17.0,1
4.8,0.0,1.0,15.0,0
0.0,0.0,1.0,0.0,0
0.0,0.0,1.0,0.0,0
0.2,0.0,1.0,1.0,0
0.1,0.0,1.0,0.0,0
0.0,0.0,1.0,0.0,0
0.0,0.0,1.0,0.0,0
0.0,0.0,1.0,0.0,0
0.0,0.0,1.0,2.0,0
0.1,0.0,1.0,2.0,0
9.9,0.0,1.0,0.0,0
0.0,0.0,1.0,0.0,0
0.1,0.0,1.0,2.0,0
0.0,0.0,1.0,2.0,0
0.0,0.0,1.0,0.0,0
0.0,0.0,1.0,0.0,0
0.0,0.0,1.0,0.0,0
0.0,0.0,1.0,0.0,0
2.4,0.0,1.0,12.0,0
0.0,0.0,1.0,0.0,0
0.0,0.0,1.0,0.0,0
0.0,0.0,1.0,0.0,0
0.0,0.0,1.0,0.0,0
0.0,0.0,1.0,2.0,0
2.4,0.0,1.0,6.0,0
0.0,0.0,1.0,0.0,0
0.0,0.0,1.0,0.0,0
0.0,0.0,1.0,0.0,0
0.0,0.0,1.0,0.0,0
0.2,0.0,1.0,0.0,0
0.0,0.0,1.0,0.0,0
0.0,0.0,1.0,0.0,0
0.0,0.0,1.0,0.0,0
0.0,0.0,1.0,0.0,0
0.1,0.0,1.0,0.0,0
0.0,0.0,1.0,0.0,0
0.0,0.0,1.0,0.0,0
0.0,0.0,1.0,0.0,0
0.0,0.0,1.0,0.0,0
0.0,0.0,1.0,0.0,0
0.0,0.0,1.0,0.0,0
0.0,0.0,1.0,4.0,0
0.0,0.0,1.0,0.0,0
0.4,0.0,1.0,0.0,0
0.0,0.0,1.0,0.0,0
0.0,0.0,1.0,0.0,0
0.0,0.0,1.0,2.0,0
0.0,0.0,1.0,0.0,0
0.0,0.0,1.0,0.0,0
0.0,0.0,1.0,0.0,0
0.0,0.0,1.0,0.0,0
0.1,0.0,1.0,0.0,0
0.0,0.0,1.0,0.0,0
0.0,0.0,1.0,0.0,0
0.0,0.0,1.0,0.0,0
0.0,0.0,1.0,0.0,0
0.0,0.0,1.0,0.0,0
0.0,0.0,1.0,0.0,0
0.0,0.0,1.0,0.0,0
0.4,0.0,1.0,0.0,0
0.0,0.0,1.0,0.0,0
0.6,0.0,1.0,0.0,0
0.0,0.0,1.0,0.0,0
0.0,0.0,1.0,0.0,0
0.0,0.0,1.0,0.0,0
0.0,0.0,1.0,0.0,0
0.0,0.0,1.0,2.0,0
0.0,0.0,1.0,0.0,0
0.0,0.0,1.0,0.0,0
0.0,0.0,1.0,0.0,0
0.0,0.0,1.0,0.0,0
0.0,0.0,1.0,0.0,0
0.0,0.0,1.0,1.0,0
0.0,0.0,1.0,0.0,0
0.0,0.0,1.0,0.0,0
0.0,0.0,1.0,0.0,0
0.0,0.0,1.0,1.0,0
0.0,0.0,1.0,0.0,0
0.0,0.0,1.0,0.0,0
0.0,0.0,1.0,1.0,0
0.0,0.0,1.0,0.0,0
0.0,0.0,1.0,0.0,0
0.0,0.0,1.0,4.0,0
0.0,0.0,1.0,0.0,0
0.0,0.0,1.0,0.0,0
0.1,0.0,1.0,0.0,0
0.5,0.0,1.0,16.0,0
0.0,0.0,1.0,0.0,0
0.0,0.0,1.0,1.0,0
0.0,0.0,1.0,0.0,0
0.0,0.0,1.0,0.0,0
0.0,0.0,1.0,0.0,0
0.0,0.0,1.0,0.0,0
0.0,0.0,1.0,0.0,0
1.1,0.0,1.0,0.0,0
0.0,0.0,1.0,0.0,0
0.0,0.0,1.0,0.0,0
0.2,0.0,1.0,0.0,0
0.0,0.0,1.0,4.0,0
0.0,0.0,1.0,0.0,0
0.0,0.0,1.0,0.0,0
0.0,0.0,1.0,0.0,0
0.0,0.0,1.0,0.0,0
0.0,0.0,1.0,0.0,0
0.0,0.0,1.0,0.0,0
0.0,0.0,1.0,0.0,0
0.0,0.0,1.0,0.0,0
0.0,0.0,1.0,0.0,0
0.0,0.0,1.0,0.0,0
0.0,0.0,1.0,0.0,0
0.0,0.0,1.0,2.0,0
0.0,0.0,1.0,0.0,0
0.0,0.0,1.0,0.0,0
0.0,0.0,1.0,0.0,0
0.0,0.0,1.0,0.0,0
0.0,0.0,1.0,2.0,0
0.0,0.0,1.0,5.0,0
0.0,0.0,1.0,0.0,0
0.0,0.0,1.0,0.0,0
0.0,0.0,1.0,308.0,1
0.0,0.0,1.0,0.0,0
0.0,0.0,1.0,0.0,0
0.0,0.0,1.0,0.0,0
0.1,0.0,1.0,0.0,0
0.0,0.0,1.0,0.0,0
0.0,0.0,1.0,0.0,0
0.0,0.0,1.0,0.0,0
0.0,0.0,1.0,0.0,0
0.0,0.0,1.0,0.0,0
0.0,0.0,1.0,0.0,0
0.0,0.0,1.0,0.0,0
0.0,0.0,1.0,0.0,0
0.0,0.0,1.0,0.0,0
0.0,0.0,1.0,0.0,0
0.0,0.0,1.0,0.0,0
0.0,0.0,1.0,5.0,0
0.0,0.0,1.0,0.0,0
0.0,0.0,1.0,0.0,0
0.3,0.0,1.0,0.0,0
0.0,0.0,1.0,0.0,0
0.0,0.0,1.0,0.0,0
0.0,0.0,1.0,0.0,0
0.0,0.0,1.0,0.0,0
0.0,0.0,1.0,0.0,0
0.0,0.0,1.0,16.0,0
0.0,0.0,1.0,0.0,0
0.0,0.0,1.0,0.0,0
0.1,0.0,1.0,0.0,0
0.0,0.0,1.0,0.0,0
0.0,0.0,1.0,12.0,0
0.2,0.0,1.0,0.0,0
0.0,0.0,1.0,0.0,0
0.0,0.0,1.0,0.0,0
0.0,0.0,1.0,0.0,0
0.0,0.0,1.0,0.0,0
0.0,0.0,1.0,0.0,0
0.0,0.0,1.0,10.0,0
0.0,0.0,1.0,0.0,0
0.0,0.0,1.0,0.0,0
0.0,0.0,1.0,0.0,0
0.2,0.0,1.0,0.0,0
0.0,0.0,1.0,0.0,0
0.0,0.0,1.0,0.0,0
0.4,0.0,1.0,1.0,0
0.0,0.0,1.0,0.0,0
0.0,0.0,1.0,0.0,0
0.0,0.0,1.0,0.0,0
0.0,0.0,1.0,0.0,0
0.0,0.0,1.0,0.0,0
0.0,0.0,1.0,0.0,0
0.1,0.0,1.0,0.0,0
0.0,0.0,1.0,2.0,0
0.0,0.0,1.0,0.0,0
0.0,0.0,1.0,0.0,0
0.0,0.0,1.0,0.0,0
0.0,0.0,1.0,0.0,0
0.0,0.0,1.0,0.0,0
0.1,0.0,1.0,16.0,0
0.0,0.0,1.0,0.0,0
0.0,0.0,1.0,1.0,0
0.0,0.0,1.0,0.0,0
0.0,0.0,1.0,0.0,0
0.0,0.0,1.0,0.0,0
0.0,0.0,1.0,0.0,0
0.0,0.0,1.0,0.0,0
0.0,0.0,1.0,0.0,0
0.0,0.0,1.0,0.0,0
0.0,0.0,1.0,0.0,0
17.1,0.0,1.0,2.0,1
0.0,0.0,1.0,0.0,0
0.0,0.0,1.0,0.0,0
0.0,0.0,1.0,0.0,0
0.0,0.0,1.0,0.0,0
0.0,0.0,1.0,0.0,0
0.2,0.0,1.0,0.0,0
0.0,0.0,1.0,0.0,0
0.0,0.0,1.0,0.0,0
0.0,0.0,1.0,0.0,0
0.0,0.0,1.0,0.0,0
0.0,0.0,1.0,0.0,0
0.0,0.0,1.0,0.0,0
0.0,0.0,1.0,0.0,0
0.1,0.0,1.0,9.0,0
0.0,0.0,1.0,0.0,0
0.0,0.0,1.0,0.0,0
0.0,0.0,1.0,0.0,0
0.0,0.0,1.0,0.0,0
0.0,0.0,1.0,0.0,0
0.0,0.0,1.0,0.0,0
1.1,0.0,1.0,0.0,0
0.0,0.0,1.0,0.0,0
0.0,0.0,1.0,0.0,0
0.0,0.0,1.0,0.0,0
0.0,0.0,1.0,0.0,0
0.0,0.0,1.0,0.0,0
0.0,0.0,1.0,0.0,0
0.5,0.0,1.0,0.0,0
0.1,0.0,1.0,3.0,0
0.0,0.0,1.0,0.0,0
0.0,0.0,1.0,0.0,0
0.1,0.0,1.0,0.0,0
0.0,0.0,1.0,0.0,0
0.9,0.0,1.0,0.0,0
5.9,0.0,1.0,0.0,0
0.1,0.0,1.0,2.0,0
0.0,0.0,1.0,0.0,0
0.1,0.0,1.0,0.0,0
0.6,0.0,1.0,0.0,0
0.1,0.0,1.0,0.0,0
0.0,0.0,1.0,0.0,0
0.0,0.0,1.0,0.0,0
0.0,0.0,1.0,0.0,0
0.0,0.0,1.0,0.0,0
0.0,0.0,1.0,0.0,0
0.0,0.0,1.0,0.0,0
0.0,0.0,1.0,0.0,0
0.0,0.0,1.0,0.0,0
0.0,0.0,1.0,0.0,0
0.2,0.0,1.0,18.0,0
0.0,0.0,1.0,0.0,0
0.0,0.0,1.0,0.0,0
0.3,0.0,1.0,2.0,0
0.0,0.0,1.0,0.0,0
0.0,0.0,1.0,0.0,0
0.0,0.0,1.0,0.0,0
0.0,0.0,1.0,0.0,0
0.0,0.0,1.0,0.0,0
0.0,0.0,1.0,0.0,0
0.0,0.0,1.0,0.0,0
0.0,0.0,1.0,0.0,0
0.0,0.0,1.0,0.0,0
0.0,0.0,1.0,0.0,0
0.0,0.0,1.0,0.0,0
0.0,0.0,1.0,0.0,0
0.0,0.0,1.0,0.0,0
0.0,0.0,1.0,0.0,0
0.0,0.0,1.0,0.0,0
0.0,0.0,1.0,2.0,0
0.0,0.0,1.0,0.0,0
2.7,0.0,1.0,0.0,0
0.4,0.0,1.0,0.0,0
0.0,0.0,1.0,0.0,0
0.0,0.0,1.0,0.0,0
0.0,0.0,1.0,0.0,0
0.0,0.0,1.0,0.0,0
0.0,0.0,1.0,0.0,0
0.0,0.0,1.0,0.0,0
0.0,0.0,1.0,0.0,0
0.0,0.0,1.0,0.0,0
0.0,0.0,1.0,0.0,0
0.0,0.0,1.0,0.0,0
0.1,0.0,1.0,0.0,0
0.0,0.0,1.0,0.0,0
0.0,0.0,1.0,0.0,0
0.0,0.0,1.0,0.0,0
0.0,0.0,1.0,0.0,0
0.0,0.0,1.0,0.0,0
0.0,0.0,1.0,1.0,0
0.1,0.0,1.0,8.0,0
0.0,0.0,1.0,0.0,0
0.0,0.0,1.0,0.0,0
0.0,0.0,1.0,0.0,0
19.5,0.0,1.0,0.0,1
0.0,0.0,1.0,0.0,0
0.0,0.0,1.0,0.0,0
0.0,0.0,1.0,1.0,0
0.0,0.0,1.0,0.0,0
0.8,0.0,1.0,0.0,0
0.1,0.0,1.0,6.0,0
3125.8,0.0,1.0,9.0,1
4.4,0.0,1.0,15.0,0
0.0,0.0,1.0,0.0,0
0.0,0.0,1.0,0.0,0
0.2,0.0,1.0,1.0,0
0.1,0.0,1.0,0.0,0
0.0,0.0,1.0,0.0,0
0.0,0.0,1.0,0.0,0
0.0,0.0,1.0,0.0,0
0.0,0.0,1.0,2.0,0
0.1,0.0,1.0,2.0,0
5.3,0.0,1.0,0.0,0
0.0,0.0,1.0,0.0,0
0.1,0.0,1.0,2.0,0
0.0,0.0,1.0,2.0,0
0.0,0.0,1.0,0.0,0
0.0,0.0,1.0,0.0,0
0.1,0.0,1.0,0.0,0
0.0,0.0,1.0,0.0,0
0.3,0.0,1.0,12.0,0
0.0,0.0,1.0,0.0,0
0.0,0.0,1.0,0.0,0
0.0,0.0,1.0,0.0,0
0.0,0.0,1.0,0.0,0
0.0,0.0,1.0,2.0,0
0.3,0.0,1.0,6.0,0
0.0,0.0,1.0,0.0,0
0.0,0.0,1.0,0.0,0
0.0,0.0,1.0,0.0,0
0.0,0.0,1.0,0.0,0
0.1,0.0,1.0,0.0,0
0.0,0.0,1.0,0.0,0
0.0,0.0,1.0,0.0,0
0.0,0.0,1.0,0.0,0
0.0,0.0,1.0,0.0,0
0.0,0.0,1.0,0.0,0
0.0,0.0,1.0,0.0,0
0.0,0.0,1.0,0.0,0
0.0,0.0,1.0,0.0,0
0.0,0.0,1.0,0.0,0
0.0,0.0,1.0,0.0,0
0.0,0.0,1.0,0.0,0
0.0,0.0,1.0,4.0,0
0.0,0.0,1.0,0.0,0
0.5,0.0,1.0,0.0,0
0.0,0.0,1.0,0.0,0
0.0,0.0,1.0,0.0,0
0.0,0.0,1.0,2.0,0
0.0,0.0,1.0,0.0,0
0.0,0.0,1.0,0.0,0
0.0,0.0,1.0,0.0,0
0.0,0.0,1.0,0.0,0
0.9,0.0,1.0,0.0,0
0.0,0.0,1.0,0.0,0
0.1,0.0,1.0,0.0,0
0.0,0.0,1.0,0.0,0
0.0,0.0,1.0,0.0,0
0.0,0.0,1.0,0.0,0
0.0,0.0,1.0,0.0,0
0.0,0.0,1.0,0.0,0
0.3,0.0,1.0,0.0,0
0.0,0.0,1.0,0.0,0
0.7,0.0,1.0,0.0,0
0.0,0.0,1.0,0.0,0
0.0,0.0,1.0,0.0,0
0.0,0.0,1.0,0.0,0
0.0,0.0,1.0,0.0,0
0.0,0.0,1.0,2.0,0
0.0,0.0,1.0,0.0,0
0.0,0.0,1.0,0.0,0
0.0,0.0,1.0,0.0,0
0.0,0.0,1.0,0.0,0
0.0,0.0,1.0,0.0,0
0.0,0.0,1.0,1.0,0
0.0,0.0,1.0,0.0,0
0.0,0.0,1.0,0.0,0
0.0,0.0,1.0,0.0,0
0.0,0.0,1.0,1.0,0
0.0,0.0,1.0,0.0,0
0.0,0.0,1.0,0.0,0
0.0,0.0,1.0,1.0,0
0.0,0.0,1.0,0.0,0
0.0,0.0,1.0,0.0,0
0.0,0.0,1.0,4.0,0
0.0,0.0,1.0,0.0,0
0.0,0.0,1.0,0.0,0
0.0,0.0,1.0,0.0,0
0.2,0.0,1.0,16.0,0
0.0,0.0,1.0,0.0,0
0.0,0.0,1.0,1.0,0
0.0,0.0,1.0,0.0,0
0.0,0.0,1.0,0.0,0
0.0,0.0,1.0,0.0,0
0.0,0.0,1.0,0.0,0
0.0,0.0,1.0,0.0,0
1.1,0.0,1.0,0.0,0
0.0,0.0,1.0,0.0,0
0.0,0.0,1.0,0.0,0
0.2,0.0,1.0,0.0,0
0.0,0.0,1.0,4.0,0
0.0,0.0,1.0,0.0,0
0.0,0.0,1.0,0.0,0
0.0,0.0,1.0,0.0,0
0.0,0.0,1.0,0.0,0
0.0,0.0,1.0,0.0,0
0.0,0.0,1.0,0.0,0
0.0,0.0,1.0,0.0,0
0.0,0.0,1.0,0.0,0
0.0,0.0,1.0,0.0,0
0.0,0.0,1.0,0.0,0
0.0,0.0,1.0,0.0,0
0.0,0.0,1.0,2.0,0
0.0,0.0,1.0,0.0,0
0.0,0.0,1.0,0.0,0
0.0,0.0,1.0,0.0,0
0.0,0.0,1.0,0.0,0
0.0,0.0,1.0,2.0,0
0.0,0.0,1.0,5.0,0
0.0,0.0,1.0,0.0,0
0.0,0.0,1.0,0.0,0
0.0,0.0,1.0,308.0,1
0.0,0.0,1.0,0.0,0
0.0,0.0,1.0,0.0,0
0.0,0.0,1.0,0.0,0
0.1,0.0,1.0,0.0,0
0.0,0.0,1.0,0.0,0
0.0,0.0,1.0,0.0,0
0.0,0.0,1.0,0.0,0
0.0,0.0,1.0,0.0,0
0.0,0.0,1.0,0.0,0
0.0,0.0,1.0,0.0,0
0.0,0.0,1.0,0.0,0
0.0,0.0,1.0,0.0,0
0.0,0.0,1.0,0.0,0
0.0,0.0,1.0,0.0,0
0.0,0.0,1.0,0.0,0
0.0,0.0,1.0,5.0,0
0.0,0.0,1.0,0.0,0
0.0,0.0,1.0,0.0,0
5.9,0.0,1.0,0.0,0
0.0,0.0,1.0,0.0,0
0.0,0.0,1.0,0.0,0
0.0,0.0,1.0,0.0,0
0.0,0.0,1.0,0.0,0
0.0,0.0,1.0,0.0,0
0.0,0.0,1.0,16.0,0
0.0,0.0,1.0,0.0,0
0.0,0.0,1.0,0.0,0
0.3,0.0,1.0,0.0,0
0.0,0.0,1.0,0.0,0
0.0,0.0,1.0,12.0,0
0.3,0.0,1.0,0.0,0
0.0,0.0,1.0,0.0,0
0.0,0.0,1.0,0.0,0
0.0,0.0,1.0,0.0,0
0.0,0.0,1.0,0.0,0
0.0,0.0,1.0,0.0,0
0.0,0.0,1.0,9.0,0
0.0,0.0,1.0,0.0,0
0.0,0.0,1.0,0.0,0
0.0,0.0,1.0,0.0,0
0.6,0.0,1.0,0.0,0
0.0,0.0,1.0,0.0,0
0.0,0.0,1.0,0.0,0
0.2,0.0,1.0,1.0,0
0.0,0.0,1.0,0.0,0
0.0,0.0,1.0,0.0,0
0.0,0.0,1.0,0.0,0
0.1,0.0,1.0,0.0,0
0.0,0.0,1.0,0.0,0
0.0,0.0,1.0,0.0,0
0.1,0.0,1.0,0.0,0
0.0,0.0,1.0,2.0,0
0.0,0.0,1.0,0.0,0
0.0,0.0,1.0,0.0,0
0.0,0.0,1.0,0.0,0
0.0,0.0,1.0,0.0,0
0.0,0.0,1.0,0.0,0
0.0,0.0,1.0,12.0,0
0.0,0.0,1.0,0.0,0
0.0,0.0,1.0,0.0,0
0.0,0.0,1.0,0.0,0
0.0,0.0,1.0,0.0,0
0.0,0.0,1.0,0.0,0
0.0,0.0,1.0,0.0,0
0.0,0.0,1.0,0.0,0
0.0,0.0,1.0,0.0,0
0.0,0.0,1.0,0.0,0
0.0,0.0,1.0,0.0,0
16.9,0.0,1.0,1.0,1
0.0,0.0,1.0,0.0,0
0.0,0.0,1.0,0.0,0
0.0,0.0,1.0,0.0,0
0.0,0.0,1.0,0.0,0
0.0,0.0,1.0,0.0,0
0.0,0.0,1.0,0.0,0
0.0,0.0,1.0,0.0,0
0.0,0.0,1.0,0.0,0
0.0,0.0,1.0,0.0,0
0.0,0.0,1.0,0.0,0
0.0,0.0,1.0,0.0,0
0.0,0.0,1.0,0.0,0
0.0,0.0,1.0,0.0,0
0.0,0.0,1.0,10.0,0
0.0,0.0,1.0,0.0,0
0.0,0.0,1.0,0.0,0
0.0,0.0,1.0,0.0,0
0.0,0.0,1.0,0.0,0
0.0,0.0,1.0,0.0,0
0.0,0.0,1.0,0.0,0
0.8,0.0,1.0,0.0,0
0.0,0.0,1.0,0.0,0
0.0,0.0,1.0,0.0,0
0.0,0.0,1.0,0.0,0
0.0,0.0,1.0,0.0,0
0.0,0.0,1.0,0.0,0
0.0,0.0,1.0,0.0,0
1.2,0.0,1.0,0.0,0
0.0,0.0,1.0,3.0,0
0.0,0.0,1.0,0.0,0
0.0,0.0,1.0,0.0,0
0.0,0.0,1.0,0.0,0
0.0,0.0,1.0,0.0,0
1.2,0.0,1.0,0.0,0
4.6,0.0,1.0,0.0,0
0.0,0.0,1.0,2.0,0
0.0,0.0,1.0,0.0,0
0.0,0.0,1.0,0.0,0
0.0,0.0,1.0,0.0,0
0.1,0.0,1.0,0.0,0
0.0,0.0,1.0,0.0,0
0.0,0.0,1.0,0.0,0
0.0,0.0,1.0,0.0,0
0.0,0.0,1.0,0.0,0
0.0,0.0,1.0,0.0,0
0.0,0.0,1.0,0.0,0
0.0,0.0,1.0,0.0,0
0.0,0.0,1.0,0.0,0
0.0,0.0,1.0,0.0,0
0.1,0.0,1.0,16.0,0
0.0,0.0,1.0,0.0,0
0.0,0.0,1.0,0.0,0
0.2,0.0,1.0,2.0,0
0.0,0.0,1.0,0.0,0
0.0,0.0,1.0,0.0,0
0.0,0.0,1.0,0.0,0
0.0,0.0,1.0,0.0,0
0.0,0.0,1.0,0.0,0
0.0,0.0,1.0,0.0,0
0.0,0.0,1.0,0.0,0
0.1,0.0,1.0,0.0,0
0.0,0.0,1.0,0.0,0
0.0,0.0,1.0,0.0,0
0.0,0.0,1.0,0.0,0
0.0,0.0,1.0,0.0,0
0.0,0.0,1.0,0.0,0
0.0,0.0,1.0,0.0,0
0.0,0.0,1.0,0.0,0
0.0,0.0,1.0,2.0,0
0.0,0.0,1.0,0.0,0
2.7,0.0,1.0,0.0,0
0.3,0.0,1.0,0.0,0
0.0,0.0,1.0,0.0,0
0.0,0.0,1.0,0.0,0
0.0,0.0,1.0,0.0,0
0.0,0.0,1.0,0.0,0
0.0,0.0,1.0,0.0,0
0.0,0.0,1.0,0.0,0
0.0,0.0,1.0,0.0,0
0.0,0.0,1.0,0.0,0
0.0,0.0,1.0,0.0,0
0.0,0.0,1.0,0.0,0
0.0,0.0,1.0,0.0,0
0.0,0.0,1.0,0.0,0
0.0,0.0,1.0,0.0,0
0.1,0.0,1.0,0.0,0
0.0,0.0,1.0,0.0,0
0.0,0.0,1.0,1.0,0
0.1,0.0,1.0,8.0,0
0.0,0.0,1.0,0.0,0
0.0,0.0,1.0,0.0,0
0.0,0.0,1.0,0.0,0
18.6,0.0,1.0,0.0,1
0.0,0.0,1.0,0.0,0
0.0,0.0,1.0,0.0,0
0.0,0.0,1.0,1.0,0
0.0,0.0,1.0,1.0,0
0.0,0.0,1.0,0.0,0
0.7,0.0,1.0,0.0,0
0.0,0.0,1.0,6.0,0
3124.0,0.0,1.0,13.0,1
3.7,0.0,1.0,15.0,0
0.0,0.0,1.0,0.0,0
0.0,0.0,1.0,0.0,0
0.2,0.0,1.0,1.0,0
0.0,0.0,1.0,0.0,0
0.0,0.0,1.0,0.0,0
0.0,0.0,1.0,0.0,0
0.0,0.0,1.0,0.0,0
0.0,0.0,1.0,2.0,0
0.1,0.0,1.0,2.0,0
6.2,0.0,1.0,0.0,0
0.0,0.0,1.0,0.0,0
0.1,0.0,1.0,2.0,0
0.0,0.0,1.0,2.0,0
0.0,0.0,1.0,0.0,0
0.0,0.0,1.0,0.0,0
0.0,0.0,1.0,0.0,0
0.0,0.0,1.0,0.0,0
0.9,0.0,1.0,12.0,0
0.0,0.0,1.0,0.0,0
0.0,0.0,1.0,0.0,0
0.0,0.0,1.0,0.0,0
0.0,0.0,1.0,0.0,0
0.0,0.0,1.0,2.0,0
0.6,0.0,1.0,6.0,0
0.0,0.0,1.0,0.0,0
0.0,0.0,1.0,0.0,0
0.0,0.0,1.0,0.0,0
0.0,0.0,1.0,0.0,0
0.2,0.0,1.0,0.0,0
0.0,0.0,1.0,0.0,0
0.0,0.0,1.0,0.0,0
0.0,0.0,1.0,0.0,0
0.0,0.0,1.0,0.0,0
0.0,0.0,1.0,0.0,0
0.0,0.0,1.0,0.0,0
0.0,0.0,1.0,0.0,0
0.1,0.0,1.0,0.0,0
0.0,0.0,1.0,0.0,0
0.0,0.0,1.0,0.0,0
0.0,0.0,1.0,0.0,0
0.0,0.0,1.0,4.0,0
0.0,0.0,1.0,0.0,0
0.5,0.0,1.0,0.0,0
0.0,0.0,1.0,0.0,0
0.0,0.0,1.0,0.0,0
0.0,0.0,1.0,2.0,0
0.0,0.0,1.0,0.0,0
0.0,0.0,1.0,0.0,0
0.0,0.0,1.0,0.0,0
0.0,0.0,1.0,0.0,0
0.0,0.0,1.0,0.0,0
0.0,0.0,1.0,0.0,0
0.1,0.0,1.0,0.0,0
0.0,0.0,1.0,0.0,0
0.0,0.0,1.0,0.0,0
0.0,0.0,1.0,0.0,0
0.0,0.0,1.0,0.0,0
0.0,0.0,1.0,0.0,0
0.3,0.0,1.0,0.0,0
0.0,0.0,1.0,0.0,0
0.7,0.0,1.0,0.0,0
0.0,0.0,1.0,0.0,0
0.0,0.0,1.0,0.0,0
0.0,0.0,1.0,0.0,0
0.0,0.0,1.0,0.0,0
0.0,0.0,1.0,2.0,0
0.0,0.0,1.0,0.0,0
0.0,0.0,1.0,0.0,0
0.0,0.0,1.0,0.0,0
0.0,0.0,1.0,0.0,0
0.0,0.0,1.0,0.0,0
0.0,0.0,1.0,1.0,0
0.0,0.0,1.0,0.0,0
0.0,0.0,1.0,0.0,0
0.0,0.0,1.0,0.0,0
0.0,0.0,1.0,1.0,0
0.0,0.0,1.0,0.0,0
0.0,0.0,1.0,0.0,0
0.0,0.0,1.0,1.0,0
0.0,0.0,1.0,0.0,0
0.0,0.0,1.0,0.0,0
0.0,0.0,1.0,4.0,0
0.0,0.0,1.0,0.0,0
0.0,0.0,1.0,0.0,0
0.0,0.0,1.0,0.0,0
1.3,0.0,1.0,16.0,0
0.0,0.0,1.0,0.0,0
0.0,0.0,1.0,1.0,0
0.0,0.0,1.0,0.0,0
0.0,0.0,1.0,0.0,0
0.0,0.0,1.0,0.0,0
0.0,0.0,1.0,0.0,0
0.0,0.0,1.0,0.0,0
1.5,0.0,1.0,0.0,0
0.0,0.0,1.0,0.0,0
0.0,0.0,1.0,0.0,0
0.1,0.0,1.0,0.0,0
0.0,0.0,1.0,4.0,0
0.0,0.0,1.0,0.0,0
0.0,0.0,1.0,0.0,0
0.0,0.0,1.0,0.0,0
0.0,0.0,1.0,0.0,0
0.0,0.0,1.0,0.0,0
0.0,0.0,1.0,0.0,0
0.0,0.0,1.0,0.0,0
0.0,0.0,1.0,0.0,0
0.0,0.0,1.0,0.0,0
0.0,0.0,1.0,0.0,0
0.0,0.0,1.0,0.0,0
0.0,0.0,1.0,2.0,0
0.0,0.0,1.0,0.0,0
0.0,0.0,1.0,0.0,0
0.0,0.0,1.0,0.0,0
0.0,0.0,1.0,0.0,0
0.0,0.0,1.0,2.0,0
0.0,0.0,1.0,5.0,0
0.0,0.0,1.0,0.0,0
0.0,0.0,1.0,0.0,0
0.0,0.0,1.0,308.0,1
0.0,0.0,1.0,0.0,0
0.0,0.0,1.0,0.0,0
0.0,0.0,1.0,0.0,0
0.0,0.0,1.0,0.0,0
0.0,0.0,1.0,0.0,0
0.0,0.0,1.0,0.0,0
0.0,0.0,1.0,0.0,0
0.0,0.0,1.0,0.0,0
0.0,0.0,1.0,0.0,0
0.0,0.0,1.0,0.0,0
0.0,0.0,1.0,0.0,0
0.0,0.0,1.0,0.0,0
0.0,0.0,1.0,0.0,0
0.0,0.0,1.0,0.0,0
0.0,0.0,1.0,0.0,0
0.1,0.0,1.0,5.0,0
0.0,0.0,1.0,0.0,0
0.0,0.0,1.0,0.0,0
0.0,0.0,1.0,0.0,0
0.0,0.0,1.0,0.0,0
0.0,0.0,1.0,0.0,0
0.0,0.0,1.0,0.0,0
0.0,0.0,1.0,0.0,0
0.0,0.0,1.0,0.0,0
0.0,0.0,1.0,16.0,0
0.0,0.0,1.0,0.0,0
0.0,0.0,1.0,0.0,0
0.3,0.0,1.0,0.0,0
0.0,0.0,1.0,0.0,0
0.0,0.0,1.0,11.0,0
0.3,0.0,1.0,0.0,0
0.0,0.0,1.0,0.0,0
0.0,0.0,1.0,0.0,0
0.0,0.0,1.0,0.0,0
0.0,0.0,1.0,0.0,0
0.0,0.0,1.0,0.0,0
0.0,0.0,1.0,9.0,0
0.0,0.0,1.0,0.0,0
0.0,0.0,1.0,0.0,0
0.0,0.0,1.0,0.0,0
0.0,0.0,1.0,0.0,0
0.0,0.0,1.0,0.0,0
0.0,0.0,1.0,0.0,0
0.1,0.0,1.0,1.0,0
0.0,0.0,1.0,0.0,0
0.0,0.0,1.0,0.0,0
0.0,0.0,1.0,0.0,0
0.0,0.0,1.0,0.0,0
0.0,0.0,1.0,0.0,0
0.0,0.0,1.0,0.0,0
0.0,0.0,1.0,0.0,0
0.0,0.0,1.0,2.0,0
0.0,0.0,1.0,0.0,0
0.0,0.0,1.0,0.0,0
0.0,0.0,1.0,0.0,0
0.0,0.0,1.0,0.0,0
0.0,0.0,1.0,0.0,0
0.0,0.0,1.0,10.0,0
0.0,0.0,1.0,0.0,0
0.0,0.0,1.0,0.0,0
0.0,0.0,1.0,0.0,0
0.0,0.0,1.0,0.0,0
0.0,0.0,1.0,0.0,0
0.0,0.0,1.0,0.0,0
0.0,0.0,1.0,0.0,0
0.0,0.0,1.0,0.0,0
0.0,0.0,1.0,0.0,0
16.8,0.0,1.0,1.0,1
0.0,0.0,1.0,0.0,0
0.0,0.0,1.0,0.0,0
0.0,0.0,1.0,0.0,0
0.0,0.0,1.0,0.0,0
0.0,0.0,1.0,0.0,0
0.0,0.0,1.0,0.0,0
0.0,0.0,1.0,0.0,0
0.0,0.0,1.0,0.0,0
0.0,0.0,1.0,0.0,0
0.0,0.0,1.0,0.0,0
0.0,0.0,1.0,0.0,0
0.0,0.0,1.0,0.0,0
0.0,0.0,1.0,0.0,0
0.0,0.0,1.0,9.0,0
0.0,0.0,1.0,0.0,0
0.0,0.0,1.0,0.0,0
0.0,0.0,1.0,0.0,0
0.0,0.0,1.0,0.0,0
0.0,0.0,1.0,0.0,0
0.0,0.0,1.0,0.0,0
0.7,0.0,1.0,0.0,0
0.0,0.0,1.0,0.0,0
0.0,0.0,1.0,0.0,0
0.0,0.0,1.0,0.0,0
0.0,0.0,1.0,0.0,0
0.0,0.0,1.0,0.0,0
0.0,0.0,1.0,0.0,0
0.5,0.0,1.0,0.0,0
0.1,0.0,1.0,2.0,0
0.0,0.0,1.0,0.0,0
0.0,0.0,1.0,0.0,0
0.0,0.0,1.0,0.0,0
0.0,0.0,1.0,0.0,0
1.2,0.0,1.0,0.0,0
3.2,0.0,1.0,0.0,0
0.1,0.0,1.0,2.0,0
0.0,0.0,1.0,0.0,0
0.0,0.0,1.0,0.0,0
0.0,0.0,1.0,0.0,0
0.0,0.0,1.0,0.0,0
0.0,0.0,1.0,0.0,0
0.0,0.0,1.0,0.0,0
0.0,0.0,1.0,0.0,0
0.0,0.0,1.0,0.0,0
0.1,0.0,1.0,0.0,0
0.0,0.0,1.0,0.0,0
0.0,0.0,1.0,0.0,0
0.1,0.0,1.0,0.0,0
0.0,0.0,1.0,0.0,0
0.2,0.0,1.0,17.0,0
0.0,0.0,1.0,0.0,0
0.0,0.0,1.0,0.0,0
0.2,0.0,1.0,2.0,0
0.0,0.0,1.0,0.0,0
0.0,0.0,1.0,0.0,0
0.0,0.0,1.0,0.0,0
0.0,0.0,1.0,0.0,0
0.0,0.0,1.0,0.0,0
0.0,0.0,1.0,0.0,0
0.0,0.0,1.0,0.0,0
0.0,0.0,1.0,0.0,0
0.0,0.0,1.0,0.0,0
0.0,0.0,1.0,0.0,0
0.0,0.0,1.0,0.0,0
0.0,0.0,1.0,0.0,0
0.0,0.0,1.0,0.0,0
0.0,0.0,1.0,0.0,0
0.0,0.0,1.0,0.0,0
0.0,0.0,1.0,1.0,0
0.0,0.0,1.0,0.0,0
2.9,0.0,1.0,0.0,0
0.3,0.0,1.0,0.0,0
0.0,0.0,1.0,0.0,0
0.0,0.0,1.0,0.0,0
0.0,0.0,1.0,0.0,0
0.0,0.0,1.0,0.0,0
0.0,0.0,1.0,0.0,0
0.0,0.0,1.0,0.0,0
0.0,0.0,1.0,0.0,0
0.0,0.0,1.0,0.0,0
0.0,0.0,1.0,0.0,0
0.1,0.0,1.0,0.0,0
0.0,0.0,1.0,0.0,0
0.0,0.0,1.0,0.0,0
0.0,0.0,1.0,0.0,0
0.0,0.0,1.0,0.0,0
0.0,0.0,1.0,0.0,0
0.0,0.0,1.0,1.0,0
0.1,0.0,1.0,8.0,0
0.0,0.0,1.0,0.0,0
0.0,0.0,1.0,0.0,0
0.0,0.0,1.0,0.0,0
26.5,0.0,1.0,0.0,1
0.0,0.0,1.0,0.0,0
0.0,0.0,1.0,0.0,0
0.0,0.0,1.0,1.0,0
0.0,0.0,1.0,1.0,0
0.0,0.0,1.0,0.0,0
0.8,0.0,1.0,0.0,0
0.0,0.0,1.0,5.0,0
3126.7,0.0,1.0,6.0,1
2.7,0.0,1.0,15.0,0
0.0,0.0,1.0,0.0,0
0.0,0.0,1.0,0.0,0
0.0,0.0,1.0,1.0,0
0.0,0.0,1.0,0.0,0
0.0,0.0,1.0,0.0,0
0.0,0.0,1.0,0.0,0
0.0,0.0,1.0,0.0,0
0.0,0.0,1.0,2.0,0
0.1,0.0,1.0,2.0,0
1.9,0.0,1.0,0.0,0
0.0,0.0,1.0,0.0,0
0.1,0.0,1.0,2.0,0
0.1,0.0,1.0,2.0,0
0.0,0.0,1.0,0.0,0
0.0,0.0,1.0,0.0,0
0.0,0.0,1.0,0.0,0
0.1,0.0,1.0,0.0,0
0.3,0.0,1.0,12.0,0
0.0,0.0,1.0,0.0,0
0.0,0.0,1.0,0.0,0
0.0,0.0,1.0,0.0,0
0.0,0.0,1.0,0.0,0
0.0,0.0,1.0,2.0,0
0.5,0.0,1.0,4.0,0
0.0,0.0,1.0,0.0,0
0.0,0.0,1.0,0.0,0
0.0,0.0,1.0,0.0,0
0.0,0.0,1.0,0.0,0
0.2,0.0,1.0,0.0,0
0.0,0.0,1.0,0.0,0
0.0,0.0,1.0,0.0,0
0.0,0.0,1.0,0.0,0
0.0,0.0,1.0,0.0,0
0.0,0.0,1.0,0.0,0
0.0,0.0,1.0,0.0,0
0.0,0.0,1.0,0.0,0
0.0,0.0,1.0,0.0,0
0.0,0.0,1.0,0.0,0
0.0,0.0,1.0,0.0,0
0.0,0.0,1.0,0.0,0
0.0,0.0,1.0,4.0,0
0.0,0.0,1.0,0.0,0
0.4,0.0,1.0,0.0,0
0.0,0.0,1.0,0.0,0
0.0,0.0,1.0,0.0,0
0.0,0.0,1.0,2.0,0
0.0,0.0,1.0,0.0,0
0.0,0.0,1.0,0.0,0
0.0,0.0,1.0,0.0,0
0.0,0.0,1.0,0.0,0
0.0,0.0,1.0,0.0,0
0.0,0.0,1.0,0.0,0
0.0,0.0,1.0,0.0,0
0.0,0.0,1.0,0.0,0
0.0,0.0,1.0,0.0,0
0.0,0.0,1.0,0.0,0
0.0,0.0,1.0,0.0,0
0.0,0.0,1.0,0.0,0
0.3,0.0,1.0,0.0,0
0.0,0.0,1.0,0.0,0
0.7,0.0,1.0,0.0,0
0.0,0.0,1.0,0.0,0
0.0,0.0,1.0,0.0,0
0.0,0.0,1.0,0.0,0
0.0,0.0,1.0,0.0,0
0.0,0.0,1.0,2.0,0
0.0,0.0,1.0,0.0,0
0.0,0.0,1.0,0.0,0
0.0,0.0,1.0,0.0,0
0.0,0.0,1.0,0.0,0
0.0,0.0,1.0,0.0,0
0.0,0.0,1.0,1.0,0
0.1,0.0,1.0,0.0,0
0.0,0.0,1.0,0.0,0
0.0,0.0,1.0,0.0,0
0.0,0.0,1.0,1.0,0
0.0,0.0,1.0,0.0,0
0.0,0.0,1.0,0.0,0
0.0,0.0,1.0,1.0,0
0.0,0.0,1.0,0.0,0
0.0,0.0,1.0,0.0,0
0.0,0.0,1.0,4.0,0
0.0,0.0,1.0,0.0,0
0.0,0.0,1.0,0.0,0
0.1,0.0,1.0,0.0,0
0.2,0.0,1.0,16.0,0
0.0,0.0,1.0,0.0,0
0.0,0.0,1.0,1.0,0
0.0,0.0,1.0,0.0,0
0.0,0.0,1.0,0.0,0
0.0,0.0,1.0,0.0,0
0.0,0.0,1.0,0.0,0
0.0,0.0,1.0,0.0,0
2.4,0.0,1.0,0.0,0
0.0,0.0,1.0,0.0,0
0.0,0.0,1.0,0.0,0
0.2,0.0,1.0,0.0,0
0.0,0.0,1.0,4.0,0
0.0,0.0,1.0,0.0,0
0.0,0.0,1.0,0.0,0
0.0,0.0,1.0,0.0,0
0.0,0.0,1.0,0.0,0
0.0,0.0,1.0,0.0,0
0.0,0.0,1.0,0.0,0
0.0,0.0,1.0,0.0,0
0.0,0.0,1.0,0.0,0
0.0,0.0,1.0,0.0,0
0.0,0.0,1.0,0.0,0
0.0,0.0,1.0,0.0,0
0.0,0.0,1.0,2.0,0
0.0,0.0,1.0,0.0,0
0.0,0.0,1.0,0.0,0
0.0,0.0,1.0,0.0,0
0.0,0.0,1.0,0.0,0
0.0,0.0,1.0,2.0,0
0.0,0.0,1.0,5.0,0
0.0,0.0,1.0,0.0,0
0.0,0.0,1.0,0.0,0
0.0,0.0,1.0,308.0,1
0.0,0.0,1.0,0.0,0
0.0,0.0,1.0,0.0,0
0.0,0.0,1.0,0.0,0
0.0,0.0,1.0,0.0,0
0.0,0.0,1.0,0.0,0
0.0,0.0,1.0,0.0,0
0.0,0.0,1.0,0.0,0
0.0,0.0,1.0,0.0,0
0.0,0.0,1.0,0.0,0
0.0,0.0,1.0,0.0,0
0.0,0.0,1.0,0.0,0
0.0,0.0,1.0,0.0,0
0.0,0.0,1.0,0.0,0
0.0,0.0,1.0,0.0,0
0.0,0.0,1.0,0.0,0
0.0,0.0,1.0,5.0,0
0.0,0.0,1.0,0.0,0
0.0,0.0,1.0,0.0,0
0.0,0.0,1.0,0.0,0
0.0,0.0,1.0,0.0,0
0.0,0.0,1.0,0.0,0
0.0,0.0,1.0,0.0,0
0.0,0.0,1.0,0.0,0
0.0,0.0,1.0,0.0,0
0.0,0.0,1.0,16.0,0
0.0,0.0,1.0,0.0,0
0.0,0.0,1.0,0.0,0
0.2,0.0,1.0,0.0,0
0.0,0.0,1.0,0.0,0
0.0,0.0,1.0,11.0,0
0.3,0.0,1.0,0.0,0
0.0,0.0,1.0,0.0,0
0.0,0.0,1.0,0.0,0
0.0,0.0,1.0,0.0,0
0.0,0.0,1.0,0.0,0
0.0,0.0,1.0,0.0,0
0.2,0.0,1.0,9.0,0
0.0,0.0,1.0,0.0,0
0.0,0.0,1.0,0.0,0
0.0,0.0,1.0,0.0,0
0.0,0.0,1.0,0.0,0
0.0,0.0,1.0,0.0,0
0.0,0.0,1.0,0.0,0
0.1,0.0,1.0,1.0,0
0.0,0.0,1.0,0.0,0
0.0,0.0,1.0,0.0,0
0.0,0.0,1.0,0.0,0
0.0,0.0,1.0,0.0,0
0.0,0.0,1.0,0.0,0
0.0,0.0,1.0,0.0,0
0.1,0.0,1.0,0.0,0
0.0,0.0,1.0,2.0,0
0.0,0.0,1.0,0.0,0
0.0,0.0,1.0,0.0,0
0.0,0.0,1.0,0.0,0
0.0,0.0,1.0,0.0,0
0.0,0.0,1.0,0.0,0
0.0,0.0,1.0,9.0,0
0.0,0.0,1.0,0.0,0
0.0,0.0,1.0,0.0,0
0.0,0.0,1.0,0.0,0
0.0,0.0,1.0,0.0,0
0.0,0.0,1.0,0.0,0
0.0,0.0,1.0,0.0,0
0.0,0.0,1.0,0.0,0
0.0,0.0,1.0,0.0,0
0.0,0.0,1.0,0.0,0
16.4,0.0,1.0,1.0,1
0.0,0.0,1.0,0.0,0
0.0,0.0,1.0,0.0,0
0.0,0.0,1.0,0.0,0
0.0,0.0,1.0,0.0,0
0.1,0.0,1.0,0.0,0
0.0,0.0,1.0,0.0,0
0.0,0.0,1.0,0.0,0
0.0,0.0,1.0,0.0,0
0.0,0.0,1.0,0.0,0
0.0,0.0,1.0,0.0,0
0.0,0.0,1.0,0.0,0
0.0,0.0,1.0,0.0,0
0.0,0.0,1.0,9.0,0
0.0,0.0,1.0,0.0,0
0.0,0.0,1.0,0.0,0
0.0,0.0,1.0,2.0,0
0.0,0.0,1.0,0.0,0
0.0,0.0,1.0,0.0,0
0.0,0.0,1.0,0.0,0
0.0,0.0,1.0,0.0,0
0.8,0.0,1.0,0.0,0
0.0,0.0,1.0,0.0,0
0.0,0.0,1.0,0.0,0
0.0,0.0,1.0,0.0,0
0.1,0.0,1.0,0.0,0
0.0,0.0,1.0,0.0,0
0.0,0.0,1.0,0.0,0
0.6,0.0,1.0,0.0,0
0.0,0.0,1.0,1.0,0
0.0,0.0,1.0,0.0,0
0.0,0.0,1.0,0.0,0
0.0,0.0,1.0,0.0,0
0.0,0.0,1.0,0.0,0
1.7,0.0,1.0,0.0,0
0.4,0.0,1.0,0.0,0
0.0,0.0,1.0,1.0,0
0.0,0.0,1.0,2.0,0
0.0,0.0,1.0,0.0,0
0.0,0.0,1.0,0.0,0
0.0,0.0,1.0,0.0,0
0.1,0.0,1.0,0.0,0
0.0,0.0,1.0,0.0,0
0.0,0.0,1.0,0.0,0
0.0,0.0,1.0,0.0,0
0.0,0.0,1.0,0.0,0
0.1,0.0,1.0,0.0,0
0.0,0.0,1.0,0.0,0
0.0,0.0,1.0,0.0,0
0.0,0.0,1.0,0.0,0
0.0,0.0,1.0,0.0,0
0.0,0.0,1.0,15.0,0
0.0,0.0,1.0,0.0,0
0.0,0.0,1.0,0.0,0
0.1,0.0,1.0,2.0,0
0.0,0.0,1.0,0.0,0
0.0,0.0,1.0,0.0,0
0.0,0.0,1.0,0.0,0
0.0,0.0,1.0,0.0,0
0.0,0.0,1.0,0.0,0
0.0,0.0,1.0,0.0,0
0.0,0.0,1.0,0.0,0
0.0,0.0,1.0,0.0,0
0.0,0.0,1.0,0.0,0
0.0,0.0,1.0,0.0,0
0.0,0.0,1.0,0.0,0
0.0,0.0,1.0,0.0,0
0.0,0.0,1.0,0.0,0
0.0,0.0,1.0,0.0,0
0.0,0.0,1.0,0.0,0
0.0,0.0,1.0,1.0,0
0.0,0.0,1.0,0.0,0
0.0,0.0,1.0,0.0,0
2.8,0.0,1.0,0.0,0
0.3,0.0,1.0,0.0,0
0.0,0.0,1.0,0.0,0
0.0,0.0,1.0,0.0,0
0.0,0.0,1.0,0.0,0
0.0,0.0,1.0,0.0,0
0.0,0.0,1.0,0.0,0
0.0,0.0,1.0,0.0,0
0.0,0.0,1.0,0.0,0
0.0,0.0,1.0,0.0,0
0.0,0.0,1.0,0.0,0
0.1,0.0,1.0,0.0,0
0.0,0.0,1.0,0.0,0
0.0,0.0,1.0,0.0,0
0.0,0.0,1.0,0.0,0
0.0,0.0,1.0,0.0,0
0.0,0.0,1.0,0.0,0
0.0,0.0,1.0,1.0,0
0.1,0.0,1.0,8.0,0
0.0,0.0,1.0,0.0,0
0.0,0.0,1.0,0.0,0
0.0,0.0,1.0,0.0,0
31.8,0.0,1.0,0.0,1
0.0,0.0,1.0,0.0,0
0.0,0.0,1.0,0.0,0
0.0,0.0,1.0,1.0,0
0.0,0.0,1.0,0.0,0
1.2,0.0,1.0,0.0,0
0.1,0.0,1.0,5.0,0
3125.8,0.0,1.0,15.0,1
5.8,0.0,1.0,15.0,0
0.0,0.0,1.0,0.0,0
0.0,0.0,1.0,0.0,0
0.1,0.0,1.0,1.0,0
0.1,0.0,1.0,0.0,0
0.0,0.0,1.0,0.0,0
0.0,0.0,1.0,0.0,0
0.0,0.0,1.0,0.0,0
0.0,0.0,1.0,2.0,0
0.2,0.0,1.0,2.0,0
5.8,0.0,1.0,0.0,0
0.0,0.0,1.0,0.0,0
0.1,0.0,1.0,2.0,0
0.1,0.0,1.0,2.0,0
0.0,0.0,1.0,0.0,0
0.0,0.0,1.0,0.0,0
0.0,0.0,1.0,0.0,0
0.0,0.0,1.0,0.0,0
0.6,0.0,1.0,12.0,0
0.0,0.0,1.0,0.0,0
0.0,0.0,1.0,0.0,0
0.0,0.0,1.0,0.0,0
0.0,0.0,1.0,0.0,0
0.0,0.0,1.0,2.0,0
0.3,0.0,1.0,6.0,0
0.0,0.0,1.0,0.0,0
0.0,0.0,1.0,0.0,0
0.0,0.0,1.0,0.0,0
0.0,0.0,1.0,0.0,0
0.1,0.0,1.0,0.0,0
0.0,0.0,1.0,0.0,0
0.0,0.0,1.0,0.0,0
0.0,0.0,1.0,0.0,0
0.0,0.0,1.0,0.0,0
0.0,0.0,1.0,0.0,0
0.0,0.0,1.0,0.0,0
0.0,0.0,1.0,0.0,0
0.0,0.0,1.0,0.0,0
0.0,0.0,1.0,0.0,0
0.0,0.0,1.0,0.0,0
0.0,0.0,1.0,0.0,0
0.0,0.0,1.0,4.0,0
0.0,0.0,1.0,0.0,0
0.5,0.0,1.0,0.0,0
0.0,0.0,1.0,0.0,0
0.0,0.0,1.0,0.0,0
0.0,0.0,1.0,2.0,0
0.0,0.0,1.0,0.0,0
0.0,0.0,1.0,0.0,0
0.0,0.0,1.0,0.0,0
0.0,0.0,1.0,0.0,0
0.0,0.0,1.0,0.0,0
0.0,0.0,1.0,0.0,0
0.2,0.0,1.0,0.0,0
0.0,0.0,1.0,0.0,0
0.0,0.0,1.0,0.0,0
0.0,0.0,1.0,0.0,0
0.0,0.0,1.0,0.0,0
0.0,0.0,1.0,0.0,0
0.3,0.0,1.0,0.0,0
0.0,0.0,1.0,0.0,0
0.7,0.0,1.0,0.0,0
0.0,0.0,1.0,0.0,0
0.0,0.0,1.0,0.0,0
0.1,0.0,1.0,0.0,0
0.0,0.0,1.0,0.0,0
0.0,0.0,1.0,2.0,0
0.0,0.0,1.0,0.0,0
0.0,0.0,1.0,0.0,0
0.0,0.0,1.0,0.0,0
0.0,0.0,1.0,0.0,0
0.0,0.0,1.0,0.0,0
0.0,0.0,1.0,1.0,0
0.1,0.0,1.0,0.0,0
0.0,0.0,1.0,0.0,0
0.0,0.0,1.0,0.0,0
0.0,0.0,1.0,1.0,0
0.0,0.0,1.0,0.0,0
0.0,0.0,1.0,0.0,0
0.0,0.0,1.0,1.0,0
0.0,0.0,1.0,0.0,0
0.0,0.0,1.0,0.0,0
0.0,0.0,1.0,4.0,0
0.0,0.0,1.0,0.0,0
0.0,0.0,1.0,0.0,0
0.0,0.0,1.0,0.0,0
3.5,0.0,1.0,16.0,0
0.0,0.0,1.0,0.0,0
0.0,0.0,1.0,1.0,0
0.0,0.0,1.0,0.0,0
0.0,0.0,1.0,0.0,0
0.0,0.0,1.0,0.0,0
0.0,0.0,1.0,0.0,0
0.0,0.0,1.0,0.0,0
1.1,0.0,1.0,0.0,0
0.0,0.0,1.0,0.0,0
0.0,0.0,1.0,0.0,0
0.3,0.0,1.0,0.0,0
0.0,0.0,1.0,4.0,0
0.0,0.0,1.0,0.0,0
0.0,0.0,1.0,0.0,0
0.0,0.0,1.0,0.0,0
0.0,0.0,1.0,0.0,0
0.1,0.0,1.0,0.0,0
0.0,0.0,1.0,0.0,0
0.0,0.0,1.0,0.0,0
0.0,0.0,1.0,0.0,0
0.0,0.0,1.0,0.0,0
0.0,0.0,1.0,0.0,0
0.0,0.0,1.0,0.0,0
0.0,0.0,1.0,2.0,0
0.0,0.0,1.0,0.0,0
0.0,0.0,1.0,0.0,0
0.0,0.0,1.0,0.0,0
0.0,0.0,1.0,0.0,0
0.0,0.0,1.0,2.0,0
0.0,0.0,1.0,5.0,0
0.0,0.0,1.0,0.0,0
0.0,0.0,1.0,0.0,0
0.1,0.0,1.0,308.0,1
0.0,0.0,1.0,0.0,0
0.0,0.0,1.0,0.0,0
0.0,0.0,1.0,0.0,0
0.3,0.0,1.0,0.0,0
0.0,0.0,1.0,0.0,0
0.0,0.0,1.0,0.0,0
0.0,0.0,1.0,0.0,0
0.0,0.0,1.0,0.0,0
0.0,0.0,1.0,0.0,0
0.0,0.0,1.0,0.0,0
0.0,0.0,1.0,0.0,0
0.0,0.0,1.0,0.0,0
0.0,0.0,1.0,0.0,0
0.0,0.0,1.0,0.0,0
0.0,0.0,1.0,0.0,0
0.1,0.0,1.0,5.0,0
0.0,0.0,1.0,0.0,0
0.0,0.0,1.0,0.0,0
0.0,0.0,1.0,0.0,0
0.0,0.0,1.0,0.0,0
0.0,0.0,1.0,0.0,0
0.0,0.0,1.0,0.0,0
0.0,0.0,1.0,0.0,0
0.0,0.0,1.0,1.0,0
0.0,0.0,1.0,0.0,0
0.0,0.0,1.0,16.0,0
0.0,0.0,1.0,0.0,0
0.0,0.0,1.0,0.0,0
0.1,0.0,1.0,0.0,0
0.0,0.0,1.0,0.0,0
0.0,0.0,1.0,14.0,0
0.2,0.0,1.0,0.0,0
0.0,0.0,1.0,0.0,0
0.0,0.0,1.0,0.0,0
0.0,0.0,1.0,0.0,0
0.0,0.0,1.0,0.0,0
0.0,0.0,1.0,0.0,0
0.1,0.0,1.0,10.0,0
0.0,0.0,1.0,0.0,0
0.0,0.0,1.0,0.0,0
0.0,0.0,1.0,0.0,0
0.0,0.0,1.0,0.0,0
0.0,0.0,1.0,0.0,0
0.0,0.0,1.0,0.0,0
0.2,0.0,1.0,1.0,0
0.0,0.0,1.0,0.0,0
0.0,0.0,1.0,0.0,0
0.1,0.0,1.0,0.0,0
0.0,0.0,1.0,0.0,0
0.0,0.0,1.0,0.0,0
0.0,0.0,1.0,0.0,0
0.1,0.0,1.0,0.0,0
0.0,0.0,1.0,2.0,0
0.0,0.0,1.0,0.0,0
0.0,0.0,1.0,0.0,0
0.0,0.0,1.0,0.0,0
0.0,0.0,1.0,0.0,0
0.0,0.0,1.0,0.0,0
0.1,0.0,1.0,9.0,0
0.0,0.0,1.0,0.0,0
0.0,0.0,1.0,0.0,0
0.0,0.0,1.0,0.0,0
0.0,0.0,1.0,0.0,0
0.0,0.0,1.0,0.0,0
0.0,0.0,1.0,0.0,0
0.0,0.0,1.0,0.0,0
0.0,0.0,1.0,0.0,0
0.0,0.0,1.0,0.0,0
16.8,0.0,1.0,1.0,1
0.0,0.0,1.0,0.0,0
0.0,0.0,1.0,0.0,0
0.0,0.0,1.0,0.0,0
0.0,0.0,1.0,0.0,0
0.1,0.0,1.0,0.0,0
0.0,0.0,1.0,0.0,0
0.0,0.0,1.0,0.0,0
0.0,0.0,1.0,0.0,0
0.0,0.0,1.0,0.0,0
0.0,0.0,1.0,0.0,0
0.0,0.0,1.0,0.0,0
0.0,0.0,1.0,0.0,0
0.0,0.0,1.0,11.0,0
0.0,0.0,1.0,0.0,0
0.0,0.0,1.0,0.0,0
0.0,0.0,1.0,0.0,0
0.0,0.0,1.0,0.0,0
0.0,0.0,1.0,0.0,0
0.0,0.0,1.0,0.0,0
2.6,0.0,1.0,0.0,0
0.0,0.0,1.0,0.0,0
0.0,0.0,1.0,0.0,0
0.0,0.0,1.0,0.0,0
0.0,0.0,1.0,0.0,0
0.0,0.0,1.0,0.0,0
0.0,0.0,1.0,0.0,0
1.7,0.0,1.0,0.0,0
0.0,0.0,1.0,1.0,0
0.0,0.0,1.0,0.0,0
0.0,0.0,1.0,0.0,0
0.0,0.0,1.0,0.0,0
0.0,0.0,1.0,0.0,0
2.0,0.0,1.0,0.0,0
1.3,0.0,1.0,0.0,0
0.1,0.0,1.0,0.0,0
0.1,0.0,1.0,2.0,0
0.0,0.0,1.0,0.0,0
0.0,0.0,1.0,0.0,0
0.0,0.0,1.0,0.0,0
0.1,0.0,1.0,0.0,0
0.0,0.0,1.0,0.0,0
0.0,0.0,1.0,0.0,0
0.0,0.0,1.0,0.0,0
0.0,0.0,1.0,0.0,0
0.1,0.0,1.0,0.0,0
0.0,0.0,1.0,0.0,0
0.0,0.0,1.0,0.0,0
0.0,0.0,1.0,0.0,0
0.0,0.0,1.0,0.0,0
0.1,0.0,1.0,11.0,0
0.4,0.0,1.0,0.0,0
0.0,0.0,1.0,0.0,0
0.3,0.0,1.0,2.0,0
0.0,0.0,1.0,0.0,0
0.0,0.0,1.0,0.0,0
0.0,0.0,1.0,0.0,0
0.0,0.0,1.0,0.0,0
0.0,0.0,1.0,0.0,0
0.0,0.0,1.0,0.0,0
0.0,0.0,1.0,0.0,0
0.0,0.0,1.0,0.0,0
0.0,0.0,1.0,0.0,0
0.0,0.0,1.0,0.0,0
0.0,0.0,1.0,0.0,0
0.0,0.0,1.0,0.0,0
0.0,0.0,1.0,0.0,0
0.0,0.0,1.0,0.0,0
0.0,0.0,1.0,0.0,0
0.0,0.0,1.0,2.0,0
0.0,0.0,1.0,0.0,0
3.0,0.0,1.0,0.0,0
0.7,0.0,1.0,0.0,0
0.0,0.0,1.0,0.0,0
0.0,0.0,1.0,0.0,0
0.0,0.0,1.0,0.0,0
0.0,0.0,1.0,0.0,0
0.0,0.0,1.0,0.0,0
0.0,0.0,1.0,0.0,0
0.0,0.0,1.0,0.0,0
0.0,0.0,1.0,0.0,0
0.0,0.0,1.0,0.0,0
0.1,0.0,1.0,0.0,0
0.0,0.0,1.0,0.0,0
0.0,0.0,1.0,0.0,0
0.0,0.0,1.0,0.0,0
0.0,0.0,1.0,0.0,0
0.0,0.0,1.0,0.0,0
0.0,0.0,1.0,1.0,0
0.1,0.0,1.0,8.0,0
0.0,0.0,1.0,0.0,0
0.0,0.0,1.0,0.0,0
0.0,0.0,1.0,0.0,0
14.6,0.0,1.0,0.0,1
0.0,0.0,1.0,0.0,0
0.0,0.0,1.0,0.0,0
0.0,0.0,1.0,1.0,0
0.0,0.0,1.0,0.0,0
1.8,0.0,1.0,0.0,0
0.0,0.0,1.0,5.0,0
3152.1,0.0,1.0,7.0,1
4.2,0.0,1.0,15.0,0
0.0,0.0,1.0,0.0,0
0.0,0.0,1.0,0.0,0
0.5,0.0,1.0,1.0,0
0.0,0.0,1.0,0.0,0
0.0,0.0,1.0,0.0,0
0.0,0.0,1.0,0.0,0
0.0,0.0,1.0,0.0,0
0.0,0.0,1.0,2.0,0
0.2,0.0,1.0,2.0,0
4.0,0.0,1.0,0.0,0
0.0,0.0,1.0,0.0,0
0.1,0.0,1.0,2.0,0
0.1,0.0,1.0,2.0,0
0.0,0.0,1.0,0.0,0
0.0,0.0,1.0,0.0,0
0.0,0.0,1.0,0.0,0
0.0,0.0,1.0,0.0,0
1.0,0.0,1.0,12.0,0
0.0,0.0,1.0,0.0,0
0.0,0.0,1.0,0.0,0
0.0,0.0,1.0,0.0,0
0.0,0.0,1.0,0.0,0
0.0,0.0,1.0,2.0,0
0.5,0.0,1.0,6.0,0
0.0,0.0,1.0,0.0,0
0.0,0.0,1.0,0.0,0
0.0,0.0,1.0,0.0,0
0.0,0.0,1.0,0.0,0
0.1,0.0,1.0,0.0,0
0.0,0.0,1.0,0.0,0
0.0,0.0,1.0,0.0,0
0.0,0.0,1.0,0.0,0
0.0,0.0,1.0,0.0,0
0.0,0.0,1.0,0.0,0
0.0,0.0,1.0,0.0,0
0.0,0.0,1.0,0.0,0
0.0,0.0,1.0,0.0,0
0.0,0.0,1.0,0.0,0
0.0,0.0,1.0,0.0,0
0.0,0.0,1.0,0.0,0
0.0,0.0,1.0,4.0,0
0.0,0.0,1.0,0.0,0
0.6,0.0,1.0,0.0,0
0.0,0.0,1.0,0.0,0
0.0,0.0,1.0,0.0,0
0.0,0.0,1.0,2.0,0
0.0,0.0,1.0,0.0,0
0.0,0.0,1.0,0.0,0
0.0,0.0,1.0,0.0,0
0.1,0.0,1.0,0.0,0
0.0,0.0,1.0,0.0,0
0.0,0.0,1.0,0.0,0
0.1,0.0,1.0,0.0,0
0.0,0.0,1.0,0.0,0
0.0,0.0,1.0,0.0,0
0.0,0.0,1.0,0.0,0
0.0,0.0,1.0,0.0,0
0.0,0.0,1.0,0.0,0
0.4,0.0,1.0,0.0,0
0.0,0.0,1.0,0.0,0
0.9,0.0,1.0,0.0,0
0.0,0.0,1.0,0.0,0
0.0,0.0,1.0,0.0,0
0.1,0.0,1.0,0.0,0
0.0,0.0,1.0,0.0,0
0.0,0.0,1.0,2.0,0
0.0,0.0,1.0,0.0,0
0.0,0.0,1.0,0.0,0
0.0,0.0,1.0,0.0,0
0.0,0.0,1.0,0.0,0
0.0,0.0,1.0,0.0,0
0.0,0.0,1.0,1.0,0
0.0,0.0,1.0,0.0,0
0.0,0.0,1.0,0.0,0
0.0,0.0,1.0,0.0,0
0.0,0.0,1.0,1.0,0
0.0,0.0,1.0,0.0,0
0.0,0.0,1.0,0.0,0
0.0,0.0,1.0,1.0,0
0.0,0.0,1.0,0.0,0
0.0,0.0,1.0,0.0,0
0.0,0.0,1.0,4.0,0
0.0,0.0,1.0,0.0,0
0.0,0.0,1.0,0.0,0
0.0,0.0,1.0,0.0,0
1.0,0.0,1.0,16.0,0
0.0,0.0,1.0,0.0,0
0.0,0.0,1.0,1.0,0
0.0,0.0,1.0,0.0,0
0.0,0.0,1.0,0.0,0
0.0,0.0,1.0,0.0,0
0.0,0.0,1.0,0.0,0
0.0,0.0,1.0,0.0,0
0.0,0.0,1.0,0.0,0
0.0,0.0,1.0,0.0,0
0.0,0.0,1.0,0.0,0
0.0,0.0,1.0,0.0,0
0.1,0.0,1.0,0.0,0
0.0,0.0,1.0,4.0,0
0.0,0.0,1.0,0.0,0
0.0,0.0,1.0,0.0,0
0.0,0.0,1.0,0.0,0
0.0,0.0,1.0,0.0,0
0.0,0.0,1.0,0.0,0
0.0,0.0,1.0,0.0,0
0.0,0.0,1.0,0.0,0
0.0,0.0,1.0,0.0,0
0.0,0.0,1.0,0.0,0
0.0,0.0,1.0,0.0,0
0.0,0.0,1.0,0.0,0
0.0,0.0,1.0,2.0,0
0.0,0.0,1.0,0.0,0
0.0,0.0,1.0,0.0,0
0.0,0.0,1.0,0.0,0
0.0,0.0,1.0,0.0,0
0.0,0.0,1.0,2.0,0
0.0,0.0,1.0,5.0,0
0.0,0.0,1.0,0.0,0
0.0,0.0,1.0,0.0,0
0.0,0.0,1.0,308.0,1
0.0,0.0,1.0,0.0,0
0.0,0.0,1.0,0.0,0
0.0,0.0,1.0,0.0,0
0.1,0.0,1.0,0.0,0
0.0,0.0,1.0,0.0,0
0.0,0.0,1.0,0.0,0
0.0,0.0,1.0,0.0,0
0.0,0.0,1.0,0.0,0
0.0,0.0,1.0,0.0,0
0.0,0.0,1.0,0.0,0
0.0,0.0,1.0,0.0,0
0.0,0.0,1.0,0.0,0
0.0,0.0,1.0,0.0,0
0.0,0.0,1.0,0.0,0
0.0,0.0,1.0,0.0,0
0.0,0.0,1.0,5.0,0
0.0,0.0,1.0,0.0,0
0.0,0.0,1.0,0.0,0
0.0,0.0,1.0,0.0,0
0.0,0.0,1.0,0.0,0
0.0,0.0,1.0,0.0,0
0.0,0.0,1.0,0.0,0
0.0,0.0,1.0,0.0,0
0.0,0.0,1.0,1.0,0
0.0,0.0,1.0,0.0,0
0.1,0.0,1.0,16.0,0
0.0,0.0,1.0,0.0,0
0.0,0.0,1.0,0.0,0
0.2,0.0,1.0,0.0,0
0.0,0.0,1.0,0.0,0
0.1,0.0,1.0,13.0,0
0.2,0.0,1.0,0.0,0
0.0,0.0,1.0,0.0,0
0.0,0.0,1.0,0.0,0
0.0,0.0,1.0,0.0,0
0.0,0.0,1.0,0.0,0
0.0,0.0,1.0,0.0,0
0.0,0.0,1.0,10.0,0
0.0,0.0,1.0,0.0,0
0.0,0.0,1.0,0.0,0
0.0,0.0,1.0,0.0,0
0.1,0.0,1.0,0.0,0
0.0,0.0,1.0,0.0,0
0.0,0.0,1.0,0.0,0
0.2,0.0,1.0,1.0,0
0.0,0.0,1.0,0.0,0
0.0,0.0,1.0,0.0,0
0.0,0.0,1.0,0.0,0
0.0,0.0,1.0,0.0,0
0.0,0.0,1.0,0.0,0
0.0,0.0,1.0,0.0,0
0.1,0.0,1.0,0.0,0
0.0,0.0,1.0,2.0,0
0.0,0.0,1.0,0.0,0
0.0,0.0,1.0,0.0,0
0.0,0.0,1.0,0.0,0
0.0,0.0,1.0,0.0,0
0.0,0.0,1.0,0.0,0
0.1,0.0,1.0,9.0,0
0.0,0.0,1.0,0.0,0
0.0,0.0,1.0,0.0,0
0.0,0.0,1.0,0.0,0
0.0,0.0,1.0,0.0,0
0.0,0.0,1.0,0.0,0
0.0,0.0,1.0,0.0,0
0.0,0.0,1.0,0.0,0
0.0,0.0,1.0,0.0,0
0.0,0.0,1.0,0.0,0
16.2,0.0,1.0,1.0,1
0.0,0.0,1.0,0.0,0
0.0,0.0,1.0,0.0,0
0.0,0.0,1.0,0.0,0
0.0,0.0,1.0,0.0,0
0.1,0.0,1.0,0.0,0
0.0,0.0,1.0,0.0,0
0.0,0.0,1.0,0.0,0
0.0,0.0,1.0,0.0,0
0.0,0.0,1.0,0.0,0
0.0,0.0,1.0,0.0,0
0.0,0.0,1.0,0.0,0
0.0,0.0,1.0,0.0,0
0.0,0.0,1.0,10.0,0
0.0,0.0,1.0,0.0,0
0.0,0.0,1.0,0.0,0
0.0,0.0,1.0,0.0,0
0.0,0.0,1.0,0.0,0
0.0,0.0,1.0,0.0,0
0.0,0.0,1.0,0.0,0
1.3,0.0,1.0,0.0,0
0.0,0.0,1.0,0.0,0
0.0,0.0,1.0,0.0,0
0.0,0.0,1.0,0.0,0
0.0,0.0,1.0,0.0,0
0.0,0.0,1.0,0.0,0
0.0,0.0,1.0,0.0,0
1.4,0.0,1.0,0.0,0
0.0,0.0,1.0,1.0,0
0.0,0.0,1.0,0.0,0
0.0,0.0,1.0,0.0,0
0.0,0.0,1.0,0.0,0
0.0,0.0,1.0,0.0,0
2.1,0.0,1.0,0.0,0
0.7,0.0,1.0,0.0,0
0.1,0.0,1.0,2.0,0
0.0,0.0,1.0,0.0,0
0.0,0.0,1.0,0.0,0
0.0,0.0,1.0,0.0,0
0.0,0.0,1.0,0.0,0
0.0,0.0,1.0,0.0,0
0.0,0.0,1.0,0.0,0
0.0,0.0,1.0,0.0,0
0.0,0.0,1.0,0.0,0
0.0,0.0,1.0,0.0,0
0.0,0.0,1.0,0.0,0
0.0,0.0,1.0,0.0,0
0.0,0.0,1.0,0.0,0
0.0,0.0,1.0,0.0,0
0.0,0.0,1.0,12.0,0
0.1,0.0,1.0,0.0,0
0.0,0.0,1.0,0.0,0
0.2,0.0,1.0,2.0,0
0.0,0.0,1.0,0.0,0
0.0,0.0,1.0,0.0,0
0.0,0.0,1.0,0.0,0
0.0,0.0,1.0,0.0,0
0.0,0.0,1.0,0.0,0
0.0,0.0,1.0,0.0,0
0.0,0.0,1.0,0.0,0
0.0,0.0,1.0,0.0,0
0.0,0.0,1.0,0.0,0
0.0,0.0,1.0,0.0,0
0.0,0.0,1.0,0.0,0
0.0,0.0,1.0,0.0,0
0.0,0.0,1.0,0.0,0
0.0,0.0,1.0,0.0,0
0.0,0.0,1.0,0.0,0
0.0,0.0,1.0,2.0,0
0.0,0.0,1.0,0.0,0
3.0,0.0,1.0,0.0,0
0.5,0.0,1.0,0.0,0
0.0,0.0,1.0,0.0,0
0.0,0.0,1.0,0.0,0
0.0,0.0,1.0,0.0,0
0.0,0.0,1.0,0.0,0
0.0,0.0,1.0,0.0,0
0.0,0.0,1.0,0.0,0
0.0,0.0,1.0,0.0,0
0.0,0.0,1.0,0.0,0
0.1,0.0,1.0,0.0,0
0.0,0.0,1.0,0.0,0
0.1,0.0,1.0,0.0,0
0.0,0.0,1.0,0.0,0
0.1,0.0,1.0,0.0,0
0.1,0.0,1.0,0.0,0
0.0,0.0,1.0,0.0,0
0.0,0.0,1.0,0.0,0
0.0,0.0,1.0,0.0,0
0.0,0.0,1.0,1.0,0
0.1,0.0,1.0,8.0,0
0.0,0.0,1.0,0.0,0
0.0,0.0,1.0,0.0,0
0.0,0.0,1.0,0.0,0
0.6,0.0,1.0,0.0,0
0.0,0.0,1.0,0.0,0
0.0,0.0,1.0,0.0,0
0.1,0.0,1.0,1.0,0
0.0,0.0,1.0,0.0,0
1.0,0.0,1.0,0.0,0
0.0,0.0,1.0,5.0,0
3159.3,0.0,1.0,7.0,1
3.9,0.0,1.0,15.0,0
0.0,0.0,1.0,0.0,0
0.0,0.0,1.0,0.0,0
0.3,0.0,1.0,1.0,0
0.0,0.0,1.0,0.0,0
0.0,0.0,1.0,0.0,0
0.0,0.0,1.0,0.0,0
0.0,0.0,1.0,0.0,0
0.0,0.0,1.0,2.0,0
0.1,0.0,1.0,2.0,0
1.8,0.0,1.0,0.0,0
0.0,0.0,1.0,0.0,0
0.0,0.0,1.0,2.0,0
0.0,0.0,1.0,2.0,0
0.0,0.0,1.0,0.0,0
0.0,0.0,1.0,0.0,0
0.0,0.0,1.0,0.0,0
0.0,0.0,1.0,0.0,0
0.4,0.0,1.0,12.0,0
0.0,0.0,1.0,0.0,0
0.0,0.0,1.0,0.0,0
0.0,0.0,1.0,0.0,0
0.0,0.0,1.0,0.0,0
0.0,0.0,1.0,2.0,0
0.4,0.0,1.0,4.0,0
0.0,0.0,1.0,0.0,0
0.0,0.0,1.0,0.0,0
0.0,0.0,1.0,0.0,0
0.0,0.0,1.0,0.0,0
0.2,0.0,1.0,0.0,0
0.0,0.0,1.0,0.0,0
0.0,0.0,1.0,0.0,0
0.0,0.0,1.0,0.0,0
0.0,0.0,1.0,0.0,0
0.0,0.0,1.0,0.0,0
0.0,0.0,1.0,0.0,0
0.0,0.0,1.0,0.0,0
0.0,0.0,1.0,0.0,0
0.0,0.0,1.0,0.0,0
0.0,0.0,1.0,0.0,0
0.0,0.0,1.0,0.0,0
0.0,0.0,1.0,4.0,0
0.0,0.0,1.0,0.0,0
0.7,0.0,1.0,0.0,0
0.0,0.0,1.0,0.0,0
0.0,0.0,1.0,0.0,0
0.0,0.0,1.0,2.0,0
0.0,0.0,1.0,0.0,0
0.0,0.0,1.0,0.0,0
0.0,0.0,1.0,0.0,0
0.1,0.0,1.0,0.0,0
0.0,0.0,1.0,0.0,0
0.0,0.0,1.0,0.0,0
0.2,0.0,1.0,0.0,0
0.0,0.0,1.0,0.0,0
0.0,0.0,1.0,0.0,0
0.0,0.0,1.0,0.0,0
0.0,0.0,1.0,0.0,0
0.0,0.0,1.0,0.0,0
0.2,0.0,1.0,0.0,0
0.0,0.0,1.0,0.0,0
0.7,0.0,1.0,0.0,0
0.0,0.0,1.0,0.0,0
0.0,0.0,1.0,0.0,0
0.0,0.0,1.0,0.0,0
0.0,0.0,1.0,0.0,0
0.0,0.0,1.0,2.0,0
0.0,0.0,1.0,0.0,0
0.0,0.0,1.0,0.0,0
0.0,0.0,1.0,0.0,0
0.0,0.0,1.0,0.0,0
0.0,0.0,1.0,0.0,0
0.0,0.0,1.0,1.0,0
0.0,0.0,1.0,0.0,0
0.0,0.0,1.0,0.0,0
0.0,0.0,1.0,0.0,0
0.0,0.0,1.0,1.0,0
0.0,0.0,1.0,0.0,0
0.0,0.0,1.0,0.0,0
0.0,0.0,1.0,1.0,0
0.0,0.0,1.0,0.0,0
0.0,0.0,1.0,0.0,0
0.0,0.0,1.0,4.0,0
0.0,0.0,1.0,0.0,0
0.0,0.0,1.0,0.0,0
0.1,0.0,1.0,0.0,0
1.3,0.0,1.0,16.0,0
0.0,0.0,1.0,0.0,0
0.0,0.0,1.0,1.0,0
0.0,0.0,1.0,0.0,0
0.0,0.0,1.0,0.0,0
0.0,0.0,1.0,0.0,0
0.0,0.0,1.0,0.0,0
0.0,0.0,1.0,0.0,0
0.0,0.0,1.0,0.0,0
0.0,0.0,1.0,0.0,0
0.0,0.0,1.0,0.0,0
0.0,0.0,1.0,0.0,0
0.2,0.0,1.0,0.0,0
0.0,0.0,1.0,4.0,0
0.0,0.0,1.0,0.0,0
0.0,0.0,1.0,0.0,0
0.0,0.0,1.0,0.0,0
0.0,0.0,1.0,0.0,0
0.0,0.0,1.0,0.0,0
0.0,0.0,1.0,0.0,0
0.0,0.0,1.0,0.0,0
0.0,0.0,1.0,0.0,0
0.0,0.0,1.0,0.0,0
0.0,0.0,1.0,0.0,0
0.0,0.0,1.0,0.0,0
0.0,0.0,1.0,2.0,0
0.0,0.0,1.0,0.0,0
0.0,0.0,1.0,0.0,0
0.0,0.0,1.0,0.0,0
0.0,0.0,1.0,0.0,0
0.0,0.0,1.0,1.0,0
0.0,0.0,1.0,2.0,0
0.0,0.0,1.0,5.0,0
0.0,0.0,1.0,0.0,0
0.0,0.0,1.0,0.0,0
0.0,0.0,1.0,308.0,1
0.0,0.0,1.0,0.0,0
0.0,0.0,1.0,0.0,0
0.0,0.0,1.0,0.0,0
0.0,0.0,1.0,0.0,0
0.0,0.0,1.0,0.0,0
0.0,0.0,1.0,0.0,0
0.0,0.0,1.0,0.0,0
0.0,0.0,1.0,0.0,0
0.0,0.0,1.0,0.0,0
0.0,0.0,1.0,0.0,0
0.0,0.0,1.0,0.0,0
0.0,0.0,1.0,0.0,0
0.0,0.0,1.0,0.0,0
0.0,0.0,1.0,0.0,0
0.0,0.0,1.0,0.0,0
0.0,0.0,1.0,5.0,0
0.0,0.0,1.0,0.0,0
0.0,0.0,1.0,0.0,0
0.0,0.0,1.0,0.0,0
0.0,0.0,1.0,0.0,0
0.0,0.0,1.0,0.0,0
0.0,0.0,1.0,0.0,0
0.0,0.0,1.0,0.0,0
0.0,0.0,1.0,0.0,0
0.1,0.0,1.0,0.0,0
0.0,0.0,1.0,16.0,0
0.0,0.0,1.0,0.0,0
0.0,0.0,1.0,0.0,0
0.1,0.0,1.0,0.0,0
0.0,0.0,1.0,0.0,0
0.0,0.0,1.0,11.0,0
0.1,0.0,1.0,0.0,0
0.0,0.0,1.0,0.0,0
0.0,0.0,1.0,0.0,0
0.0,0.0,1.0,0.0,0
0.0,0.0,1.0,0.0,0
0.0,0.0,1.0,0.0,0
0.0,0.0,1.0,9.0,0
0.0,0.0,1.0,0.0,0
0.0,0.0,1.0,0.0,0
0.0,0.0,1.0,0.0,0
0.1,0.0,1.0,0.0,0
0.0,0.0,1.0,0.0,0
0.0,0.0,1.0,0.0,0
0.3,0.0,1.0,1.0,0
0.0,0.0,1.0,0.0,0
0.0,0.0,1.0,0.0,0
0.0,0.0,1.0,0.0,0
0.0,0.0,1.0,0.0,0
0.0,0.0,1.0,0.0,0
0.0,0.0,1.0,0.0,0
0.1,0.0,1.0,0.0,0
0.0,0.0,1.0,2.0,0
0.0,0.0,1.0,0.0,0
0.0,0.0,1.0,0.0,0
0.0,0.0,1.0,0.0,0
0.0,0.0,1.0,0.0,0
0.0,0.0,1.0,0.0,0
0.0,0.0,1.0,9.0,0
0.0,0.0,1.0,0.0,0
0.0,0.0,1.0,0.0,0
0.0,0.0,1.0,0.0,0
0.0,0.0,1.0,0.0,0
0.0,0.0,1.0,0.0,0
0.0,0.0,1.0,0.0,0
0.0,0.0,1.0,0.0,0
0.0,0.0,1.0,0.0,0
0.0,0.0,1.0,0.0,0
16.4,0.0,1.0,1.0,1
0.0,0.0,1.0,0.0,0
0.0,0.0,1.0,0.0,0
0.0,0.0,1.0,0.0,0
0.0,0.0,1.0,0.0,0
0.0,0.0,1.0,0.0,0
0.0,0.0,1.0,0.0,0
0.0,0.0,1.0,0.0,0
0.0,0.0,1.0,0.0,0
0.0,0.0,1.0,0.0,0
0.0,0.0,1.0,0.0,0
0.0,0.0,1.0,0.0,0
0.0,0.0,1.0,0.0,0
0.0,0.0,1.0,9.0,0
0.0,0.0,1.0,0.0,0
0.0,0.0,1.0,0.0,0
0.0,0.0,1.0,0.0,0
0.0,0.0,1.0,0.0,0
0.0,0.0,1.0,0.0,0
0.0,0.0,1.0,0.0,0
0.5,0.0,1.0,0.0,0
0.0,0.0,1.0,0.0,0
0.0,0.0,1.0,0.0,0
0.0,0.0,1.0,0.0,0
0.0,0.0,1.0,0.0,0
0.0,0.0,1.0,0.0,0
0.0,0.0,1.0,0.0,0
0.6,0.0,1.0,0.0,0
0.0,0.0,1.0,1.0,0
0.0,0.0,1.0,0.0,0
0.0,0.0,1.0,0.0,0
0.0,0.0,1.0,0.0,0
0.0,0.0,1.0,0.0,0
2.1,0.0,1.0,0.0,0
0.3,0.0,1.0,0.0,0
0.1,0.0,1.0,2.0,0
0.0,0.0,1.0,0.0,0
0.1,0.0,1.0,0.0,0
0.0,0.0,1.0,0.0,0
0.0,0.0,1.0,0.0,0
0.0,0.0,1.0,0.0,0
0.0,0.0,1.0,0.0,0
0.0,0.0,1.0,0.0,0
0.0,0.0,1.0,0.0,0
0.1,0.0,1.0,0.0,0
0.0,0.0,1.0,0.0,0
0.0,0.0,1.0,0.0,0
0.0,0.0,1.0,0.0,0
0.0,0.0,1.0,0.0,0
0.0,0.0,1.0,10.0,0
0.0,0.0,1.0,0.0,0
0.0,0.0,1.0,0.0,0
0.2,0.0,1.0,2.0,0
0.0,0.0,1.0,0.0,0
0.0,0.0,1.0,0.0,0
0.0,0.0,1.0,0.0,0
0.0,0.0,1.0,0.0,0
0.0,0.0,1.0,0.0,0
0.0,0.0,1.0,0.0,0
0.0,0.0,1.0,0.0,0
0.1,0.0,1.0,0.0,0
0.0,0.0,1.0,0.0,0
0.0,0.0,1.0,0.0,0
0.0,0.0,1.0,0.0,0
0.0,0.0,1.0,0.0,0
0.0,0.0,1.0,0.0,0
0.0,0.0,1.0,0.0,0
0.0,0.0,1.0,0.0,0
0.0,0.0,1.0,1.0,0
0.0,0.0,1.0,0.0,0
2.8,0.0,1.0,0.0,0
0.3,0.0,1.0,0.0,0
0.0,0.0,1.0,0.0,0
0.0,0.0,1.0,0.0,0
0.0,0.0,1.0,0.0,0
0.0,0.0,1.0,0.0,0
0.0,0.0,1.0,0.0,0
0.0,0.0,1.0,0.0,0
0.4,0.0,1.0,0.0,0
0.0,0.0,1.0,0.0,0
0.0,0.0,1.0,0.0,0
0.0,0.0,1.0,0.0,0
0.0,0.0,1.0,0.0,0
0.0,0.0,1.0,0.0,0
0.0,0.0,1.0,0.0,0
0.0,0.0,1.0,0.0,0
0.0,0.0,1.0,0.0,0
0.0,0.0,1.0,1.0,0
0.1,0.0,1.0,8.0,0
0.0,0.0,1.0,0.0,0
0.0,0.0,1.0,0.0,0
0.0,0.0,1.0,0.0,0
0.0,0.0,1.0,0.0,0
0.0,0.0,1.0,0.0,0
0.0,0.0,1.0,0.0,0
0.1,0.0,1.0,1.0,0
0.0,0.0,1.0,0.0,0
1.4,0.0,1.0,0.0,0
0.0,0.0,1.0,5.0,0
3161.2,0.0,1.0,7.0,1
3.6,0.0,1.0,15.0,0
0.0,0.0,1.0,0.0,0
0.0,0.0,1.0,0.0,0
0.2,0.0,1.0,1.0,0
0.1,0.0,1.0,0.0,0
0.0,0.0,1.0,0.0,0
0.0,0.0,1.0,0.0,0
0.0,0.0,1.0,0.0,0
0.0,0.0,1.0,2.0,0
0.1,0.0,1.0,2.0,0
2.0,0.0,1.0,0.0,0
0.0,0.0,1.0,0.0,0
0.1,0.0,1.0,2.0,0
0.0,0.0,1.0,2.0,0
0.0,0.0,1.0,0.0,0
0.0,0.0,1.0,0.0,0
0.0,0.0,1.0,0.0,0
0.0,0.0,1.0,0.0,0
0.3,0.0,1.0,12.0,0
0.0,0.0,1.0,0.0,0
0.0,0.0,1.0,0.0,0
0.0,0.0,1.0,0.0,0
0.0,0.0,1.0,0.0,0
0.0,0.0,1.0,2.0,0
0.4,0.0,1.0,6.0,0
0.0,0.0,1.0,0.0,0
0.0,0.0,1.0,0.0,0
0.0,0.0,1.0,0.0,0
0.0,0.0,1.0,0.0,0
0.1,0.0,1.0,0.0,0
0.0,0.0,1.0,0.0,0
0.0,0.0,1.0,0.0,0
0.0,0.0,1.0,0.0,0
0.0,0.0,1.0,0.0,0
0.0,0.0,1.0,0.0,0
0.0,0.0,1.0,0.0,0
0.0,0.0,1.0,0.0,0
0.0,0.0,1.0,0.0,0
0.0,0.0,1.0,0.0,0
0.0,0.0,1.0,0.0,0
0.0,0.0,1.0,0.0,0
0.0,0.0,1.0,4.0,0
0.0,0.0,1.0,0.0,0
0.6,0.0,1.0,0.0,0
0.0,0.0,1.0,0.0,0
0.0,0.0,1.0,0.0,0
0.0,0.0,1.0,2.0,0
0.0,0.0,1.0,0.0,0
0.0,0.0,1.0,0.0,0
0.0,0.0,1.0,0.0,0
0.1,0.0,1.0,0.0,0
0.0,0.0,1.0,0.0,0
0.0,0.0,1.0,0.0,0
0.1,0.0,1.0,0.0,0
0.0,0.0,1.0,0.0,0
0.0,0.0,1.0,0.0,0
0.0,0.0,1.0,0.0,0
0.0,0.0,1.0,0.0,0
0.0,0.0,1.0,0.0,0
0.2,0.0,1.0,0.0,0
0.0,0.0,1.0,0.0,0
0.8,0.0,1.0,0.0,0
0.0,0.0,1.0,0.0,0
0.0,0.0,1.0,0.0,0
0.0,0.0,1.0,0.0,0
0.0,0.0,1.0,0.0,0
0.0,0.0,1.0,2.0,0
0.0,0.0,1.0,0.0,0
0.0,0.0,1.0,0.0,0
0.0,0.0,1.0,0.0,0
0.0,0.0,1.0,0.0,0
0.0,0.0,1.0,0.0,0
0.0,0.0,1.0,1.0,0
0.0,0.0,1.0,0.0,0
0.0,0.0,1.0,0.0,0
0.0,0.0,1.0,0.0,0
0.1,0.0,1.0,1.0,0
0.0,0.0,1.0,0.0,0
0.0,0.0,1.0,0.0,0
0.0,0.0,1.0,1.0,0
0.0,0.0,1.0,0.0,0
0.0,0.0,1.0,0.0,0
0.0,0.0,1.0,4.0,0
0.0,0.0,1.0,0.0,0
0.0,0.0,1.0,0.0,0
0.0,0.0,1.0,0.0,0
0.2,0.0,1.0,16.0,0
0.0,0.0,1.0,0.0,0
0.0,0.0,1.0,1.0,0
0.0,0.0,1.0,0.0,0
0.0,0.0,1.0,0.0,0
0.0,0.0,1.0,0.0,0
0.0,0.0,1.0,0.0,0
0.0,0.0,1.0,0.0,0
0.0,0.0,1.0,0.0,0
0.0,0.0,1.0,0.0,0
0.0,0.0,1.0,0.0,0
0.0,0.0,1.0,0.0,0
0.3,0.0,1.0,0.0,0
0.0,0.0,1.0,4.0,0
0.0,0.0,1.0,0.0,0
0.0,0.0,1.0,0.0,0
0.0,0.0,1.0,0.0,0
0.0,0.0,1.0,0.0,0
0.0,0.0,1.0,0.0,0
0.0,0.0,1.0,0.0,0
0.0,0.0,1.0,0.0,0
0.0,0.0,1.0,0.0,0
0.0,0.0,1.0,0.0,0
0.0,0.0,1.0,0.0,0
0.0,0.0,1.0,0.0,0
0.0,0.0,1.0,2.0,0
0.0,0.0,1.0,0.0,0
0.0,0.0,1.0,0.0,0
0.0,0.0,1.0,0.0,0
0.0,0.0,1.0,0.0,0
0.0,0.0,1.0,0.0,0
0.0,0.0,1.0,2.0,0
0.0,0.0,1.0,5.0,0
0.0,0.0,1.0,0.0,0
0.1,0.0,1.0,0.0,0
0.0,0.0,1.0,308.0,1
0.0,0.0,1.0,0.0,0
0.0,0.0,1.0,0.0,0
0.0,0.0,1.0,0.0,0
0.1,0.0,1.0,0.0,0
0.0,0.0,1.0,0.0,0
0.0,0.0,1.0,0.0,0
0.0,0.0,1.0,0.0,0
0.0,0.0,1.0,0.0,0
0.0,0.0,1.0,0.0,0
0.0,0.0,1.0,0.0,0
0.0,0.0,1.0,0.0,0
0.0,0.0,1.0,0.0,0
0.0,0.0,1.0,0.0,0
0.0,0.0,1.0,0.0,0
0.0,0.0,1.0,0.0,0
0.0,0.0,1.0,5.0,0
0.0,0.0,1.0,0.0,0
0.0,0.0,1.0,0.0,0
0.0,0.0,1.0,0.0,0
0.0,0.0,1.0,0.0,0
0.0,0.0,1.0,0.0,0
0.0,0.0,1.0,0.0,0
0.0,0.0,1.0,0.0,0
0.0,0.0,1.0,0.0,0
0.0,0.0,1.0,16.0,0
0.0,0.0,1.0,0.0,0
0.0,0.0,1.0,0.0,0
0.2,0.0,1.0,0.0,0
0.0,0.0,1.0,0.0,0
0.0,0.0,1.0,12.0,0
0.2,0.0,1.0,0.0,0
0.0,0.0,1.0,0.0,0
0.0,0.0,1.0,0.0,0
0.0,0.0,1.0,0.0,0
0.0,0.0,1.0,0.0,0
0.0,0.0,1.0,0.0,0
0.0,0.0,1.0,9.0,0
0.0,0.0,1.0,0.0,0
0.0,0.0,1.0,0.0,0
0.0,0.0,1.0,0.0,0
0.0,0.0,1.0,0.0,0
0.0,0.0,1.0,0.0,0
0.0,0.0,1.0,0.0,0
0.1,0.0,1.0,1.0,0
0.0,0.0,1.0,0.0,0
0.0,0.0,1.0,0.0,0
0.1,0.0,1.0,0.0,0
0.0,0.0,1.0,0.0,0
0.0,0.0,1.0,0.0,0
0.0,0.0,1.0,0.0,0
0.0,0.0,1.0,0.0,0
0.2,0.0,1.0,0.0,0
0.0,0.0,1.0,2.0,0
0.0,0.0,1.0,0.0,0
0.0,0.0,1.0,0.0,0
0.0,0.0,1.0,0.0,0
0.0,0.0,1.0,0.0,0
0.0,0.0,1.0,0.0,0
0.0,0.0,1.0,9.0,0
0.0,0.0,1.0,0.0,0
0.0,0.0,1.0,0.0,0
0.0,0.0,1.0,0.0,0
0.0,0.0,1.0,0.0,0
0.0,0.0,1.0,0.0,0
0.0,0.0,1.0,0.0,0
0.0,0.0,1.0,0.0,0
0.0,0.0,1.0,0.0,0
0.0,0.0,1.0,0.0,0
16.4,0.0,1.0,1.0,1
0.0,0.0,1.0,0.0,0
0.0,0.0,1.0,0.0,0
0.0,0.0,1.0,0.0,0
0.0,0.0,1.0,0.0,0
0.0,0.0,1.0,0.0,0
0.0,0.0,1.0,0.0,0
0.0,0.0,1.0,0.0,0
0.0,0.0,1.0,0.0,0
0.0,0.0,1.0,0.0,0
0.0,0.0,1.0,0.0,0
0.0,0.0,1.0,0.0,0
0.0,0.0,1.0,0.0,0
0.0,0.0,1.0,10.0,0
0.0,0.0,1.0,0.0,0
0.0,0.0,1.0,0.0,0
0.0,0.0,1.0,0.0,0
0.0,0.0,1.0,0.0,0
0.0,0.0,1.0,0.0,0
0.6,0.0,1.0,0.0,0
0.0,0.0,1.0,0.0,0
0.0,0.0,1.0,0.0,0
0.0,0.0,1.0,0.0,0
0.0,0.0,1.0,0.0,0
0.0,0.0,1.0,0.0,0
0.0,0.0,1.0,0.0,0
0.7,0.0,1.0,0.0,0
0.0,0.0,1.0,1.0,0
0.0,0.0,1.0,0.0,0
0.0,0.0,1.0,0.0,0
0.0,0.0,1.0,0.0,0
0.0,0.0,1.0,0.0,0
1.9,0.0,1.0,0.0,0
0.2,0.0,1.0,0.0,0
0.0,0.0,1.0,2.0,0
0.0,0.0,1.0,0.0,0
0.0,0.0,1.0,0.0,0
0.0,0.0,1.0,0.0,0
0.0,0.0,1.0,0.0,0
0.0,0.0,1.0,0.0,0
0.0,0.0,1.0,0.0,0
0.0,0.0,1.0,0.0,0
0.0,0.0,1.0,0.0,0
0.0,0.0,1.0,0.0,0
0.0,0.0,1.0,0.0,0
0.0,0.0,1.0,0.0,0
0.0,0.0,1.0,0.0,0
0.0,0.0,1.0,0.0,0
0.0,0.0,1.0,0.0,0
0.0,0.0,1.0,9.0,0
0.0,0.0,1.0,0.0,0
0.0,0.0,1.0,0.0,0
0.1,0.0,1.0,2.0,0
0.0,0.0,1.0,0.0,0
0.0,0.0,1.0,0.0,0
0.0,0.0,1.0,0.0,0
0.0,0.0,1.0,0.0,0
0.0,0.0,1.0,0.0,0
0.0,0.0,1.0,0.0,0
0.0,0.0,1.0,0.0,0
0.0,0.0,1.0,0.0,0
0.0,0.0,1.0,0.0,0
0.0,0.0,1.0,0.0,0
0.0,0.0,1.0,0.0,0
0.0,0.0,1.0,0.0,0
0.0,0.0,1.0,0.0,0
0.0,0.0,1.0,0.0,0
0.0,0.0,1.0,0.0,0
0.0,0.0,1.0,1.0,0
0.0,0.0,1.0,0.0,0
2.8,0.0,1.0,0.0,0
0.4,0.0,1.0,0.0,0
0.0,0.0,1.0,0.0,0
0.0,0.0,1.0,0.0,0
0.0,0.0,1.0,0.0,0
0.0,0.0,1.0,0.0,0
0.0,0.0,1.0,0.0,0
0.0,0.0,1.0,0.0,0
0.0,0.0,1.0,0.0,0
0.0,0.0,1.0,0.0,0
0.0,0.0,1.0,0.0,0
0.0,0.0,1.0,0.0,0
0.1,0.0,1.0,0.0,0
0.0,0.0,1.0,0.0,0
0.0,0.0,1.0,0.0,0
0.0,0.0,1.0,0.0,0
0.0,0.0,1.0,0.0,0
0.0,0.0,1.0,0.0,0
0.0,0.0,1.0,1.0,0
0.1,0.0,1.0,8.0,0
0.0,0.0,1.0,0.0,0
0.0,0.0,1.0,0.0,0
0.0,0.0,1.0,0.0,0
0.0,0.0,1.0,1.0,0
0.0,0.0,1.0,0.0,0
0.0,0.0,1.0,0.0,0
0.0,0.0,1.0,0.0,0
0.0,0.0,1.0,1.0,0
0.0,0.0,1.0,0.0,0
1.1,0.0,1.0,0.0,0
0.0,0.0,1.0,5.0,0
3149.1,0.0,1.0,9.0,1
4.3,0.0,1.0,15.0,0
0.0,0.0,1.0,0.0,0
0.0,0.0,1.0,0.0,0
0.3,0.0,1.0,1.0,0
0.0,0.0,1.0,0.0,0
0.0,0.0,1.0,0.0,0
0.0,0.0,1.0,0.0,0
0.0,0.0,1.0,0.0,0
0.0,0.0,1.0,2.0,0
0.2,0.0,1.0,2.0,0
3.6,0.0,1.0,0.0,0
0.0,0.0,1.0,0.0,0
0.1,0.0,1.0,2.0,0
0.0,0.0,1.0,2.0,0
0.0,0.0,1.0,0.0,0
0.0,0.0,1.0,0.0,0
0.0,0.0,1.0,0.0,0
0.0,0.0,1.0,0.0,0
1.0,0.0,1.0,12.0,0
0.0,0.0,1.0,0.0,0
0.0,0.0,1.0,0.0,0
0.0,0.0,1.0,0.0,0
0.1,0.0,1.0,0.0,0
0.0,0.0,1.0,2.0,0
0.9,0.0,1.0,6.0,0
0.0,0.0,1.0,0.0,0
0.0,0.0,1.0,0.0,0
0.0,0.0,1.0,0.0,0
0.0,0.0,1.0,0.0,0
0.0,0.0,1.0,0.0,0
0.0,0.0,1.0,0.0,0
0.0,0.0,1.0,0.0,0
0.0,0.0,1.0,0.0,0
0.0,0.0,1.0,0.0,0
0.0,0.0,1.0,0.0,0
0.0,0.0,1.0,0.0,0
0.0,0.0,1.0,0.0,0
0.0,0.0,1.0,0.0,0
0.0,0.0,1.0,0.0,0
0.0,0.0,1.0,0.0,0
0.0,0.0,1.0,0.0,0
0.0,0.0,1.0,4.0,0
0.0,0.0,1.0,0.0,0
0.7,0.0,1.0,0.0,0
0.0,0.0,1.0,0.0,0
0.0,0.0,1.0,0.0,0
0.0,0.0,1.0,2.0,0
0.0,0.0,1.0,0.0,0
0.0,0.0,1.0,0.0,0
0.0,0.0,1.0,0.0,0
0.0,0.0,1.0,0.0,0
0.0,0.0,1.0,0.0,0
0.0,0.0,1.0,0.0,0
0.0,0.0,1.0,0.0,0
0.0,0.0,1.0,0.0,0
0.0,0.0,1.0,0.0,0
0.0,0.0,1.0,0.0,0
0.0,0.0,1.0,0.0,0
0.0,0.0,1.0,0.0,0
0.0,0.0,1.0,0.0,0
0.3,0.0,1.0,0.0,0
0.0,0.0,1.0,0.0,0
0.8,0.0,1.0,0.0,0
0.0,0.0,1.0,0.0,0
0.0,0.0,1.0,0.0,0
0.0,0.0,1.0,0.0,0
0.0,0.0,1.0,0.0,0
0.0,0.0,1.0,2.0,0
0.0,0.0,1.0,0.0,0
0.0,0.0,1.0,0.0,0
0.0,0.0,1.0,0.0,0
0.0,0.0,1.0,0.0,0
0.0,0.0,1.0,0.0,0
0.0,0.0,1.0,1.0,0
0.0,0.0,1.0,0.0,0
0.0,0.0,1.0,0.0,0
0.0,0.0,1.0,0.0,0
0.0,0.0,1.0,1.0,0
0.0,0.0,1.0,0.0,0
0.0,0.0,1.0,0.0,0
0.0,0.0,1.0,1.0,0
0.0,0.0,1.0,0.0,0
0.0,0.0,1.0,0.0,0
0.0,0.0,1.0,4.0,0
0.0,0.0,1.0,0.0,0
0.0,0.0,1.0,0.0,0
0.0,0.0,1.0,0.0,0
0.3,0.0,1.0,16.0,0
0.0,0.0,1.0,0.0,0
0.0,0.0,1.0,1.0,0
0.0,0.0,1.0,0.0,0
0.0,0.0,1.0,0.0,0
0.0,0.0,1.0,0.0,0
0.0,0.0,1.0,0.0,0
0.0,0.0,1.0,0.0,0
0.1,0.0,1.0,0.0,0
0.0,0.0,1.0,0.0,0
0.0,0.0,1.0,0.0,0
0.0,0.0,1.0,0.0,0
0.2,0.0,1.0,0.0,0
0.0,0.0,1.0,4.0,0
0.0,0.0,1.0,0.0,0
0.0,0.0,1.0,0.0,0
0.0,0.0,1.0,0.0,0
0.0,0.0,1.0,0.0,0
0.0,0.0,1.0,0.0,0
0.0,0.0,1.0,0.0,0
0.0,0.0,1.0,0.0,0
0.0,0.0,1.0,0.0,0
0.0,0.0,1.0,0.0,0
0.0,0.0,1.0,0.0,0
0.0,0.0,1.0,0.0,0
0.0,0.0,1.0,2.0,0
0.0,0.0,1.0,0.0,0
0.0,0.0,1.0,0.0,0
0.0,0.0,1.0,0.0,0
0.0,0.0,1.0,0.0,0
0.0,0.0,1.0,2.0,0
0.0,0.0,1.0,5.0,0
0.0,0.0,1.0,0.0,0
0.0,0.0,1.0,0.0,0
0.0,0.0,1.0,308.0,1
0.0,0.0,1.0,0.0,0
0.0,0.0,1.0,0.0,0
0.0,0.0,1.0,0.0,0
0.0,0.0,1.0,0.0,0
0.0,0.0,1.0,0.0,0
0.0,0.0,1.0,0.0,0
0.0,0.0,1.0,0.0,0
0.0,0.0,1.0,0.0,0
0.0,0.0,1.0,0.0,0
0.0,0.0,1.0,0.0,0
0.0,0.0,1.0,0.0,0
0.0,0.0,1.0,0.0,0
0.0,0.0,1.0,0.0,0
0.0,0.0,1.0,0.0,0
0.0,0.0,1.0,0.0,0
0.0,0.0,1.0,5.0,0
0.0,0.0,1.0,0.0,0
0.0,0.0,1.0,0.0,0
3.9,0.0,1.0,0.0,0
0.0,0.0,1.0,0.0,0
0.0,0.0,1.0,0.0,0
0.0,0.0,1.0,0.0,0
0.0,0.0,1.0,0.0,0
0.0,0.0,1.0,0.0,0
0.0,0.0,1.0,16.0,0
0.0,0.0,1.0,0.0,0
0.0,0.0,1.0,0.0,0
0.4,0.0,1.0,0.0,0
0.0,0.0,1.0,0.0,0
0.0,0.0,1.0,11.0,0
0.2,0.0,1.0,0.0,0
0.0,0.0,1.0,0.0,0
0.0,0.0,1.0,0.0,0
0.0,0.0,1.0,0.0,0
0.0,0.0,1.0,0.0,0
0.0,0.0,1.0,0.0,0
0.0,0.0,1.0,9.0,0
0.0,0.0,1.0,0.0,0
0.0,0.0,1.0,0.0,0
0.0,0.0,1.0,0.0,0
0.1,0.0,1.0,0.0,0
0.0,0.0,1.0,0.0,0
0.0,0.0,1.0,0.0,0
0.4,0.0,1.0,1.0,0
0.0,0.0,1.0,0.0,0
0.0,0.0,1.0,0.0,0
0.0,0.0,1.0,0.0,0
0.0,0.0,1.0,0.0,0
0.0,0.0,1.0,0.0,0
0.0,0.0,1.0,0.0,0
0.2,0.0,1.0,0.0,0
0.0,0.0,1.0,2.0,0
0.0,0.0,1.0,0.0,0
0.0,0.0,1.0,0.0,0
0.0,0.0,1.0,0.0,0
0.0,0.0,1.0,0.0,0
0.0,0.0,1.0,0.0,0
0.0,0.0,1.0,11.0,0
0.0,0.0,1.0,0.0,0
0.0,0.0,1.0,0.0,0
0.0,0.0,1.0,0.0,0
0.0,0.0,1.0,0.0,0
0.0,0.0,1.0,0.0,0
0.0,0.0,1.0,0.0,0
0.0,0.0,1.0,0.0,0
0.0,0.0,1.0,0.0,0
0.0,0.0,1.0,0.0,0
16.6,0.0,1.0,1.0,1
0.0,0.0,1.0,0.0,0
0.0,0.0,1.0,0.0,0
0.0,0.0,1.0,0.0,0
0.0,0.0,1.0,0.0,0
0.0,0.0,1.0,0.0,0
0.0,0.0,1.0,0.0,0
0.0,0.0,1.0,0.0,0
0.0,0.0,1.0,0.0,0
0.0,0.0,1.0,0.0,0
0.0,0.0,1.0,0.0,0
0.0,0.0,1.0,0.0,0
0.0,0.0,1.0,0.0,0
0.0,0.0,1.0,9.0,0
0.0,0.0,1.0,0.0,0
0.0,0.0,1.0,0.0,0
0.0,0.0,1.0,0.0,0
0.0,0.0,1.0,0.0,0
0.0,0.0,1.0,0.0,0
0.9,0.0,1.0,0.0,0
0.0,0.0,1.0,0.0,0
0.0,0.0,1.0,0.0,0
0.0,0.0,1.0,0.0,0
0.0,0.0,1.0,0.0,0
0.0,0.0,1.0,0.0,0
0.0,0.0,1.0,0.0,0
0.7,0.0,1.0,0.0,0
0.0,0.0,1.0,1.0,0
0.0,0.0,1.0,0.0,0
0.0,0.0,1.0,0.0,0
0.0,0.0,1.0,0.0,0
0.0,0.0,1.0,0.0,0
2.2,0.0,1.0,0.0,0
1.2,0.0,1.0,0.0,0
0.1,0.0,1.0,2.0,0
0.0,0.0,1.0,0.0,0
0.0,0.0,1.0,0.0,0
0.0,0.0,1.0,0.0,0
0.1,0.0,1.0,0.0,0
0.0,0.0,1.0,0.0,0
0.0,0.0,1.0,0.0,0
0.0,0.0,1.0,0.0,0
0.0,0.0,1.0,0.0,0
0.0,0.0,1.0,0.0,0
0.0,0.0,1.0,0.0,0
0.0,0.0,1.0,0.0,0
0.0,0.0,1.0,0.0,0
0.0,0.0,1.0,0.0,0
0.1,0.0,1.0,12.0,0
0.0,0.0,1.0,0.0,0
0.0,0.0,1.0,0.0,0
0.3,0.0,1.0,2.0,0
0.0,0.0,1.0,0.0,0
0.0,0.0,1.0,0.0,0
0.0,0.0,1.0,0.0,0
0.0,0.0,1.0,0.0,0
0.0,0.0,1.0,0.0,0
0.0,0.0,1.0,0.0,0
0.0,0.0,1.0,0.0,0
0.1,0.0,1.0,0.0,0
0.0,0.0,1.0,0.0,0
0.0,0.0,1.0,0.0,0
0.0,0.0,1.0,0.0,0
0.0,0.0,1.0,0.0,0
0.0,0.0,1.0,0.0,0
0.0,0.0,1.0,0.0,0
0.0,0.0,1.0,0.0,0
0.0,0.0,1.0,3.0,0
0.0,0.0,1.0,0.0,0
3.0,0.0,1.0,0.0,0
0.5,0.0,1.0,0.0,0
0.0,0.0,1.0,0.0,0
0.0,0.0,1.0,0.0,0
0.0,0.0,1.0,0.0,0
0.0,0.0,1.0,0.0,0
0.0,0.0,1.0,0.0,0
0.0,0.0,1.0,0.0,0
0.1,0.0,1.0,0.0,0
0.0,0.0,1.0,0.0,0
0.1,0.0,1.0,0.0,0
0.0,0.0,1.0,0.0,0
0.1,0.0,1.0,0.0,0
0.0,0.0,1.0,0.0,0
0.0,0.0,1.0,0.0,0
0.0,0.0,1.0,0.0,0
0.1,0.0,1.0,0.0,0
0.0,0.0,1.0,0.0,0
0.1,0.0,1.0,1.0,0
0.1,0.0,1.0,8.0,0
0.0,0.0,1.0,0.0,0
0.0,0.0,1.0,0.0,0
0.0,0.0,1.0,0.0,0
0.0,0.0,1.0,1.0,0
0.0,0.0,1.0,0.0,0
0.0,0.0,1.0,0.0,0
0.0,0.0,1.0,0.0,0
0.1,0.0,1.0,1.0,0
0.0,0.0,1.0,0.0,0
1.1,0.0,1.0,0.0,0
0.0,0.0,1.0,5.0,0
3156.8,0.0,1.0,6.0,1
3.6,0.0,1.0,15.0,0
0.0,0.0,1.0,0.0,0
0.0,0.0,1.0,0.0,0
0.2,0.0,1.0,1.0,0
0.0,0.0,1.0,0.0,0
0.0,0.0,1.0,0.0,0
0.0,0.0,1.0,0.0,0
0.0,0.0,1.0,0.0,0
0.0,0.0,1.0,2.0,0
0.1,0.0,1.0,2.0,0
3.2,0.0,1.0,0.0,0
0.0,0.0,1.0,0.0,0
0.2,0.0,1.0,2.0,0
0.1,0.0,1.0,2.0,0
0.0,0.0,1.0,0.0,0
0.0,0.0,1.0,0.0,0
0.0,0.0,1.0,0.0,0
0.0,0.0,1.0,0.0,0
0.5,0.0,1.0,12.0,0
0.0,0.0,1.0,0.0,0
0.0,0.0,1.0,0.0,0
0.0,0.0,1.0,0.0,0
0.0,0.0,1.0,0.0,0
0.0,0.0,1.0,2.0,0
1.0,0.0,1.0,6.0,0
0.0,0.0,1.0,0.0,0
0.0,0.0,1.0,0.0,0
0.0,0.0,1.0,0.0,0
0.0,0.0,1.0,0.0,0
0.1,0.0,1.0,0.0,0
0.0,0.0,1.0,0.0,0
0.0,0.0,1.0,0.0,0
0.0,0.0,1.0,0.0,0
0.0,0.0,1.0,0.0,0
0.0,0.0,1.0,0.0,0
0.0,0.0,1.0,0.0,0
0.0,0.0,1.0,0.0,0
0.0,0.0,1.0,0.0,0
0.0,0.0,1.0,0.0,0
0.0,0.0,1.0,0.0,0
0.0,0.0,1.0,0.0,0
0.0,0.0,1.0,4.0,0
0.0,0.0,1.0,0.0,0
0.5,0.0,1.0,0.0,0
0.0,0.0,1.0,0.0,0
0.0,0.0,1.0,0.0,0
0.0,0.0,1.0,2.0,0
0.0,0.0,1.0,0.0,0
0.0,0.0,1.0,0.0,0
0.0,0.0,1.0,0.0,0
0.1,0.0,1.0,0.0,0
0.0,0.0,1.0,0.0,0
0.0,0.0,1.0,0.0,0
0.0,0.0,1.0,0.0,0
0.1,0.0,1.0,0.0,0
0.0,0.0,1.0,0.0,0
0.0,0.0,1.0,0.0,0
0.0,0.0,1.0,0.0,0
0.0,0.0,1.0,0.0,0
0.0,0.0,1.0,0.0,0
0.3,0.0,1.0,0.0,0
0.0,0.0,1.0,0.0,0
0.8,0.0,1.0,0.0,0
0.0,0.0,1.0,0.0,0
0.0,0.0,1.0,0.0,0
0.0,0.0,1.0,0.0,0
0.0,0.0,1.0,0.0,0
0.0,0.0,1.0,2.0,0
0.0,0.0,1.0,0.0,0
0.0,0.0,1.0,0.0,0
0.0,0.0,1.0,0.0,0
0.0,0.0,1.0,0.0,0
0.0,0.0,1.0,0.0,0
0.0,0.0,1.0,1.0,0
0.0,0.0,1.0,0.0,0
0.0,0.0,1.0,0.0,0
0.0,0.0,1.0,0.0,0
0.0,0.0,1.0,1.0,0
0.0,0.0,1.0,0.0,0
0.0,0.0,1.0,0.0,0
0.0,0.0,1.0,1.0,0
0.0,0.0,1.0,0.0,0
0.0,0.0,1.0,0.0,0
0.0,0.0,1.0,4.0,0
0.0,0.0,1.0,0.0,0
0.0,0.0,1.0,0.0,0
0.0,0.0,1.0,0.0,0
1.3,0.0,1.0,16.0,0
0.0,0.0,1.0,0.0,0
0.0,0.0,1.0,1.0,0
0.0,0.0,1.0,0.0,0
0.0,0.0,1.0,0.0,0
0.0,0.0,1.0,0.0,0
0.0,0.0,1.0,0.0,0
0.0,0.0,1.0,1.0,0
0.0,0.0,1.0,0.0,0
0.0,0.0,1.0,0.0,0
0.0,0.0,1.0,0.0,0
0.0,0.0,1.0,0.0,0
0.0,0.0,1.0,0.0,0
0.2,0.0,1.0,0.0,0
0.0,0.0,1.0,4.0,0
0.0,0.0,1.0,0.0,0
0.0,0.0,1.0,0.0,0
0.0,0.0,1.0,0.0,0
0.0,0.0,1.0,0.0,0
0.0,0.0,1.0,0.0,0
0.0,0.0,1.0,0.0,0
0.0,0.0,1.0,0.0,0
0.0,0.0,1.0,0.0,0
0.0,0.0,1.0,0.0,0
0.0,0.0,1.0,0.0,0
0.0,0.0,1.0,0.0,0
0.0,0.0,1.0,2.0,0
0.0,0.0,1.0,0.0,0
0.0,0.0,1.0,0.0,0
0.0,0.0,1.0,0.0,0
0.0,0.0,1.0,0.0,0
0.0,0.0,1.0,2.0,0
0.0,0.0,1.0,5.0,0
0.0,0.0,1.0,0.0,0
0.0,0.0,1.0,0.0,0
0.0,0.0,1.0,308.0,1
0.0,0.0,1.0,0.0,0
0.0,0.0,1.0,0.0,0
0.0,0.0,1.0,0.0,0
0.0,0.0,1.0,0.0,0
0.0,0.0,1.0,0.0,0
0.0,0.0,1.0,0.0,0
0.0,0.0,1.0,0.0,0
0.0,0.0,1.0,0.0,0
0.0,0.0,1.0,0.0,0
0.0,0.0,1.0,0.0,0
0.0,0.0,1.0,0.0,0
0.0,0.0,1.0,0.0,0
0.0,0.0,1.0,0.0,0
0.0,0.0,1.0,0.0,0
0.0,0.0,1.0,0.0,0
0.0,0.0,1.0,5.0,0
0.0,0.0,1.0,0.0,0
0.0,0.0,1.0,0.0,0
0.0,0.0,1.0,0.0,0
0.0,0.0,1.0,0.0,0
0.0,0.0,1.0,0.0,0
0.0,0.0,1.0,0.0,0
0.0,0.0,1.0,0.0,0
0.1,0.0,1.0,0.0,0
0.0,0.0,1.0,16.0,0
0.0,0.0,1.0,0.0,0
0.0,0.0,1.0,0.0,0
0.2,0.0,1.0,0.0,0
0.0,0.0,1.0,0.0,0
0.1,0.0,1.0,11.0,0
0.2,0.0,1.0,0.0,0
0.0,0.0,1.0,0.0,0
0.0,0.0,1.0,0.0,0
0.0,0.0,1.0,0.0,0
0.0,0.0,1.0,0.0,0
0.0,0.0,1.0,0.0,0
0.0,0.0,1.0,9.0,0
0.0,0.0,1.0,0.0,0
0.0,0.0,1.0,0.0,0
0.0,0.0,1.0,0.0,0
0.1,0.0,1.0,0.0,0
0.0,0.0,1.0,0.0,0
0.0,0.0,1.0,0.0,0
0.3,0.0,1.0,1.0,0
0.0,0.0,1.0,0.0,0
0.0,0.0,1.0,0.0,0
0.0,0.0,1.0,0.0,0
0.0,0.0,1.0,0.0,0
0.0,0.0,1.0,0.0,0
0.0,0.0,1.0,0.0,0
0.1,0.0,1.0,0.0,0
0.0,0.0,1.0,2.0,0
0.0,0.0,1.0,0.0,0
0.0,0.0,1.0,0.0,0
0.0,0.0,1.0,0.0,0
0.0,0.0,1.0,0.0,0
0.0,0.0,1.0,0.0,0
0.1,0.0,1.0,8.0,0
0.0,0.0,1.0,0.0,0
0.0,0.0,1.0,0.0,0
0.0,0.0,1.0,0.0,0
0.0,0.0,1.0,0.0,0
0.0,0.0,1.0,0.0,0
0.0,0.0,1.0,0.0,0
0.0,0.0,1.0,0.0,0
0.0,0.0,1.0,0.0,0
0.0,0.0,1.0,0.0,0
16.8,0.0,1.0,1.0,1
0.0,0.0,1.0,0.0,0
0.0,0.0,1.0,0.0,0
0.0,0.0,1.0,0.0,0
0.0,0.0,1.0,0.0,0
0.0,0.0,1.0,0.0,0
0.0,0.0,1.0,0.0,0
0.0,0.0,1.0,0.0,0
0.0,0.0,1.0,0.0,0
0.0,0.0,1.0,0.0,0
0.0,0.0,1.0,0.0,0
0.0,0.0,1.0,0.0,0
0.0,0.0,1.0,0.0,0
0.0,0.0,1.0,9.0,0
0.0,0.0,1.0,0.0,0
0.0,0.0,1.0,0.0,0
0.0,0.0,1.0,0.0,0
0.0,0.0,1.0,0.0,0
0.0,0.0,1.0,0.0,0
0.9,0.0,1.0,0.0,0
0.0,0.0,1.0,0.0,0
0.0,0.0,1.0,0.0,0
0.0,0.0,1.0,0.0,0
0.0,0.0,1.0,0.0,0
0.0,0.0,1.0,0.0,0
0.0,0.0,1.0,0.0,0
0.7,0.0,1.0,0.0,0
0.0,0.0,1.0,1.0,0
0.0,0.0,1.0,0.0,0
0.0,0.0,1.0,0.0,0
0.0,0.0,1.0,0.0,0
0.0,0.0,1.0,0.0,0
1.9,0.0,1.0,0.0,0
0.5,0.0,1.0,0.0,0
0.1,0.0,1.0,2.0,0
0.0,0.0,1.0,0.0,0
0.1,0.0,1.0,0.0,0
0.0,0.0,1.0,0.0,0
0.0,0.0,1.0,0.0,0
0.0,0.0,1.0,0.0,0
0.0,0.0,1.0,0.0,0
0.0,0.0,1.0,0.0,0
0.0,0.0,1.0,0.0,0
0.0,0.0,1.0,0.0,0
0.0,0.0,1.0,0.0,0
0.0,0.0,1.0,0.0,0
0.0,0.0,1.0,0.0,0
0.0,0.0,1.0,0.0,0
0.0,0.0,1.0,10.0,0
0.0,0.0,1.0,0.0,0
0.0,0.0,1.0,0.0,0
0.2,0.0,1.0,2.0,0
0.0,0.0,1.0,0.0,0
0.0,0.0,1.0,0.0,0
0.0,0.0,1.0,0.0,0
0.0,0.0,1.0,0.0,0
0.0,0.0,1.0,0.0,0
0.0,0.0,1.0,0.0,0
0.0,0.0,1.0,0.0,0
0.0,0.0,1.0,0.0,0
0.0,0.0,1.0,0.0,0
0.0,0.0,1.0,0.0,0
0.0,0.0,1.0,0.0,0
0.0,0.0,1.0,0.0,0
0.0,0.0,1.0,0.0,0
0.0,0.0,1.0,0.0,0
0.0,0.0,1.0,0.0,0
0.0,0.0,1.0,2.0,0
0.0,0.0,1.0,0.0,0
2.8,0.0,1.0,0.0,0
0.2,0.0,1.0,0.0,0
0.0,0.0,1.0,0.0,0
0.0,0.0,1.0,0.0,0
0.0,0.0,1.0,0.0,0
0.0,0.0,1.0,0.0,0
0.0,0.0,1.0,0.0,0
0.0,0.0,1.0,0.0,0
0.0,0.0,1.0,0.0,0
0.0,0.0,1.0,0.0,0
0.0,0.0,1.0,0.0,0
0.0,0.0,1.0,0.0,0
0.0,0.0,1.0,0.0,0
0.0,0.0,1.0,0.0,0
0.0,0.0,1.0,0.0,0
0.0,0.0,1.0,0.0,0
0.0,0.0,1.0,0.0,0
0.0,0.0,1.0,0.0,0
0.0,0.0,1.0,1.0,0
0.2,0.0,1.0,8.0,0
0.0,0.0,1.0,0.0,0
0.0,0.0,1.0,0.0,0
0.0,0.0,1.0,0.0,0
0.0,0.0,1.0,0.0,0
0.0,0.0,1.0,0.0,0
0.0,0.0,1.0,0.0,0
0.0,0.0,1.0,0.0,0
0.0,0.0,1.0,1.0,0
0.0,0.0,1.0,0.0,0
1.3,0.0,1.0,0.0,0
0.0,0.0,1.0,5.0,0
3156.1,0.0,1.0,8.0,1
3.9,0.0,1.0,15.0,0
0.0,0.0,1.0,0.0,0
0.0,0.0,1.0,0.0,0
0.3,0.0,1.0,1.0,0
0.1,0.0,1.0,0.0,0
0.0,0.0,1.0,0.0,0
0.0,0.0,1.0,0.0,0
0.0,0.0,1.0,0.0,0
0.0,0.0,1.0,2.0,0
0.1,0.0,1.0,2.0,0
2.8,0.0,1.0,0.0,0
0.0,0.0,1.0,0.0,0
0.0,0.0,1.0,2.0,0
0.0,0.0,1.0,2.0,0
0.0,0.0,1.0,0.0,0
0.0,0.0,1.0,0.0,0
0.0,0.0,1.0,0.0,0
0.0,0.0,1.0,0.0,0
0.5,0.0,1.0,12.0,0
0.0,0.0,1.0,0.0,0
0.0,0.0,1.0,0.0,0
0.0,0.0,1.0,0.0,0
0.0,0.0,1.0,0.0,0
0.0,0.0,1.0,2.0,0
0.5,0.0,1.0,6.0,0
0.0,0.0,1.0,0.0,0
0.0,0.0,1.0,0.0,0
0.0,0.0,1.0,0.0,0
0.0,0.0,1.0,0.0,0
0.2,0.0,1.0,0.0,0
0.0,0.0,1.0,0.0,0
0.0,0.0,1.0,0.0,0
0.0,0.0,1.0,0.0,0
0.0,0.0,1.0,0.0,0
0.0,0.0,1.0,0.0,0
0.0,0.0,1.0,0.0,0
0.0,0.0,1.0,0.0,0
0.0,0.0,1.0,0.0,0
0.0,0.0,1.0,0.0,0
0.0,0.0,1.0,0.0,0
0.0,0.0,1.0,0.0,0
0.0,0.0,1.0,4.0,0
0.0,0.0,1.0,0.0,0
0.4,0.0,1.0,0.0,0
0.0,0.0,1.0,0.0,0
0.0,0.0,1.0,0.0,0
0.0,0.0,1.0,2.0,0
0.0,0.0,1.0,0.0,0
0.0,0.0,1.0,0.0,0
0.0,0.0,1.0,0.0,0
0.1,0.0,1.0,0.0,0
1.7,0.0,1.0,0.0,0
0.0,0.0,1.0,0.0,0
0.1,0.0,1.0,0.0,0
0.0,0.0,1.0,0.0,0
0.0,0.0,1.0,0.0,0
0.0,0.0,1.0,0.0,0
0.0,0.0,1.0,0.0,0
0.0,0.0,1.0,0.0,0
0.3,0.0,1.0,0.0,0
0.0,0.0,1.0,0.0,0
0.7,0.0,1.0,0.0,0
0.0,0.0,1.0,0.0,0
0.0,0.0,1.0,0.0,0
0.0,0.0,1.0,0.0,0
0.0,0.0,1.0,0.0,0
0.0,0.0,1.0,2.0,0
0.0,0.0,1.0,0.0,0
0.0,0.0,1.0,0.0,0
0.0,0.0,1.0,0.0,0
0.0,0.0,1.0,0.0,0
0.0,0.0,1.0,0.0,0
0.0,0.0,1.0,1.0,0
0.0,0.0,1.0,0.0,0
0.0,0.0,1.0,1.0,0
0.0,0.0,1.0,0.0,0
0.0,0.0,1.0,1.0,0
0.0,0.0,1.0,0.0,0
0.0,0.0,1.0,0.0,0
0.0,0.0,1.0,1.0,0
0.0,0.0,1.0,0.0,0
0.0,0.0,1.0,0.0,0
0.0,0.0,1.0,4.0,0
0.0,0.0,1.0,0.0,0
0.0,0.0,1.0,0.0,0
0.1,0.0,1.0,0.0,0
1.3,0.0,1.0,16.0,0
0.0,0.0,1.0,0.0,0
0.0,0.0,1.0,1.0,0
0.0,0.0,1.0,0.0,0
0.0,0.0,1.0,0.0,0
0.0,0.0,1.0,0.0,0
0.0,0.0,1.0,0.0,0
0.0,0.0,1.0,1.0,0
0.0,0.0,1.0,0.0,0
0.0,0.0,1.0,0.0,0
0.0,0.0,1.0,0.0,0
0.0,0.0,1.0,0.0,0
0.0,0.0,1.0,0.0,0
0.3,0.0,1.0,0.0,0
0.0,0.0,1.0,4.0,0
0.0,0.0,1.0,0.0,0
0.0,0.0,1.0,0.0,0
0.0,0.0,1.0,0.0,0
0.0,0.0,1.0,0.0,0
0.0,0.0,1.0,0.0,0
0.0,0.0,1.0,0.0,0
0.0,0.0,1.0,0.0,0
0.0,0.0,1.0,0.0,0
0.0,0.0,1.0,0.0,0
0.0,0.0,1.0,0.0,0
0.1,0.0,1.0,0.0,0
0.0,0.0,1.0,2.0,0
0.1,0.0,1.0,0.0,0
0.0,0.0,1.0,0.0,0
0.0,0.0,1.0,0.0,0
0.0,0.0,1.0,0.0,0
0.0,0.0,1.0,2.0,0
0.0,0.0,1.0,5.0,0
0.0,0.0,1.0,0.0,0
0.0,0.0,1.0,0.0,0
0.1,0.0,1.0,308.0,1
0.0,0.0,1.0,0.0,0
0.0,0.0,1.0,0.0,0
0.0,0.0,1.0,0.0,0
0.0,0.0,1.0,0.0,0
0.0,0.0,1.0,0.0,0
0.0,0.0,1.0,0.0,0
0.0,0.0,1.0,0.0,0
0.0,0.0,1.0,0.0,0
0.0,0.0,1.0,0.0,0
0.0,0.0,1.0,0.0,0
0.0,0.0,1.0,0.0,0
0.0,0.0,1.0,0.0,0
0.0,0.0,1.0,0.0,0
0.0,0.0,1.0,0.0,0
0.0,0.0,1.0,0.0,0
0.0,0.0,1.0,5.0,0
0.1,0.0,1.0,0.0,0
0.0,0.0,1.0,0.0,0
0.0,0.0,1.0,0.0,0
0.0,0.0,1.0,0.0,0
0.0,0.0,1.0,0.0,0
0.0,0.0,1.0,0.0,0
0.0,0.0,1.0,0.0,0
0.0,0.0,1.0,0.0,0
0.0,0.0,1.0,16.0,0
0.0,0.0,1.0,0.0,0
0.0,0.0,1.0,0.0,0
0.5,0.0,1.0,0.0,0
0.0,0.0,1.0,0.0,0
0.0,0.0,1.0,12.0,0
0.3,0.0,1.0,0.0,0
0.0,0.0,1.0,0.0,0
0.0,0.0,1.0,0.0,0
0.0,0.0,1.0,0.0,0
0.0,0.0,1.0,0.0,0
0.0,0.0,1.0,0.0,0
0.0,0.0,1.0,9.0,0
0.0,0.0,1.0,0.0,0
0.0,0.0,1.0,0.0,0
0.0,0.0,1.0,0.0,0
0.1,0.0,1.0,0.0,0
0.0,0.0,1.0,0.0,0
0.0,0.0,1.0,0.0,0
0.4,0.0,1.0,1.0,0
0.0,0.0,1.0,0.0,0
0.0,0.0,1.0,0.0,0
0.0,0.0,1.0,0.0,0
0.0,0.0,1.0,0.0,0
0.0,0.0,1.0,0.0,0
0.0,0.0,1.0,0.0,0
0.2,0.0,1.0,0.0,0
0.0,0.0,1.0,2.0,0
0.0,0.0,1.0,0.0,0
0.0,0.0,1.0,0.0,0
0.0,0.0,1.0,0.0,0
0.0,0.0,1.0,0.0,0
0.0,0.0,1.0,0.0,0
0.1,0.0,1.0,8.0,0
0.0,0.0,1.0,0.0,0
0.0,0.0,1.0,0.0,0
0.0,0.0,1.0,0.0,0
0.0,0.0,1.0,0.0,0
0.0,0.0,1.0,0.0,0
0.0,0.0,1.0,0.0,0
0.0,0.0,1.0,0.0,0
0.0,0.0,1.0,0.0,0
0.0,0.0,1.0,0.0,0
16.7,0.0,1.0,1.0,1
0.0,0.0,1.0,0.0,0
0.0,0.0,1.0,0.0,0
0.0,0.0,1.0,0.0,0
0.0,0.0,1.0,0.0,0
0.0,0.0,1.0,0.0,0
0.0,0.0,1.0,0.0,0
0.0,0.0,1.0,0.0,0
0.0,0.0,1.0,0.0,0
0.0,0.0,1.0,0.0,0
0.0,0.0,1.0,0.0,0
0.0,0.0,1.0,0.0,0
0.0,0.0,1.0,0.0,0
0.0,0.0,1.0,10.0,0
0.0,0.0,1.0,0.0,0
0.0,0.0,1.0,0.0,0
0.0,0.0,1.0,0.0,0
0.0,0.0,1.0,0.0,0
0.0,0.0,1.0,0.0,0
0.6,0.0,1.0,0.0,0
0.0,0.0,1.0,0.0,0
0.0,0.0,1.0,0.0,0
0.0,0.0,1.0,0.0,0
0.0,0.0,1.0,0.0,0
0.0,0.0,1.0,0.0,0
0.0,0.0,1.0,0.0,0
0.7,0.0,1.0,0.0,0
0.0,0.0,1.0,1.0,0
0.0,0.0,1.0,0.0,0
0.0,0.0,1.0,0.0,0
0.0,0.0,1.0,0.0,0
0.0,0.0,1.0,0.0,0
1.8,0.0,1.0,0.0,0
0.2,0.0,1.0,0.0,0
0.0,0.0,1.0,2.0,0
0.0,0.0,1.0,0.0,0
0.0,0.0,1.0,0.0,0
0.0,0.0,1.0,0.0,0
0.0,0.0,1.0,0.0,0
0.0,0.0,1.0,0.0,0
0.0,0.0,1.0,0.0,0
0.0,0.0,1.0,0.0,0
0.0,0.0,1.0,0.0,0
0.0,0.0,1.0,0.0,0
0.0,0.0,1.0,0.0,0
0.0,0.0,1.0,0.0,0
0.0,0.0,1.0,0.0,0
0.0,0.0,1.0,0.0,0
0.0,0.0,1.0,14.0,0
0.0,0.0,1.0,0.0,0
0.0,0.0,1.0,0.0,0
0.2,0.0,1.0,2.0,0
0.0,0.0,1.0,0.0,0
0.0,0.0,1.0,0.0,0
0.0,0.0,1.0,0.0,0
0.0,0.0,1.0,0.0,0
0.0,0.0,1.0,0.0,0
0.0,0.0,1.0,0.0,0
0.0,0.0,1.0,0.0,0
0.1,0.0,1.0,0.0,0
0.0,0.0,1.0,0.0,0
0.0,0.0,1.0,0.0,0
0.0,0.0,1.0,0.0,0
0.0,0.0,1.0,0.0,0
0.0,0.0,1.0,0.0,0
0.0,0.0,1.0,0.0,0
0.0,0.0,1.0,0.0,0
0.0,0.0,1.0,1.0,0
0.0,0.0,1.0,0.0,0
2.9,0.0,1.0,0.0,0
0.4,0.0,1.0,0.0,0
0.0,0.0,1.0,0.0,0
0.0,0.0,1.0,0.0,0
0.0,0.0,1.0,0.0,0
0.0,0.0,1.0,0.0,0
0.0,0.0,1.0,0.0,0
0.0,0.0,1.0,0.0,0
0.0,0.0,1.0,0.0,0
0.0,0.0,1.0,0.0,0
0.0,0.0,1.0,0.0,0
0.0,0.0,1.0,0.0,0
0.0,0.0,1.0,0.0,0
0.0,0.0,1.0,0.0,0
0.0,0.0,1.0,0.0,0
0.0,0.0,1.0,0.0,0
0.1,0.0,1.0,0.0,0
0.0,0.0,1.0,0.0,0
0.0,0.0,1.0,1.0,0
0.1,0.0,1.0,8.0,0
0.0,0.0,1.0,0.0,0
0.0,0.0,1.0,0.0,0
0.0,0.0,1.0,0.0,0
0.0,0.0,1.0,0.0,0
0.0,0.0,1.0,0.0,0
0.0,0.0,1.0,0.0,0
0.0,0.0,1.0,1.0,0
0.0,0.0,1.0,0.0,0
1.1,0.0,1.0,0.0,0
0.0,0.0,1.0,5.0,0
3161.1,0.0,1.0,8.0,1
3.5,0.0,1.0,15.0,0
0.0,0.0,1.0,0.0,0
0.0,0.0,1.0,0.0,0
0.2,0.0,1.0,1.0,0
0.1,0.0,1.0,0.0,0
0.0,0.0,1.0,0.0,0
0.0,0.0,1.0,0.0,0
0.0,0.0,1.0,0.0,0
0.0,0.0,1.0,2.0,0
0.2,0.0,1.0,2.0,0
2.3,0.0,1.0,0.0,0
0.0,0.0,1.0,0.0,0
0.1,0.0,1.0,2.0,0
0.1,0.0,1.0,2.0,0
0.0,0.0,1.0,0.0,0
0.0,0.0,1.0,0.0,0
0.0,0.0,1.0,0.0,0
0.0,0.0,1.0,0.0,0
0.5,0.0,1.0,12.0,0
0.0,0.0,1.0,0.0,0
0.0,0.0,1.0,0.0,0
0.0,0.0,1.0,0.0,0
0.0,0.0,1.0,0.0,0
0.0,0.0,1.0,2.0,0
0.5,0.0,1.0,6.0,0
0.0,0.0,1.0,0.0,0
0.0,0.0,1.0,0.0,0
0.0,0.0,1.0,0.0,0
0.0,0.0,1.0,0.0,0
0.1,0.0,1.0,0.0,0
0.0,0.0,1.0,0.0,0
0.0,0.0,1.0,0.0,0
0.0,0.0,1.0,0.0,0
0.0,0.0,1.0,0.0,0
0.0,0.0,1.0,0.0,0
0.0,0.0,1.0,0.0,0
0.0,0.0,1.0,0.0,0
0.0,0.0,1.0,0.0,0
0.0,0.0,1.0,0.0,0
0.0,0.0,1.0,0.0,0
0.0,0.0,1.0,0.0,0
0.0,0.0,1.0,4.0,0
0.0,0.0,1.0,0.0,0
0.6,0.0,1.0,0.0,0
0.0,0.0,1.0,0.0,0
0.0,0.0,1.0,0.0,0
0.0,0.0,1.0,2.0,0
0.0,0.0,1.0,0.0,0
0.0,0.0,1.0,0.0,0
0.0,0.0,1.0,0.0,0
0.0,0.0,1.0,0.0,0
0.0,0.0,1.0,0.0,0
0.0,0.0,1.0,0.0,0
0.0,0.0,1.0,0.0,0
0.0,0.0,1.0,0.0,0
0.0,0.0,1.0,0.0,0
0.0,0.0,1.0,0.0,0
0.0,0.0,1.0,0.0,0
0.0,0.0,1.0,0.0,0
0.3,0.0,1.0,0.0,0
0.0,0.0,1.0,0.0,0
0.8,0.0,1.0,0.0,0
0.0,0.0,1.0,0.0,0
0.0,0.0,1.0,0.0,0
0.0,0.0,1.0,0.0,0
0.0,0.0,1.0,0.0,0
0.0,0.0,1.0,2.0,0
0.0,0.0,1.0,0.0,0
0.0,0.0,1.0,0.0,0
0.0,0.0,1.0,0.0,0
0.0,0.0,1.0,0.0,0
0.0,0.0,1.0,0.0,0
0.0,0.0,1.0,1.0,0
0.0,0.0,1.0,0.0,0
0.0,0.0,1.0,1.0,0
0.0,0.0,1.0,0.0,0
0.0,0.0,1.0,1.0,0
0.0,0.0,1.0,0.0,0
0.0,0.0,1.0,0.0,0
0.0,0.0,1.0,1.0,0
0.0,0.0,1.0,0.0,0
0.0,0.0,1.0,0.0,0
0.0,0.0,1.0,4.0,0
0.0,0.0,1.0,0.0,0
0.0,0.0,1.0,0.0,0
0.0,0.0,1.0,0.0,0
0.3,0.0,1.0,16.0,0
0.0,0.0,1.0,0.0,0
0.0,0.0,1.0,1.0,0
0.0,0.0,1.0,0.0,0
0.0,0.0,1.0,0.0,0
0.0,0.0,1.0,0.0,0
0.0,0.0,1.0,0.0,0
0.0,0.0,1.0,0.0,0
0.0,0.0,1.0,0.0,0
0.0,0.0,1.0,0.0,0
0.0,0.0,1.0,0.0,0
0.0,0.0,1.0,0.0,0
0.2,0.0,1.0,0.0,0
0.0,0.0,1.0,4.0,0
0.0,0.0,1.0,0.0,0
0.0,0.0,1.0,0.0,0
0.0,0.0,1.0,0.0,0
0.0,0.0,1.0,0.0,0
0.0,0.0,1.0,0.0,0
0.0,0.0,1.0,0.0,0
0.0,0.0,1.0,0.0,0
0.0,0.0,1.0,0.0,0
0.0,0.0,1.0,0.0,0
0.0,0.0,1.0,0.0,0
0.0,0.0,1.0,0.0,0
0.0,0.0,1.0,2.0,0
0.0,0.0,1.0,0.0,0
0.0,0.0,1.0,0.0,0
0.0,0.0,1.0,0.0,0
0.0,0.0,1.0,0.0,0
0.0,0.0,1.0,2.0,0
0.0,0.0,1.0,5.0,0
0.0,0.0,1.0,0.0,0
0.1,0.0,1.0,0.0,0
0.0,0.0,1.0,308.0,1
0.0,0.0,1.0,0.0,0
0.0,0.0,1.0,0.0,0
0.0,0.0,1.0,0.0,0
0.0,0.0,1.0,0.0,0
0.0,0.0,1.0,0.0,0
0.0,0.0,1.0,0.0,0
0.0,0.0,1.0,0.0,0
0.0,0.0,1.0,0.0,0
0.0,0.0,1.0,0.0,0
0.0,0.0,1.0,0.0,0
0.0,0.0,1.0,0.0,0
0.0,0.0,1.0,0.0,0
0.0,0.0,1.0,0.0,0
0.0,0.0,1.0,0.0,0
0.0,0.0,1.0,0.0,0
0.0,0.0,1.0,5.0,0
0.0,0.0,1.0,0.0,0
0.0,0.0,1.0,0.0,0
0.0,0.0,1.0,0.0,0
0.0,0.0,1.0,0.0,0
0.0,0.0,1.0,0.0,0
0.0,0.0,1.0,0.0,0
0.0,0.0,1.0,0.0,0
0.0,0.0,1.0,0.0,0
0.0,0.0,1.0,16.0,0
0.0,0.0,1.0,0.0,0
0.0,0.0,1.0,0.0,0
0.2,0.0,1.0,0.0,0
0.0,0.0,1.0,0.0,0
0.0,0.0,1.0,11.0,0
0.2,0.0,1.0,0.0,0
0.0,0.0,1.0,0.0,0
0.0,0.0,1.0,0.0,0
0.0,0.0,1.0,0.0,0
0.0,0.0,1.0,0.0,0
0.0,0.0,1.0,0.0,0
0.0,0.0,1.0,9.0,0
0.0,0.0,1.0,0.0,0
0.0,0.0,1.0,0.0,0
0.0,0.0,1.0,0.0,0
0.2,0.0,1.0,0.0,0
0.0,0.0,1.0,0.0,0
0.0,0.0,1.0,0.0,0
0.2,0.0,1.0,1.0,0
0.0,0.0,1.0,0.0,0
0.0,0.0,1.0,0.0,0
0.0,0.0,1.0,0.0,0
0.0,0.0,1.0,0.0,0
0.0,0.0,1.0,0.0,0
0.0,0.0,1.0,0.0,0
0.1,0.0,1.0,0.0,0
0.0,0.0,1.0,2.0,0
0.0,0.0,1.0,0.0,0
0.0,0.0,1.0,0.0,0
0.0,0.0,1.0,0.0,0
0.0,0.0,1.0,0.0,0
0.0,0.0,1.0,0.0,0
0.1,0.0,1.0,11.0,0
0.0,0.0,1.0,0.0,0
0.0,0.0,1.0,0.0,0
0.0,0.0,1.0,0.0,0
0.0,0.0,1.0,0.0,0
0.0,0.0,1.0,0.0,0
0.0,0.0,1.0,0.0,0
0.0,0.0,1.0,0.0,0
0.0,0.0,1.0,0.0,0
0.0,0.0,1.0,0.0,0
16.4,0.0,1.0,1.0,1
0.0,0.0,1.0,0.0,0
0.0,0.0,1.0,0.0,0
0.0,0.0,1.0,0.0,0
0.0,0.0,1.0,0.0,0
0.0,0.0,1.0,0.0,0
0.0,0.0,1.0,0.0,0
0.0,0.0,1.0,0.0,0
0.0,0.0,1.0,0.0,0
0.0,0.0,1.0,0.0,0
0.0,0.0,1.0,0.0,0
0.0,0.0,1.0,0.0,0
0.0,0.0,1.0,0.0,0
0.0,0.0,1.0,9.0,0
0.0,0.0,1.0,0.0,0
0.0,0.0,1.0,0.0,0
0.0,0.0,1.0,0.0,0
0.0,0.0,1.0,0.0,0
0.0,0.0,1.0,0.0,0
0.8,0.0,1.0,0.0,0
0.0,0.0,1.0,0.0,0
0.0,0.0,1.0,0.0,0
0.0,0.0,1.0,0.0,0
0.1,0.0,1.0,0.0,0
0.0,0.0,1.0,0.0,0
0.0,0.0,1.0,0.0,0
0.7,0.0,1.0,0.0,0
0.0,0.0,1.0,1.0,0
0.0,0.0,1.0,0.0,0
0.0,0.0,1.0,0.0,0
0.0,0.0,1.0,0.0,0
0.0,0.0,1.0,0.0,0
2.0,0.0,1.0,0.0,0
0.1,0.0,1.0,0.0,0
0.0,0.0,1.0,2.0,0
0.0,0.0,1.0,0.0,0
0.0,0.0,1.0,0.0,0
0.0,0.0,1.0,0.0,0
0.0,0.0,1.0,0.0,0
0.0,0.0,1.0,0.0,0
0.0,0.0,1.0,0.0,0
0.0,0.0,1.0,0.0,0
0.0,0.0,1.0,0.0,0
0.0,0.0,1.0,0.0,0
0.0,0.0,1.0,0.0,0
0.0,0.0,1.0,0.0,0
0.0,0.0,1.0,0.0,0
0.0,0.0,1.0,0.0,0
0.0,0.0,1.0,11.0,0
0.1,0.0,1.0,0.0,0
0.0,0.0,1.0,0.0,0
0.2,0.0,1.0,2.0,0
0.0,0.0,1.0,0.0,0
0.0,0.0,1.0,1.0,0
0.0,0.0,1.0,0.0,0
0.0,0.0,1.0,0.0,0
0.0,0.0,1.0,0.0,0
0.0,0.0,1.0,0.0,0
0.0,0.0,1.0,0.0,0
0.0,0.0,1.0,0.0,0
0.0,0.0,1.0,0.0,0
0.0,0.0,1.0,0.0,0
0.0,0.0,1.0,0.0,0
0.0,0.0,1.0,0.0,0
0.0,0.0,1.0,0.0,0
0.0,0.0,1.0,0.0,0
0.0,0.0,1.0,0.0,0
0.0,0.0,1.0,0.0,0
0.0,0.0,1.0,2.0,0
0.0,0.0,1.0,0.0,0
2.9,0.0,1.0,0.0,0
0.3,0.0,1.0,0.0,0
0.0,0.0,1.0,0.0,0
0.0,0.0,1.0,0.0,0
0.0,0.0,1.0,0.0,0
0.0,0.0,1.0,0.0,0
0.0,0.0,1.0,0.0,0
0.0,0.0,1.0,0.0,0
0.0,0.0,1.0,0.0,0
0.0,0.0,1.0,0.0,0
0.0,0.0,1.0,0.0,0
0.0,0.0,1.0,0.0,0
0.0,0.0,1.0,0.0,0
0.0,0.0,1.0,0.0,0
0.0,0.0,1.0,0.0,0
0.0,0.0,1.0,0.0,0
0.0,0.0,1.0,0.0,0
0.0,0.0,1.0,0.0,0
0.1,0.0,1.0,1.0,0
0.1,0.0,1.0,8.0,0
0.0,0.0,1.0,0.0,0
0.0,0.0,1.0,0.0,0
0.0,0.0,1.0,0.0,0
0.1,0.0,1.0,0.0,0
0.0,0.0,1.0,0.0,0
0.0,0.0,1.0,0.0,0
0.0,0.0,1.0,1.0,0
0.0,0.0,1.0,0.0,0
1.1,0.0,1.0,0.0,0
0.0,0.0,1.0,5.0,0
2788.7,0.0,1.0,57.0,1
49.7,0.0,1.0,15.0,1
0.0,0.0,1.0,0.0,0
0.1,0.0,1.0,0.0,0
0.2,0.0,1.0,1.0,0
0.6,0.0,1.0,0.0,0
0.0,0.0,1.0,0.0,0
0.0,0.0,1.0,0.0,0
0.1,0.0,1.0,0.0,0
0.0,0.0,1.0,2.0,0
0.0,0.0,1.0,0.0,0
3.1,0.0,1.0,2.0,0
1.9,0.0,1.0,0.0,0
0.0,0.0,1.0,0.0,0
0.7,0.0,1.0,2.0,0
3.8,0.0,1.0,2.0,0
0.5,0.0,1.0,0.0,0
0.0,0.0,1.0,0.0,0
0.0,0.0,1.0,0.0,0
0.0,0.0,1.0,0.0,0
6.5,0.0,1.0,0.0,0
0.3,0.0,1.0,12.0,0
0.0,0.0,1.0,0.0,0
0.0,0.0,1.0,0.0,0
0.0,0.0,1.0,0.0,0
0.0,0.0,1.0,0.0,0
0.4,0.0,1.0,2.0,0
0.6,0.0,1.0,6.0,0
0.0,0.0,1.0,0.0,0
0.0,0.0,1.0,0.0,0
0.0,0.0,1.0,0.0,0
0.0,0.0,1.0,0.0,0
0.1,0.0,1.0,0.0,0
0.0,0.0,1.0,0.0,0
1.8,0.0,1.0,0.0,0
0.0,0.0,1.0,0.0,0
0.0,0.0,1.0,0.0,0
0.4,0.0,1.0,0.0,0
0.1,0.0,1.0,0.0,0
0.0,0.0,1.0,0.0,0
0.0,0.0,1.0,0.0,0
0.1,0.0,1.0,0.0,0
0.0,0.0,1.0,0.0,0
0.0,0.0,1.0,0.0,0
0.1,0.0,1.0,0.0,0
0.0,0.0,1.0,4.0,0
0.0,0.0,1.0,0.0,0
0.8,0.0,1.0,0.0,0
0.0,0.0,1.0,0.0,0
0.0,0.0,1.0,0.0,0
0.1,0.0,1.0,2.0,0
0.0,0.0,1.0,0.0,0
0.5,0.0,1.0,0.0,0
0.0,0.0,1.0,0.0,0
0.0,0.0,1.0,0.0,0
0.1,0.0,1.0,0.0,0
0.1,0.0,1.0,0.0,0
0.0,0.0,1.0,0.0,0
0.2,0.0,1.0,0.0,0
0.2,0.0,1.0,0.0,0
0.0,0.0,1.0,0.0,0
0.3,0.0,1.0,0.0,0
0.0,0.0,1.0,0.0,0
0.0,0.0,1.0,0.0,0
0.0,0.0,1.0,0.0,0
1.7,0.0,1.0,0.0,0
0.0,0.0,1.0,0.0,0
1.9,0.0,1.0,0.0,0
0.0,0.0,1.0,0.0,0
0.0,0.0,1.0,0.0,0
0.3,0.0,1.0,0.0,0
0.0,0.0,1.0,0.0,0
0.0,0.0,1.0,2.0,0
0.1,0.0,1.0,0.0,0
0.0,0.0,1.0,0.0,0
0.0,0.0,1.0,0.0,0
0.0,0.0,1.0,0.0,0
0.0,0.0,1.0,0.0,0
0.0,0.0,1.0,1.0,0
0.3,0.0,1.0,0.0,0
0.0,0.0,1.0,0.0,0
0.0,0.0,1.0,0.0,0
0.0,0.0,1.0,1.0,0
0.0,0.0,1.0,0.0,0
0.0,0.0,1.0,0.0,0
0.0,0.0,1.0,1.0,0
0.0,0.0,1.0,0.0,0
0.0,0.0,1.0,0.0,0
0.0,0.0,1.0,4.0,0
0.0,0.0,1.0,0.0,0
2.5,0.0,1.0,0.0,0
1.8,0.0,1.0,0.0,0
6.0,0.0,1.0,16.0,0
0.0,0.0,1.0,0.0,0
0.0,0.0,1.0,1.0,0
0.0,0.0,1.0,0.0,0
0.0,0.0,1.0,0.0,0
0.0,0.0,1.0,0.0,0
0.9,0.0,1.0,0.0,0
0.0,0.0,1.0,0.0,0
0.0,0.0,1.0,0.0,0
0.0,0.0,1.0,0.0,0
0.5,0.0,1.0,0.0,0
0.0,0.0,1.0,0.0,0
0.3,0.0,1.0,0.0,0
0.2,0.0,1.0,4.0,0
0.0,0.0,1.0,0.0,0
0.0,0.0,1.0,0.0,0
0.4,0.0,1.0,0.0,0
0.0,0.0,1.0,0.0,0
3.0,0.0,1.0,0.0,0
0.0,0.0,1.0,0.0,0
0.0,0.0,1.0,0.0,0
0.0,0.0,1.0,0.0,0
0.0,0.0,1.0,0.0,0
0.0,0.0,1.0,0.0,0
0.0,0.0,1.0,0.0,0
0.0,0.0,1.0,0.0,0
0.0,0.0,1.0,2.0,0
0.0,0.0,1.0,0.0,0
0.0,0.0,1.0,0.0,0
0.0,0.0,1.0,0.0,0
0.0,0.0,1.0,0.0,0
0.0,0.0,1.0,10.0,0
0.0,0.0,1.0,2.0,0
0.0,0.0,1.0,5.0,0
0.5,0.0,1.0,0.0,0
8.9,0.0,1.0,0.0,0
0.0,0.0,1.0,0.0,0
0.2,0.0,1.0,308.0,1
0.0,0.0,1.0,0.0,0
0.0,0.0,1.0,0.0,0
0.0,0.0,1.0,0.0,0
0.1,0.0,1.0,0.0,0
0.0,0.0,1.0,0.0,0
0.0,0.0,1.0,0.0,0
0.0,0.0,1.0,0.0,0
0.0,0.0,1.0,0.0,0
0.1,0.0,1.0,0.0,0
0.0,0.0,1.0,0.0,0
0.0,0.0,1.0,0.0,0
0.0,0.0,1.0,0.0,0
0.0,0.0,1.0,0.0,0
0.0,0.0,1.0,0.0,0
0.0,0.0,1.0,0.0,0
0.0,0.0,1.0,5.0,0
28.8,0.0,1.0,0.0,1
0.0,0.0,1.0,0.0,0
0.0,0.0,1.0,0.0,0
0.0,0.0,1.0,0.0,0
0.0,0.0,1.0,0.0,0
0.0,0.0,1.0,0.0,0
0.0,0.0,1.0,0.0,0
0.1,0.0,1.0,0.0,0
0.1,0.0,1.0,16.0,0
0.0,0.0,1.0,0.0,0
0.0,0.0,1.0,0.0,0
0.0,0.0,1.0,0.0,0
0.2,0.0,1.0,0.0,0
0.0,0.0,1.0,0.0,0
0.1,0.0,1.0,12.0,0
0.3,0.0,1.0,0.0,0
0.1,0.0,1.0,0.0,0
0.0,0.0,1.0,0.0,0
0.0,0.0,1.0,0.0,0
0.0,0.0,1.0,0.0,0
0.0,0.0,1.0,0.0,0
0.0,0.0,1.0,9.0,0
0.0,0.0,1.0,0.0,0
0.0,0.0,1.0,0.0,0
0.0,0.0,1.0,0.0,0
0.1,0.0,1.0,0.0,0
0.0,0.0,1.0,0.0,0
0.0,0.0,1.0,0.0,0
0.0,0.0,1.0,0.0,0
0.2,0.0,1.0,1.0,0
0.0,0.0,1.0,0.0,0
0.0,0.0,1.0,0.0,0
0.1,0.0,1.0,0.0,0
0.0,0.0,1.0,0.0,0
0.0,0.0,1.0,0.0,0
0.1,0.0,1.0,0.0,0
0.1,0.0,1.0,0.0,0
0.0,0.0,1.0,2.0,0
0.0,0.0,1.0,0.0,0
0.0,0.0,1.0,0.0,0
0.0,0.0,1.0,0.0,0
0.0,0.0,1.0,0.0,0
0.0,0.0,1.0,0.0,0
0.1,0.0,1.0,8.0,0
0.0,0.0,1.0,0.0,0
0.3,0.0,1.0,0.0,0
0.0,0.0,1.0,0.0,0
0.0,0.0,1.0,0.0,0
0.0,0.0,1.0,0.0,0
0.0,0.0,1.0,0.0,0
0.0,0.0,1.0,0.0,0
0.0,0.0,1.0,0.0,0
0.0,0.0,1.0,0.0,0
17.2,0.0,1.0,1.0,1
0.0,0.0,1.0,0.0,0
0.0,0.0,1.0,0.0,0
0.1,0.0,1.0,0.0,0
0.0,0.0,1.0,0.0,0
0.0,0.0,1.0,0.0,0
0.0,0.0,1.0,0.0,0
0.0,0.0,1.0,0.0,0
0.0,0.0,1.0,0.0,0
0.0,0.0,1.0,0.0,0
0.0,0.0,1.0,0.0,0
0.0,0.0,1.0,0.0,0
0.0,0.0,1.0,0.0,0
0.0,0.0,1.0,0.0,0
0.0,0.0,1.0,0.0,0
0.0,0.0,1.0,10.0,0
0.0,0.0,1.0,0.0,0
0.0,0.0,1.0,0.0,0
0.0,0.0,1.0,0.0,0
0.0,0.0,1.0,0.0,0
0.0,0.0,1.0,0.0,0
0.8,0.0,1.0,0.0,0
0.0,0.0,1.0,0.0,0
0.0,0.0,1.0,0.0,0
0.0,0.0,1.0,0.0,0
0.1,0.0,1.0,0.0,0
0.0,0.0,1.0,0.0,0
0.0,0.0,1.0,0.0,0
0.0,0.0,1.0,0.0,0
1.4,0.0,1.0,0.0,0
0.0,0.0,1.0,2.0,0
0.0,0.0,1.0,0.0,0
0.0,0.0,1.0,0.0,0
0.0,0.0,1.0,0.0,0
0.0,0.0,1.0,0.0,0
1.8,0.0,1.0,0.0,0
0.4,0.0,1.0,0.0,0
0.1,0.0,1.0,2.0,0
0.0,0.0,1.0,0.0,0
0.0,0.0,1.0,0.0,0
0.0,0.0,1.0,0.0,0
0.0,0.0,1.0,0.0,0
0.0,0.0,1.0,0.0,0
0.0,0.0,1.0,0.0,0
0.0,0.0,1.0,0.0,0
0.0,0.0,1.0,0.0,0
0.0,0.0,1.0,0.0,0
0.0,0.0,1.0,0.0,0
0.3,0.0,1.0,0.0,0
0.0,0.0,1.0,0.0,0
0.0,0.0,1.0,0.0,0
0.0,0.0,1.0,1.0,0
0.0,0.0,1.0,9.0,0
0.3,0.0,1.0,0.0,0
0.0,0.0,1.0,0.0,0
4.4,0.0,1.0,2.0,0
0.0,0.0,1.0,0.0,0
0.0,0.0,1.0,0.0,0
0.0,0.0,1.0,0.0,0
0.0,0.0,1.0,0.0,0
0.0,0.0,1.0,0.0,0
0.0,0.0,1.0,0.0,0
0.0,0.0,1.0,0.0,0
0.0,0.0,1.0,0.0,0
0.0,0.0,1.0,0.0,0
0.0,0.0,1.0,0.0,0
0.0,0.0,1.0,0.0,0
0.0,0.0,1.0,0.0,0
0.0,0.0,1.0,0.0,0
0.0,0.0,1.0,0.0,0
0.0,0.0,1.0,0.0,0
0.0,0.0,1.0,3.0,0
1.3,0.0,1.0,0.0,0
0.0,0.0,1.0,0.0,0
2.8,0.0,1.0,0.0,0
3.2,0.0,1.0,0.0,0
0.0,0.0,1.0,0.0,0
0.0,0.0,1.0,0.0,0
0.3,0.0,1.0,0.0,0
0.0,0.0,1.0,0.0,0
0.0,0.0,1.0,0.0,0
0.0,0.0,1.0,0.0,0
0.0,0.0,1.0,0.0,0
0.0,0.0,1.0,0.0,0
0.0,0.0,1.0,0.0,0
0.0,0.0,1.0,0.0,0
0.2,0.0,1.0,0.0,0
0.0,0.0,1.0,0.0,0
0.0,0.0,1.0,0.0,0
0.0,0.0,1.0,0.0,0
0.0,0.0,1.0,0.0,0
0.0,0.0,1.0,0.0,0
0.0,0.0,1.0,1.0,0
0.3,0.0,1.0,8.0,0
0.0,0.0,1.0,0.0,0
0.0,0.0,1.0,0.0,0
0.0,0.0,1.0,0.0,0
0.0,0.0,1.0,0.0,0
0.0,0.0,1.0,0.0,0
0.0,0.0,1.0,0.0,0
0.0,0.0,1.0,1.0,0
0.0,0.0,1.0,0.0,0
1.0,0.0,1.0,0.0,0
0.0,0.0,1.0,0.0,0
0.3,0.0,1.0,5.0,0
0.0,0.0,1.0,1.0,0
2975.1,0.0,1.0,13.0,1
23.7,0.0,1.0,15.0,1
0.0,0.0,1.0,0.0,0
0.1,0.0,1.0,0.0,0
0.2,0.0,1.0,1.0,0
0.2,0.0,1.0,0.0,0
0.0,0.0,1.0,0.0,0
0.0,0.0,1.0,0.0,0
0.0,0.0,1.0,0.0,0
0.0,0.0,1.0,2.0,0
0.0,0.0,1.0,0.0,0
0.2,0.0,1.0,2.0,0
2.5,0.0,1.0,0.0,0
0.0,0.0,1.0,0.0,0
0.2,0.0,1.0,2.0,0
0.1,0.0,1.0,2.0,0
0.0,0.0,1.0,0.0,0
0.0,0.0,1.0,0.0,0
0.0,0.0,1.0,0.0,0
0.0,0.0,1.0,0.0,0
0.0,0.0,1.0,0.0,0
1.7,0.0,1.0,12.0,0
0.0,0.0,1.0,0.0,0
0.0,0.0,1.0,0.0,0
0.0,0.0,1.0,0.0,0
0.0,0.0,1.0,0.0,0
0.0,0.0,1.0,2.0,0
0.4,0.0,1.0,6.0,0
0.0,0.0,1.0,0.0,0
0.0,0.0,1.0,0.0,0
0.0,0.0,1.0,0.0,0
0.0,0.0,1.0,0.0,0
0.1,0.0,1.0,0.0,0
0.0,0.0,1.0,0.0,0
0.0,0.0,1.0,0.0,0
0.0,0.0,1.0,0.0,0
0.0,0.0,1.0,0.0,0
0.0,0.0,1.0,0.0,0
0.0,0.0,1.0,0.0,0
0.0,0.0,1.0,0.0,0
0.0,0.0,1.0,0.0,0
0.0,0.0,1.0,0.0,0
0.0,0.0,1.0,0.0,0
5.7,0.0,1.0,0.0,0
0.0,0.0,1.0,4.0,0
0.0,0.0,1.0,0.0,0
0.5,0.0,1.0,0.0,0
0.0,0.0,1.0,0.0,0
0.0,0.0,1.0,0.0,0
0.0,0.0,1.0,2.0,0
0.0,0.0,1.0,0.0,0
0.4,0.0,1.0,0.0,0
0.0,0.0,1.0,0.0,0
0.0,0.0,1.0,0.0,0
0.1,0.0,1.0,0.0,0
1.5,0.0,1.0,0.0,0
0.0,0.0,1.0,0.0,0
0.1,0.0,1.0,0.0,0
0.0,0.0,1.0,0.0,0
0.0,0.0,1.0,0.0,0
0.0,0.0,1.0,0.0,0
0.0,0.0,1.0,0.0,0
0.0,0.0,1.0,0.0,0
0.4,0.0,1.0,0.0,0
1.0,0.0,1.0,0.0,0
0.0,0.0,1.0,0.0,0
0.9,0.0,1.0,0.0,0
0.0,0.0,1.0,0.0,0
0.0,0.0,1.0,0.0,0
0.0,0.0,1.0,0.0,0
0.0,0.0,1.0,0.0,0
0.0,0.0,1.0,2.0,0
0.0,0.0,1.0,0.0,0
0.0,0.0,1.0,0.0,0
0.0,0.0,1.0,0.0,0
0.0,0.0,1.0,0.0,0
0.0,0.0,1.0,0.0,0
0.0,0.0,1.0,1.0,0
0.1,0.0,1.0,0.0,0
0.0,0.0,1.0,0.0,0
0.0,0.0,1.0,0.0,0
0.0,0.0,1.0,1.0,0
0.0,0.0,1.0,0.0,0
0.0,0.0,1.0,0.0,0
0.0,0.0,1.0,1.0,0
0.0,0.0,1.0,0.0,0
0.0,0.0,1.0,0.0,0
0.0,0.0,1.0,4.0,0
0.0,0.0,1.0,0.0,0
0.0,0.0,1.0,0.0,0
0.3,0.0,1.0,0.0,0
2.4,0.0,1.0,16.0,0
0.0,0.0,1.0,0.0,0
0.0,0.0,1.0,1.0,0
0.0,0.0,1.0,0.0,0
0.0,0.0,1.0,0.0,0
0.0,0.0,1.0,0.0,0
0.0,0.0,1.0,0.0,0
0.0,0.0,1.0,0.0,0
0.1,0.0,1.0,0.0,0
0.0,0.0,1.0,0.0,0
0.0,0.0,1.0,0.0,0
0.0,0.0,1.0,0.0,0
0.3,0.0,1.0,0.0,0
0.0,0.0,1.0,4.0,0
0.0,0.0,1.0,0.0,0
0.0,0.0,1.0,0.0,0
0.0,0.0,1.0,0.0,0
0.0,0.0,1.0,0.0,0
0.0,0.0,1.0,0.0,0
0.0,0.0,1.0,0.0,0
0.0,0.0,1.0,0.0,0
0.0,0.0,1.0,0.0,0
0.0,0.0,1.0,0.0,0
0.0,0.0,1.0,0.0,0
0.0,0.0,1.0,0.0,0
0.0,0.0,1.0,0.0,0
0.0,0.0,1.0,2.0,0
0.0,0.0,1.0,0.0,0
0.0,0.0,1.0,0.0,0
0.0,0.0,1.0,0.0,0
0.0,0.0,1.0,0.0,0
0.2,0.0,1.0,0.0,0
0.0,0.0,1.0,2.0,0
0.0,0.0,1.0,5.0,0
0.1,0.0,1.0,0.0,0
1.5,0.0,1.0,0.0,0
0.1,0.0,1.0,0.0,0
0.0,0.0,1.0,308.0,1
0.0,0.0,1.0,0.0,0
0.0,0.0,1.0,0.0,0
0.0,0.0,1.0,0.0,0
0.1,0.0,1.0,0.0,0
0.0,0.0,1.0,0.0,0
0.0,0.0,1.0,0.0,0
0.0,0.0,1.0,0.0,0
0.0,0.0,1.0,0.0,0
0.0,0.0,1.0,0.0,0
0.0,0.0,1.0,0.0,0
0.0,0.0,1.0,0.0,0
0.0,0.0,1.0,0.0,0
0.0,0.0,1.0,0.0,0
0.0,0.0,1.0,0.0,0
0.0,0.0,1.0,0.0,0
0.1,0.0,1.0,5.0,0
0.0,0.0,1.0,0.0,0
0.0,0.0,1.0,0.0,0
0.2,0.0,1.0,0.0,0
0.0,0.0,1.0,0.0,0
0.0,0.0,1.0,0.0,0
0.0,0.0,1.0,0.0,0
0.0,0.0,1.0,0.0,0
0.0,0.0,1.0,0.0,0
0.0,0.0,1.0,16.0,0
0.0,0.0,1.0,0.0,0
0.0,0.0,1.0,0.0,0
0.0,0.0,1.0,0.0,0
0.2,0.0,1.0,0.0,0
0.0,0.0,1.0,0.0,0
0.0,0.0,1.0,12.0,0
0.2,0.0,1.0,0.0,0
0.0,0.0,1.0,0.0,0
0.0,0.0,1.0,0.0,0
0.0,0.0,1.0,0.0,0
0.0,0.0,1.0,0.0,0
0.0,0.0,1.0,0.0,0
0.0,0.0,1.0,9.0,0
0.0,0.0,1.0,0.0,0
0.0,0.0,1.0,0.0,0
0.0,0.0,1.0,0.0,0
0.1,0.0,1.0,0.0,0
0.0,0.0,1.0,0.0,0
0.0,0.0,1.0,0.0,0
0.0,0.0,1.0,0.0,0
0.2,0.0,1.0,1.0,0
0.0,0.0,1.0,0.0,0
0.0,0.0,1.0,0.0,0
0.0,0.0,1.0,0.0,0
0.0,0.0,1.0,0.0,0
0.0,0.0,1.0,0.0,0
0.0,0.0,1.0,0.0,0
0.1,0.0,1.0,0.0,0
0.0,0.0,1.0,2.0,0
0.0,0.0,1.0,0.0,0
0.0,0.0,1.0,0.0,0
0.0,0.0,1.0,0.0,0
0.0,0.0,1.0,0.0,0
0.0,0.0,1.0,0.0,0
0.1,0.0,1.0,8.0,0
0.0,0.0,1.0,0.0,0
0.1,0.0,1.0,0.0,0
0.0,0.0,1.0,0.0,0
0.0,0.0,1.0,0.0,0
0.0,0.0,1.0,0.0,0
0.0,0.0,1.0,0.0,0
0.0,0.0,1.0,0.0,0
0.0,0.0,1.0,0.0,0
0.0,0.0,1.0,0.0,0
0.0,0.0,1.0,0.0,0
26.9,0.0,1.0,1.0,1
0.0,0.0,1.0,0.0,0
0.0,0.0,1.0,0.0,0
0.0,0.0,1.0,0.0,0
0.0,0.0,1.0,0.0,0
0.0,0.0,1.0,0.0,0
0.0,0.0,1.0,0.0,0
0.0,0.0,1.0,0.0,0
0.0,0.0,1.0,0.0,0
0.0,0.0,1.0,0.0,0
0.0,0.0,1.0,0.0,0
0.0,0.0,1.0,0.0,0
0.0,0.0,1.0,0.0,0
0.0,0.0,1.0,0.0,0
0.0,0.0,1.0,10.0,0
0.0,0.0,1.0,0.0,0
0.0,0.0,1.0,0.0,0
0.0,0.0,1.0,0.0,0
0.0,0.0,1.0,0.0,0
0.0,0.0,1.0,0.0,0
0.8,0.0,1.0,0.0,0
0.0,0.0,1.0,0.0,0
0.0,0.0,1.0,0.0,0
0.0,0.0,1.0,0.0,0
0.0,0.0,1.0,0.0,0
13.1,0.0,1.0,0.0,0
0.0,0.0,1.0,0.0,0
0.0,0.0,1.0,0.0,0
0.6,0.0,1.0,0.0,0
0.0,0.0,1.0,2.0,0
0.1,0.0,1.0,0.0,0
0.0,0.0,1.0,0.0,0
0.0,0.0,1.0,0.0,0
0.0,0.0,1.0,0.0,0
1.4,0.0,1.0,0.0,0
0.4,0.0,1.0,0.0,0
0.1,0.0,1.0,2.0,0
0.0,0.0,1.0,0.0,0
0.0,0.0,1.0,0.0,0
0.0,0.0,1.0,0.0,0
0.0,0.0,1.0,0.0,0
0.0,0.0,1.0,0.0,0
0.0,0.0,1.0,0.0,0
0.0,0.0,1.0,0.0,0
0.0,0.0,1.0,0.0,0
0.0,0.0,1.0,0.0,0
0.0,0.0,1.0,0.0,0
0.0,0.0,1.0,0.0,0
0.0,0.0,1.0,0.0,0
0.0,0.0,1.0,0.0,0
0.0,0.0,1.0,0.0,0
1.1,0.0,1.0,14.0,0
0.1,0.0,1.0,0.0,0
0.0,0.0,1.0,0.0,0
2.9,0.0,1.0,2.0,0
0.0,0.0,1.0,0.0,0
0.0,0.0,1.0,0.0,0
0.1,0.0,1.0,0.0,0
0.0,0.0,1.0,0.0,0
0.0,0.0,1.0,0.0,0
0.0,0.0,1.0,0.0,0
0.0,0.0,1.0,0.0,0
0.0,0.0,1.0,0.0,0
0.0,0.0,1.0,0.0,0
0.0,0.0,1.0,0.0,0
0.0,0.0,1.0,0.0,0
0.0,0.0,1.0,0.0,0
0.0,0.0,1.0,0.0,0
0.0,0.0,1.0,0.0,0
0.0,0.0,1.0,1.0,0
0.0,0.0,1.0,0.0,0
0.1,0.0,1.0,0.0,0
2.9,0.0,1.0,0.0,0
0.5,0.0,1.0,0.0,0
0.0,0.0,1.0,0.0,0
0.0,0.0,1.0,0.0,0
0.0,0.0,1.0,0.0,0
0.0,0.0,1.0,0.0,0
0.0,0.0,1.0,0.0,0
0.0,0.0,1.0,0.0,0
0.0,0.0,1.0,0.0,0
0.0,0.0,1.0,0.0,0
0.0,0.0,1.0,0.0,0
0.0,0.0,1.0,0.0,0
0.1,0.0,1.0,0.0,0
0.0,0.0,1.0,0.0,0
0.0,0.0,1.0,0.0,0
0.0,0.0,1.0,0.0,0
0.0,0.0,1.0,0.0,0
0.0,0.0,1.0,0.0,0
0.0,0.0,1.0,1.0,0
0.1,0.0,1.0,8.0,0
0.0,0.0,1.0,0.0,0
0.0,0.0,1.0,0.0,0
0.0,0.0,1.0,0.0,0
0.0,0.0,1.0,0.0,0
0.0,0.0,1.0,0.0,0
0.0,0.0,1.0,0.0,0
0.1,0.0,1.0,1.0,0
0.0,0.0,1.0,0.0,0
1.0,0.0,1.0,0.0,0
0.1,0.0,1.0,0.0,0
0.0,0.0,1.0,5.0,0
0.0,0.0,1.0,1.0,0
2947.5,0.0,1.0,7.0,1
11.6,0.0,1.0,15.0,1
0.0,0.0,1.0,0.0,0
0.0,0.0,1.0,0.0,0
0.2,0.0,1.0,1.0,0
0.0,0.0,1.0,1.0,0
0.1,0.0,1.0,0.0,0
0.0,0.0,1.0,0.0,0
0.0,0.0,1.0,0.0,0
0.0,0.0,1.0,0.0,0
0.0,0.0,1.0,2.0,0
0.0,0.0,1.0,0.0,0
0.1,0.0,1.0,2.0,0
1.7,0.0,1.0,0.0,0
0.0,0.0,1.0,0.0,0
0.1,0.0,1.0,2.0,0
0.0,0.0,1.0,2.0,0
0.0,0.0,1.0,0.0,0
0.0,0.0,1.0,0.0,0
0.0,0.0,1.0,0.0,0
0.0,0.0,1.0,0.0,0
0.0,0.0,1.0,0.0,0
0.4,0.0,1.0,12.0,0
0.0,0.0,1.0,0.0,0
0.0,0.0,1.0,0.0,0
0.0,0.0,1.0,0.0,0
0.0,0.0,1.0,0.0,0
0.0,0.0,1.0,2.0,0
0.3,0.0,1.0,6.0,0
0.0,0.0,1.0,0.0,0
0.0,0.0,1.0,0.0,0
0.0,0.0,1.0,0.0,0
0.0,0.0,1.0,0.0,0
0.1,0.0,1.0,0.0,0
0.0,0.0,1.0,0.0,0
0.0,0.0,1.0,0.0,0
0.0,0.0,1.0,0.0,0
0.0,0.0,1.0,0.0,0
0.0,0.0,1.0,0.0,0
0.0,0.0,1.0,0.0,0
0.0,0.0,1.0,0.0,0
0.0,0.0,1.0,0.0,0
0.0,0.0,1.0,0.0,0
0.0,0.0,1.0,0.0,0
0.2,0.0,1.0,0.0,0
0.0,0.0,1.0,4.0,0
0.0,0.0,1.0,0.0,0
0.6,0.0,1.0,0.0,0
0.0,0.0,1.0,0.0,0
0.0,0.0,1.0,0.0,0
0.0,0.0,1.0,2.0,0
0.0,0.0,1.0,0.0,0
0.0,0.0,1.0,0.0,0
0.0,0.0,1.0,0.0,0
0.0,0.0,1.0,0.0,0
0.0,0.0,1.0,0.0,0
1.8,0.0,1.0,0.0,0
0.0,0.0,1.0,0.0,0
0.1,0.0,1.0,0.0,0
0.0,0.0,1.0,0.0,0
0.0,0.0,1.0,0.0,0
0.0,0.0,1.0,0.0,0
0.0,0.0,1.0,0.0,0
0.0,0.0,1.0,0.0,0
1.5,0.0,1.0,0.0,0
0.3,0.0,1.0,0.0,0
0.0,0.0,1.0,0.0,0
0.6,0.0,1.0,0.0,0
0.0,0.0,1.0,0.0,0
0.0,0.0,1.0,0.0,0
0.0,0.0,1.0,0.0,0
0.0,0.0,1.0,0.0,0
0.0,0.0,1.0,2.0,0
0.0,0.0,1.0,0.0,0
0.0,0.0,1.0,0.0,0
0.0,0.0,1.0,0.0,0
0.0,0.0,1.0,0.0,0
0.0,0.0,1.0,0.0,0
0.0,0.0,1.0,1.0,0
0.0,0.0,1.0,0.0,0
0.0,0.0,1.0,0.0,0
0.0,0.0,1.0,0.0,0
0.0,0.0,1.0,1.0,0
0.0,0.0,1.0,0.0,0
0.0,0.0,1.0,0.0,0
0.0,0.0,1.0,1.0,0
0.0,0.0,1.0,0.0,0
0.0,0.0,1.0,0.0,0
0.0,0.0,1.0,4.0,0
0.0,0.0,1.0,0.0,0
0.0,0.0,1.0,0.0,0
0.1,0.0,1.0,0.0,0
3.3,0.0,1.0,16.0,0
0.0,0.0,1.0,0.0,0
0.0,0.0,1.0,1.0,0
0.0,0.0,1.0,0.0,0
0.0,0.0,1.0,0.0,0
0.0,0.0,1.0,0.0,0
0.0,0.0,1.0,0.0,0
0.0,0.0,1.0,0.0,0
0.0,0.0,1.0,0.0,0
0.0,0.0,1.0,0.0,0
0.0,0.0,1.0,0.0,0
0.0,0.0,1.0,0.0,0
0.2,0.0,1.0,0.0,0
0.0,0.0,1.0,4.0,0
0.0,0.0,1.0,0.0,0
0.0,0.0,1.0,0.0,0
0.0,0.0,1.0,0.0,0
0.0,0.0,1.0,0.0,0
0.0,0.0,1.0,0.0,0
0.0,0.0,1.0,0.0,0
0.0,0.0,1.0,0.0,0
0.0,0.0,1.0,0.0,0
0.0,0.0,1.0,0.0,0
0.0,0.0,1.0,0.0,0
0.0,0.0,1.0,0.0,0
0.0,0.0,1.0,2.0,0
0.0,0.0,1.0,0.0,0
0.0,0.0,1.0,0.0,0
0.0,0.0,1.0,0.0,0
0.0,0.0,1.0,0.0,0
0.0,0.0,1.0,0.0,0
0.0,0.0,1.0,2.0,0
0.0,0.0,1.0,5.0,0
0.0,0.0,1.0,0.0,0
1.7,0.0,1.0,0.0,0
0.0,0.0,1.0,0.0,0
0.1,0.0,1.0,308.0,1
0.0,0.0,1.0,0.0,0
0.0,0.0,1.0,0.0,0
0.0,0.0,1.0,0.0,0
0.0,0.0,1.0,0.0,0
0.0,0.0,1.0,0.0,0
0.0,0.0,1.0,0.0,0
0.0,0.0,1.0,0.0,0
0.0,0.0,1.0,0.0,0
0.0,0.0,1.0,0.0,0
0.0,0.0,1.0,0.0,0
0.0,0.0,1.0,0.0,0
0.0,0.0,1.0,0.0,0
0.0,0.0,1.0,0.0,0
0.0,0.0,1.0,0.0,0
0.0,0.0,1.0,0.0,0
0.0,0.0,1.0,5.0,0
0.0,0.0,1.0,0.0,0
0.0,0.0,1.0,0.0,0
0.0,0.0,1.0,0.0,0
0.0,0.0,1.0,0.0,0
0.0,0.0,1.0,0.0,0
0.0,0.0,1.0,0.0,0
0.0,0.0,1.0,0.0,0
0.1,0.0,1.0,0.0,0
0.0,0.0,1.0,16.0,0
0.0,0.0,1.0,0.0,0
0.0,0.0,1.0,0.0,0
0.0,0.0,1.0,0.0,0
0.2,0.0,1.0,0.0,0
0.0,0.0,1.0,0.0,0
0.0,0.0,1.0,11.0,0
0.1,0.0,1.0,0.0,0
0.0,0.0,1.0,0.0,0
0.0,0.0,1.0,0.0,0
0.0,0.0,1.0,0.0,0
0.0,0.0,1.0,0.0,0
0.0,0.0,1.0,0.0,0
0.0,0.0,1.0,9.0,0
0.0,0.0,1.0,0.0,0
0.0,0.0,1.0,0.0,0
0.0,0.0,1.0,0.0,0
0.0,0.0,1.0,0.0,0
0.0,0.0,1.0,0.0,0
0.0,0.0,1.0,0.0,0
0.0,0.0,1.0,0.0,0
0.3,0.0,1.0,1.0,0
0.0,0.0,1.0,0.0,0
0.0,0.0,1.0,0.0,0
0.0,0.0,1.0,0.0,0
0.0,0.0,1.0,0.0,0
0.0,0.0,1.0,0.0,0
0.0,0.0,1.0,0.0,0
0.2,0.0,1.0,0.0,0
0.0,0.0,1.0,2.0,0
0.0,0.0,1.0,0.0,0
0.0,0.0,1.0,0.0,0
0.0,0.0,1.0,0.0,0
0.0,0.0,1.0,0.0,0
0.0,0.0,1.0,0.0,0
0.0,0.0,1.0,8.0,0
0.0,0.0,1.0,0.0,0
0.0,0.0,1.0,0.0,0
0.0,0.0,1.0,0.0,0
0.0,0.0,1.0,0.0,0
0.0,0.0,1.0,0.0,0
0.0,0.0,1.0,0.0,0
0.0,0.0,1.0,0.0,0
90.1,0.0,1.0,0.0,1
0.0,0.0,1.0,0.0,0
25.0,0.0,1.0,1.0,1
0.0,0.0,1.0,0.0,0
0.0,0.0,1.0,0.0,0
0.0,0.0,1.0,0.0,0
0.0,0.0,1.0,0.0,0
0.0,0.0,1.0,0.0,0
0.0,0.0,1.0,0.0,0
0.0,0.0,1.0,0.0,0
0.0,0.0,1.0,0.0,0
0.0,0.0,1.0,0.0,0
0.0,0.0,1.0,0.0,0
0.0,0.0,1.0,0.0,0
0.0,0.0,1.0,0.0,0
0.0,0.0,1.0,9.0,0
0.0,0.0,1.0,0.0,0
0.0,0.0,1.0,0.0,0
0.0,0.0,1.0,0.0,0
0.0,0.0,1.0,0.0,0
0.0,0.0,1.0,0.0,0
0.5,0.0,1.0,0.0,0
0.0,0.0,1.0,0.0,0
0.0,0.0,1.0,0.0,0
0.0,0.0,1.0,0.0,0
0.0,0.0,1.0,0.0,0
0.1,0.0,1.0,0.0,0
0.0,0.0,1.0,0.0,0
0.0,0.0,1.0,0.0,0
0.7,0.0,1.0,0.0,0
0.0,0.0,1.0,1.0,0
0.0,0.0,1.0,0.0,0
0.0,0.0,1.0,0.0,0
0.0,0.0,1.0,0.0,0
0.0,0.0,1.0,0.0,0
1.4,0.0,1.0,0.0,0
0.2,0.0,1.0,0.0,0
0.0,0.0,1.0,2.0,0
0.0,0.0,1.0,0.0,0
0.1,0.0,1.0,0.0,0
0.0,0.0,1.0,0.0,0
0.0,0.0,1.0,0.0,0
0.0,0.0,1.0,0.0,0
0.0,0.0,1.0,0.0,0
0.0,0.0,1.0,0.0,0
0.0,0.0,1.0,0.0,0
0.0,0.0,1.0,0.0,0
0.0,0.0,1.0,0.0,0
0.0,0.0,1.0,0.0,0
0.0,0.0,1.0,0.0,0
0.0,0.0,1.0,0.0,0
0.1,0.0,1.0,12.0,0
0.0,0.0,1.0,0.0,0
0.0,0.0,1.0,0.0,0
99.3,0.0,1.0,2.0,1
0.0,0.0,1.0,0.0,0
0.0,0.0,1.0,0.0,0
0.0,0.0,1.0,0.0,0
0.0,0.0,1.0,0.0,0
0.0,0.0,1.0,0.0,0
0.0,0.0,1.0,0.0,0
0.0,0.0,1.0,0.0,0
0.0,0.0,1.0,0.0,0
0.0,0.0,1.0,0.0,0
0.0,0.0,1.0,0.0,0
0.0,0.0,1.0,0.0,0
0.0,0.0,1.0,0.0,0
0.0,0.0,1.0,0.0,0
0.0,0.0,1.0,0.0,0
0.0,0.0,1.0,1.0,0
0.0,0.0,1.0,0.0,0
0.1,0.0,1.0,0.0,0
2.8,0.0,1.0,0.0,0
0.4,0.0,1.0,0.0,0
0.0,0.0,1.0,0.0,0
0.0,0.0,1.0,0.0,0
0.0,0.0,1.0,0.0,0
0.0,0.0,1.0,0.0,0
0.0,0.0,1.0,0.0,0
0.0,0.0,1.0,0.0,0
0.0,0.0,1.0,0.0,0
0.0,0.0,1.0,0.0,0
0.0,0.0,1.0,0.0,0
0.0,0.0,1.0,0.0,0
0.2,0.0,1.0,0.0,0
0.0,0.0,1.0,0.0,0
0.0,0.0,1.0,0.0,0
0.0,0.0,1.0,0.0,0
0.0,0.0,1.0,0.0,0
0.0,0.0,1.0,0.0,0
0.1,0.0,1.0,1.0,0
0.1,0.0,1.0,8.0,0
0.0,0.0,1.0,0.0,0
0.0,0.0,1.0,0.0,0
0.0,0.0,1.0,0.0,0
0.0,0.0,1.0,0.0,0
0.0,0.0,1.0,0.0,0
0.0,0.0,1.0,0.0,0
0.0,0.0,1.0,1.0,0
0.0,0.0,1.0,0.0,0
1.0,0.0,1.0,0.0,0
0.0,0.0,1.0,5.0,0
3085.6,0.0,1.0,12.0,1
7.1,0.0,1.0,15.0,0
0.0,0.0,1.0,0.0,0
0.1,0.0,1.0,0.0,0
0.2,0.0,1.0,1.0,0
0.0,0.0,1.0,0.0,0
0.1,0.0,1.0,0.0,0
0.0,0.0,1.0,0.0,0
0.0,0.0,1.0,0.0,0
0.0,0.0,1.0,0.0,0
0.0,0.0,1.0,2.0,0
0.2,0.0,1.0,2.0,0
2.8,0.0,1.0,0.0,0
0.0,0.0,1.0,0.0,0
0.1,0.0,1.0,2.0,0
0.1,0.0,1.0,2.0,0
0.0,0.0,1.0,0.0,0
0.0,0.0,1.0,0.0,0
0.0,0.0,1.0,0.0,0
0.0,0.0,1.0,0.0,0
0.7,0.0,1.0,12.0,0
0.0,0.0,1.0,0.0,0
0.0,0.0,1.0,0.0,0
0.0,0.0,1.0,0.0,0
0.0,0.0,1.0,0.0,0
0.0,0.0,1.0,2.0,0
1.0,0.0,1.0,8.0,0
0.0,0.0,1.0,0.0,0
0.0,0.0,1.0,0.0,0
0.0,0.0,1.0,0.0,0
0.0,0.0,1.0,0.0,0
0.1,0.0,1.0,0.0,0
0.0,0.0,1.0,0.0,0
0.0,0.0,1.0,0.0,0
0.0,0.0,1.0,0.0,0
0.0,0.0,1.0,0.0,0
0.1,0.0,1.0,0.0,0
0.0,0.0,1.0,0.0,0
0.0,0.0,1.0,0.0,0
0.0,0.0,1.0,0.0,0
0.0,0.0,1.0,0.0,0
0.0,0.0,1.0,0.0,0
0.0,0.0,1.0,0.0,0
0.0,0.0,1.0,4.0,0
0.0,0.0,1.0,0.0,0
0.6,0.0,1.0,0.0,0
0.0,0.0,1.0,0.0,0
0.0,0.0,1.0,0.0,0
0.0,0.0,1.0,2.0,0
0.0,0.0,1.0,0.0,0
0.0,0.0,1.0,0.0,0
0.0,0.0,1.0,0.0,0
0.0,0.0,1.0,0.0,0
0.0,0.0,1.0,0.0,0
0.1,0.0,1.0,0.0,0
0.0,0.0,1.0,0.0,0
0.0,0.0,1.0,0.0,0
0.0,0.0,1.0,0.0,0
0.0,0.0,1.0,0.0,0
0.0,0.0,1.0,0.0,0
0.0,0.0,1.0,0.0,0
0.0,0.0,1.0,0.0,0
0.0,0.0,1.0,0.0,0
0.5,0.0,1.0,0.0,0
0.0,0.0,1.0,0.0,0
1.0,0.0,1.0,0.0,0
0.0,0.0,1.0,0.0,0
0.0,0.0,1.0,0.0,0
0.0,0.0,1.0,0.0,0
0.0,0.0,1.0,0.0,0
0.0,0.0,1.0,2.0,0
0.0,0.0,1.0,0.0,0
0.0,0.0,1.0,0.0,0
0.0,0.0,1.0,0.0,0
0.0,0.0,1.0,0.0,0
0.0,0.0,1.0,0.0,0
0.0,0.0,1.0,1.0,0
0.1,0.0,1.0,0.0,0
0.0,0.0,1.0,0.0,0
0.0,0.0,1.0,0.0,0
0.0,0.0,1.0,1.0,0
0.0,0.0,1.0,0.0,0
0.0,0.0,1.0,0.0,0
0.0,0.0,1.0,1.0,0
0.0,0.0,1.0,0.0,0
0.0,0.0,1.0,0.0,0
0.0,0.0,1.0,4.0,0
0.0,0.0,1.0,0.0,0
0.0,0.0,1.0,0.0,0
1.3,0.0,1.0,0.0,0
2.5,0.0,1.0,16.0,0
0.0,0.0,1.0,0.0,0
0.0,0.0,1.0,1.0,0
0.0,0.0,1.0,0.0,0
0.0,0.0,1.0,0.0,0
0.0,0.0,1.0,0.0,0
0.0,0.0,1.0,0.0,0
0.0,0.0,1.0,0.0,0
0.0,0.0,1.0,0.0,0
0.0,0.0,1.0,0.0,0
0.0,0.0,1.0,0.0,0
0.0,0.0,1.0,0.0,0
0.3,0.0,1.0,0.0,0
0.0,0.0,1.0,4.0,0
0.0,0.0,1.0,0.0,0
0.0,0.0,1.0,0.0,0
0.0,0.0,1.0,0.0,0
0.0,0.0,1.0,0.0,0
0.0,0.0,1.0,0.0,0
0.0,0.0,1.0,0.0,0
0.0,0.0,1.0,0.0,0
0.0,0.0,1.0,0.0,0
0.0,0.0,1.0,0.0,0
0.0,0.0,1.0,0.0,0
0.0,0.0,1.0,0.0,0
0.0,0.0,1.0,2.0,0
0.0,0.0,1.0,0.0,0
0.0,0.0,1.0,0.0,0
0.0,0.0,1.0,0.0,0
0.0,0.0,1.0,0.0,0
0.0,0.0,1.0,2.0,0
0.0,0.0,1.0,5.0,0
0.0,0.0,1.0,0.0,0
1.6,0.0,1.0,0.0,0
4.2,0.0,1.0,0.0,0
0.1,0.0,1.0,308.0,1
0.0,0.0,1.0,0.0,0
0.0,0.0,1.0,0.0,0
0.0,0.0,1.0,0.0,0
0.1,0.0,1.0,0.0,0
0.0,0.0,1.0,0.0,0
0.1,0.0,1.0,0.0,0
0.0,0.0,1.0,0.0,0
0.0,0.0,1.0,0.0,0
0.0,0.0,1.0,0.0,0
0.0,0.0,1.0,0.0,0
0.0,0.0,1.0,0.0,0
0.0,0.0,1.0,0.0,0
0.0,0.0,1.0,0.0,0
0.0,0.0,1.0,0.0,0
0.0,0.0,1.0,0.0,0
0.0,0.0,1.0,0.0,0
0.0,0.0,1.0,5.0,0
0.0,0.0,1.0,0.0,0
0.0,0.0,1.0,0.0,0
4.2,0.0,1.0,0.0,0
0.0,0.0,1.0,0.0,0
0.0,0.0,1.0,0.0,0
0.0,0.0,1.0,0.0,0
0.0,0.0,1.0,0.0,0
0.0,0.0,1.0,1.0,0
0.1,0.0,1.0,0.0,0
0.0,0.0,1.0,16.0,0
0.0,0.0,1.0,0.0,0
0.0,0.0,1.0,0.0,0
0.2,0.0,1.0,0.0,0
0.0,0.0,1.0,0.0,0
0.0,0.0,1.0,11.0,0
0.2,0.0,1.0,0.0,0
0.0,0.0,1.0,0.0,0
0.0,0.0,1.0,0.0,0
0.0,0.0,1.0,0.0,0
0.0,0.0,1.0,0.0,0
0.0,0.0,1.0,0.0,0
0.0,0.0,1.0,9.0,0
0.0,0.0,1.0,0.0,0
0.0,0.0,1.0,0.0,0
0.0,0.0,1.0,0.0,0
0.1,0.0,1.0,0.0,0
0.0,0.0,1.0,0.0,0
0.0,0.0,1.0,0.0,0
0.3,0.0,1.0,1.0,0
0.0,0.0,1.0,0.0,0
0.0,0.0,1.0,0.0,0
0.0,0.0,1.0,0.0,0
0.0,0.0,1.0,0.0,0
0.0,0.0,1.0,0.0,0
0.0,0.0,1.0,0.0,0
0.1,0.0,1.0,0.0,0
0.0,0.0,1.0,2.0,0
0.0,0.0,1.0,0.0,0
0.0,0.0,1.0,0.0,0
0.0,0.0,1.0,0.0,0
0.0,0.0,1.0,0.0,0
0.0,0.0,1.0,0.0,0
0.1,0.0,1.0,10.0,0
0.0,0.0,1.0,0.0,0
0.0,0.0,1.0,0.0,0
0.0,0.0,1.0,0.0,0
0.0,0.0,1.0,0.0,0
0.0,0.0,1.0,0.0,0
0.0,0.0,1.0,0.0,0
0.0,0.0,1.0,0.0,0
27.7,0.0,1.0,0.0,1
0.0,0.0,1.0,0.0,0
24.1,0.0,1.0,1.0,1
0.0,0.0,1.0,0.0,0
0.0,0.0,1.0,0.0,0
0.0,0.0,1.0,0.0,0
0.0,0.0,1.0,0.0,0
0.0,0.0,1.0,0.0,0
0.0,0.0,1.0,0.0,0
0.0,0.0,1.0,0.0,0
0.0,0.0,1.0,0.0,0
0.0,0.0,1.0,0.0,0
0.0,0.0,1.0,0.0,0
0.0,0.0,1.0,0.0,0
0.0,0.0,1.0,0.0,0
0.0,0.0,1.0,9.0,0
0.0,0.0,1.0,0.0,0
0.0,0.0,1.0,0.0,0
0.0,0.0,1.0,0.0,0
0.0,0.0,1.0,0.0,0
0.0,0.0,1.0,0.0,0
0.0,0.0,1.0,0.0,0
0.7,0.0,1.0,0.0,0
0.0,0.0,1.0,0.0,0
0.0,0.0,1.0,0.0,0
0.0,0.0,1.0,0.0,0
0.0,0.0,1.0,0.0,0
0.0,0.0,1.0,0.0,0
0.0,0.0,1.0,0.0,0
0.0,0.0,1.0,0.0,0
0.6,0.0,1.0,0.0,0
0.0,0.0,1.0,1.0,0
0.0,0.0,1.0,0.0,0
0.0,0.0,1.0,0.0,0
0.0,0.0,1.0,0.0,0
0.0,0.0,1.0,0.0,0
1.8,0.0,1.0,0.0,0
0.3,0.0,1.0,0.0,0
0.2,0.0,1.0,2.0,0
0.0,0.0,1.0,0.0,0
0.0,0.0,1.0,0.0,0
0.0,0.0,1.0,0.0,0
0.0,0.0,1.0,0.0,0
0.0,0.0,1.0,0.0,0
0.0,0.0,1.0,0.0,0
0.0,0.0,1.0,0.0,0
0.0,0.0,1.0,0.0,0
0.0,0.0,1.0,0.0,0
0.0,0.0,1.0,0.0,0
0.0,0.0,1.0,0.0,0
0.0,0.0,1.0,0.0,0
0.0,0.0,1.0,0.0,0
0.1,0.0,1.0,14.0,0
0.1,0.0,1.0,0.0,0
0.0,0.0,1.0,0.0,0
13.7,0.0,1.0,2.0,1
0.0,0.0,1.0,0.0,0
0.0,0.0,1.0,0.0,0
0.0,0.0,1.0,0.0,0
0.0,0.0,1.0,0.0,0
0.0,0.0,1.0,0.0,0
0.0,0.0,1.0,0.0,0
0.1,0.0,1.0,0.0,0
0.0,0.0,1.0,0.0,0
0.0,0.0,1.0,0.0,0
0.0,0.0,1.0,0.0,0
0.0,0.0,1.0,0.0,0
0.0,0.0,1.0,0.0,0
0.0,0.0,1.0,0.0,0
0.0,0.0,1.0,0.0,0
0.0,0.0,1.0,2.0,0
0.0,0.0,1.0,0.0,0
1.5,0.0,1.0,0.0,0
3.0,0.0,1.0,0.0,0
0.5,0.0,1.0,0.0,0
0.0,0.0,1.0,0.0,0
0.0,0.0,1.0,0.0,0
0.0,0.0,1.0,0.0,0
0.0,0.0,1.0,0.0,0
0.0,0.0,1.0,0.0,0
0.0,0.0,1.0,0.0,0
0.0,0.0,1.0,0.0,0
0.0,0.0,1.0,0.0,0
0.0,0.0,1.0,0.0,0
0.0,0.0,1.0,0.0,0
0.0,0.0,1.0,0.0,0
0.0,0.0,1.0,0.0,0
0.0,0.0,1.0,0.0,0
0.0,0.0,1.0,0.0,0
0.0,0.0,1.0,0.0,0
0.0,0.0,1.0,0.0,0
0.1,0.0,1.0,1.0,0
0.1,0.0,1.0,8.0,0
0.0,0.0,1.0,0.0,0
0.0,0.0,1.0,0.0,0
0.0,0.0,1.0,0.0,0
0.0,0.0,1.0,0.0,0
0.0,0.0,1.0,0.0,0
0.0,0.0,1.0,0.0,0
0.0,0.0,1.0,1.0,0
0.0,0.0,1.0,0.0,0
1.0,0.0,1.0,0.0,0
0.0,0.0,1.0,5.0,0
3140.2,0.0,1.0,12.0,1
5.5,0.0,1.0,15.0,0
0.0,0.0,1.0,0.0,0
0.0,0.0,1.0,0.0,0
0.1,0.0,1.0,1.0,0
0.1,0.0,1.0,0.0,0
0.0,0.0,1.0,0.0,0
0.0,0.0,1.0,0.0,0
0.0,0.0,1.0,0.0,0
0.0,0.0,1.0,2.0,0
0.3,0.0,1.0,2.0,0
2.4,0.0,1.0,0.0,0
0.0,0.0,1.0,0.0,0
0.2,0.0,1.0,2.0,0
0.3,0.0,1.0,2.0,0
0.0,0.0,1.0,0.0,0
0.0,0.0,1.0,0.0,0
0.0,0.0,1.0,0.0,0
0.1,0.0,1.0,0.0,0
0.4,0.0,1.0,12.0,0
0.0,0.0,1.0,0.0,0
0.0,0.0,1.0,0.0,0
0.0,0.0,1.0,0.0,0
0.0,0.0,1.0,0.0,0
0.0,0.0,1.0,2.0,0
0.4,0.0,1.0,8.0,0
0.0,0.0,1.0,0.0,0
0.0,0.0,1.0,0.0,0
0.0,0.0,1.0,0.0,0
0.0,0.0,1.0,0.0,0
0.0,0.0,1.0,0.0,0
0.0,0.0,1.0,0.0,0
0.1,0.0,1.0,0.0,0
0.0,0.0,1.0,0.0,0
0.0,0.0,1.0,0.0,0
0.1,0.0,1.0,0.0,0
0.0,0.0,1.0,0.0,0
0.0,0.0,1.0,0.0,0
0.0,0.0,1.0,0.0,0
0.0,0.0,1.0,0.0,0
0.0,0.0,1.0,0.0,0
0.0,0.0,1.0,1.0,0
0.0,0.0,1.0,4.0,0
0.0,0.0,1.0,0.0,0
0.8,0.0,1.0,0.0,0
0.0,0.0,1.0,0.0,0
0.0,0.0,1.0,0.0,0
0.0,0.0,1.0,2.0,0
0.0,0.0,1.0,0.0,0
0.0,0.0,1.0,0.0,0
0.0,0.0,1.0,0.0,0
0.0,0.0,1.0,0.0,0
0.9,0.0,1.0,0.0,0
0.0,0.0,1.0,0.0,0
0.0,0.0,1.0,0.0,0
0.0,0.0,1.0,0.0,0
0.0,0.0,1.0,0.0,0
0.0,0.0,1.0,0.0,0
0.0,0.0,1.0,0.0,0
0.0,0.0,1.0,0.0,0
0.4,0.0,1.0,0.0,0
0.0,0.0,1.0,0.0,0
0.9,0.0,1.0,0.0,0
0.0,0.0,1.0,0.0,0
0.0,0.0,1.0,0.0,0
0.0,0.0,1.0,0.0,0
0.0,0.0,1.0,0.0,0
0.0,0.0,1.0,0.0,0
0.0,0.0,1.0,2.0,0
0.0,0.0,1.0,0.0,0
0.0,0.0,1.0,0.0,0
0.0,0.0,1.0,0.0,0
0.1,0.0,1.0,0.0,0
0.0,0.0,1.0,0.0,0
0.0,0.0,1.0,1.0,0
0.1,0.0,1.0,0.0,0
0.0,0.0,1.0,0.0,0
0.0,0.0,1.0,0.0,0
0.0,0.0,1.0,1.0,0
0.0,0.0,1.0,0.0,0
0.0,0.0,1.0,0.0,0
0.0,0.0,1.0,1.0,0
0.0,0.0,1.0,0.0,0
0.0,0.0,1.0,0.0,0
0.0,0.0,1.0,4.0,0
0.0,0.0,1.0,0.0,0
0.0,0.0,1.0,0.0,0
0.2,0.0,1.0,0.0,0
1.7,0.0,1.0,17.0,0
0.0,0.0,1.0,0.0,0
0.0,0.0,1.0,1.0,0
0.0,0.0,1.0,0.0,0
0.0,0.0,1.0,0.0,0
0.0,0.0,1.0,0.0,0
0.0,0.0,1.0,0.0,0
0.0,0.0,1.0,0.0,0
0.0,0.0,1.0,0.0,0
0.0,0.0,1.0,1.0,0
0.1,0.0,1.0,0.0,0
0.0,0.0,1.0,0.0,0
0.4,0.0,1.0,0.0,0
0.0,0.0,1.0,4.0,0
0.0,0.0,1.0,0.0,0
0.0,0.0,1.0,0.0,0
0.0,0.0,1.0,0.0,0
0.0,0.0,1.0,0.0,0
0.0,0.0,1.0,0.0,0
0.0,0.0,1.0,0.0,0
0.0,0.0,1.0,0.0,0
0.0,0.0,1.0,0.0,0
0.0,0.0,1.0,0.0,0
0.0,0.0,1.0,0.0,0
0.0,0.0,1.0,0.0,0
0.0,0.0,1.0,2.0,0
0.0,0.0,1.0,0.0,0
0.0,0.0,1.0,0.0,0
0.0,0.0,1.0,0.0,0
0.0,0.0,1.0,0.0,0
0.0,0.0,1.0,2.0,0
0.0,0.0,1.0,5.0,0
0.1,0.0,1.0,0.0,0
0.5,0.0,1.0,0.0,0
0.1,0.0,1.0,308.0,1
0.0,0.0,1.0,0.0,0
0.0,0.0,1.0,0.0,0
0.0,0.0,1.0,0.0,0
0.0,0.0,1.0,0.0,0
0.0,0.0,1.0,0.0,0
0.0,0.0,1.0,0.0,0
0.0,0.0,1.0,0.0,0
0.0,0.0,1.0,0.0,0
0.0,0.0,1.0,0.0,0
0.1,0.0,1.0,0.0,0
0.0,0.0,1.0,0.0,0
0.0,0.0,1.0,0.0,0
0.0,0.0,1.0,0.0,0
0.0,0.0,1.0,0.0,0
0.0,0.0,1.0,0.0,0
0.0,0.0,1.0,0.0,0
0.0,0.0,1.0,5.0,0
0.2,0.0,1.0,1.0,0
0.0,0.0,1.0,0.0,0
0.9,0.0,1.0,0.0,0
0.0,0.0,1.0,0.0,0
0.0,0.0,1.0,0.0,0
0.0,0.0,1.0,0.0,0
0.0,0.0,1.0,1.0,0
0.0,0.0,1.0,0.0,0
0.0,0.0,1.0,0.0,0
0.0,0.0,1.0,2.0,0
0.0,0.0,1.0,0.0,0
0.1,0.0,1.0,16.0,0
0.0,0.0,1.0,0.0,0
0.0,0.0,1.0,0.0,0
0.1,0.0,1.0,0.0,0
0.0,0.0,1.0,0.0,0
0.0,0.0,1.0,12.0,0
0.2,0.0,1.0,0.0,0
0.0,0.0,1.0,0.0,0
0.0,0.0,1.0,0.0,0
0.0,0.0,1.0,0.0,0
0.0,0.0,1.0,0.0,0
0.0,0.0,1.0,0.0,0
0.0,0.0,1.0,9.0,0
0.0,0.0,1.0,0.0,0
0.0,0.0,1.0,0.0,0
0.0,0.0,1.0,0.0,0
0.0,0.0,1.0,0.0,0
0.1,0.0,1.0,0.0,0
0.0,0.0,1.0,0.0,0
0.0,0.0,1.0,0.0,0
0.2,0.0,1.0,1.0,0
0.0,0.0,1.0,0.0,0
0.0,0.0,1.0,0.0,0
0.0,0.0,1.0,0.0,0
0.0,0.0,1.0,0.0,0
0.0,0.0,1.0,0.0,0
0.0,0.0,1.0,0.0,0
0.0,0.0,1.0,0.0,0
0.0,0.0,1.0,2.0,0
0.0,0.0,1.0,0.0,0
0.0,0.0,1.0,0.0,0
0.0,0.0,1.0,0.0,0
0.0,0.0,1.0,0.0,0
0.0,0.0,1.0,0.0,0
0.0,0.0,1.0,8.0,0
0.0,0.0,1.0,0.0,0
0.0,0.0,1.0,0.0,0
0.0,0.0,1.0,0.0,0
0.0,0.0,1.0,0.0,0
0.0,0.0,1.0,0.0,0
0.0,0.0,1.0,0.0,0
0.0,0.0,1.0,0.0,0
0.0,0.0,1.0,0.0,0
23.2,0.0,1.0,1.0,1
0.0,0.0,1.0,0.0,0
0.0,0.0,1.0,0.0,0
0.0,0.0,1.0,0.0,0
0.0,0.0,1.0,0.0,0
0.0,0.0,1.0,0.0,0
0.0,0.0,1.0,11.0,0
0.0,0.0,1.0,0.0,0
0.0,0.0,1.0,0.0,0
0.0,0.0,1.0,0.0,0
0.0,0.0,1.0,0.0,0
0.0,0.0,1.0,0.0,0
0.0,0.0,1.0,0.0,0
0.0,0.0,1.0,10.0,0
0.0,0.0,1.0,0.0,0
0.0,0.0,1.0,0.0,0
0.0,0.0,1.0,0.0,0
0.0,0.0,1.0,0.0,0
0.0,0.0,1.0,0.0,0
0.0,0.0,1.0,0.0,0
0.6,0.0,1.0,0.0,0
0.0,0.0,1.0,0.0,0
0.0,0.0,1.0,0.0,0
0.0,0.0,1.0,0.0,0
0.1,0.0,1.0,0.0,0
0.0,0.0,1.0,0.0,0
0.0,0.0,1.0,0.0,0
0.4,0.0,1.0,0.0,0
0.0,0.0,1.0,3.0,0
0.0,0.0,1.0,0.0,0
0.0,0.0,1.0,0.0,0
0.2,0.0,1.0,3.0,0
0.0,0.0,1.0,0.0,0
1.8,0.0,1.0,0.0,0
0.1,0.0,1.0,0.0,0
0.3,0.0,1.0,2.0,0
0.1,0.0,1.0,0.0,0
0.0,0.0,1.0,0.0,0
0.0,0.0,1.0,0.0,0
0.0,0.0,1.0,0.0,0
0.0,0.0,1.0,0.0,0
0.0,0.0,1.0,0.0,0
0.0,0.0,1.0,0.0,0
0.0,0.0,1.0,0.0,0
0.0,0.0,1.0,0.0,0
0.0,0.0,1.0,0.0,0
0.0,0.0,1.0,0.0,0
0.0,0.0,1.0,0.0,0
0.0,0.0,1.0,0.0,0
0.1,0.0,1.0,11.0,0
0.0,0.0,1.0,0.0,0
0.0,0.0,1.0,0.0,0
0.4,0.0,1.0,2.0,0
0.0,0.0,1.0,0.0,0
0.0,0.0,1.0,0.0,0
0.0,0.0,1.0,0.0,0
0.0,0.0,1.0,0.0,0
0.0,0.0,1.0,0.0,0
0.0,0.0,1.0,0.0,0
0.0,0.0,1.0,0.0,0
0.0,0.0,1.0,0.0,0
0.0,0.0,1.0,0.0,0
0.0,0.0,1.0,0.0,0
0.0,0.0,1.0,0.0,0
0.0,0.0,1.0,0.0,0
0.0,0.0,1.0,0.0,0
0.0,0.0,1.0,2.0,0
0.0,0.0,1.0,0.0,0
0.0,0.0,1.0,0.0,0
3.1,0.0,1.0,0.0,0
0.4,0.0,1.0,0.0,0
0.0,0.0,1.0,0.0,0
0.0,0.0,1.0,0.0,0
0.0,0.0,1.0,0.0,0
0.0,0.0,1.0,0.0,0
0.0,0.0,1.0,0.0,0
0.0,0.0,1.0,0.0,0
0.0,0.0,1.0,0.0,0
0.0,0.0,1.0,0.0,0
0.0,0.0,1.0,0.0,0
0.0,0.0,1.0,0.0,0
0.0,0.0,1.0,0.0,0
0.0,0.0,1.0,0.0,0
0.0,0.0,1.0,0.0,0
0.1,0.0,1.0,0.0,0
0.0,0.0,1.0,2.0,0
0.0,0.0,1.0,0.0,0
0.0,0.0,1.0,0.0,0
0.0,0.0,1.0,0.0,0
0.0,0.0,1.0,1.0,0
0.0,0.0,1.0,0.0,0
0.1,0.0,1.0,8.0,0
0.0,0.0,1.0,0.0,0
0.2,0.0,1.0,0.0,0
0.0,0.0,1.0,0.0,0
0.0,0.0,1.0,0.0,0
0.0,0.0,1.0,0.0,0
0.0,0.0,1.0,0.0,0
0.0,0.0,1.0,1.0,0
0.0,0.0,1.0,0.0,0
0.0,0.0,1.0,0.0,0
0.8,0.0,1.0,0.0,0
0.0,0.0,1.0,7.0,0
3151.3,0.0,1.0,27.0,1
4.1,0.0,1.0,15.0,0
0.0,0.0,1.0,0.0,0
0.0,0.0,1.0,0.0,0
0.1,0.0,1.0,1.0,0
0.0,0.0,1.0,0.0,0
0.0,0.0,1.0,0.0,0
0.0,0.0,1.0,0.0,0
0.0,0.0,1.0,0.0,0
0.0,0.0,1.0,2.0,0
0.2,0.0,1.0,2.0,0
2.1,0.0,1.0,0.0,0
0.0,0.0,1.0,0.0,0
0.0,0.0,1.0,2.0,0
0.1,0.0,1.0,2.0,0
0.0,0.0,1.0,0.0,0
0.0,0.0,1.0,0.0,0
0.0,0.0,1.0,0.0,0
0.0,0.0,1.0,0.0,0
0.6,0.0,1.0,12.0,0
0.0,0.0,1.0,0.0,0
0.0,0.0,1.0,0.0,0
0.0,0.0,1.0,0.0,0
0.0,0.0,1.0,0.0,0
0.0,0.0,1.0,2.0,0
0.5,0.0,1.0,6.0,0
0.0,0.0,1.0,0.0,0
0.0,0.0,1.0,0.0,0
0.0,0.0,1.0,0.0,0
0.0,0.0,1.0,0.0,0
0.2,0.0,1.0,0.0,0
0.0,0.0,1.0,0.0,0
0.0,0.0,1.0,0.0,0
0.0,0.0,1.0,0.0,0
0.0,0.0,1.0,0.0,0
0.0,0.0,1.0,0.0,0
0.1,0.0,1.0,0.0,0
0.0,0.0,1.0,0.0,0
0.0,0.0,1.0,0.0,0
0.0,0.0,1.0,0.0,0
0.0,0.0,1.0,0.0,0
0.1,0.0,1.0,1.0,0
0.0,0.0,1.0,4.0,0
0.0,0.0,1.0,0.0,0
0.8,0.0,1.0,0.0,0
0.0,0.0,1.0,0.0,0
0.0,0.0,1.0,0.0,0
0.0,0.0,1.0,2.0,0
0.0,0.0,1.0,0.0,0
0.0,0.0,1.0,0.0,0
0.0,0.0,1.0,0.0,0
0.0,0.0,1.0,0.0,0
0.0,0.0,1.0,0.0,0
0.0,0.0,1.0,0.0,0
0.1,0.0,1.0,0.0,0
0.0,0.0,1.0,0.0,0
0.0,0.0,1.0,0.0,0
0.0,0.0,1.0,0.0,0
0.0,0.0,1.0,0.0,0
0.0,0.0,1.0,0.0,0
0.3,0.0,1.0,0.0,0
0.0,0.0,1.0,0.0,0
0.8,0.0,1.0,0.0,0
0.0,0.0,1.0,0.0,0
0.0,0.0,1.0,0.0,0
0.0,0.0,1.0,0.0,0
0.0,0.0,1.0,0.0,0
0.0,0.0,1.0,0.0,0
0.0,0.0,1.0,2.0,0
0.0,0.0,1.0,0.0,0
0.0,0.0,1.0,0.0,0
0.0,0.0,1.0,0.0,0
0.0,0.0,1.0,0.0,0
0.0,0.0,1.0,0.0,0
0.0,0.0,1.0,1.0,0
0.1,0.0,1.0,0.0,0
0.0,0.0,1.0,1.0,0
0.0,0.0,1.0,0.0,0
0.0,0.0,1.0,1.0,0
0.0,0.0,1.0,0.0,0
0.0,0.0,1.0,0.0,0
0.0,0.0,1.0,1.0,0
0.0,0.0,1.0,0.0,0
0.0,0.0,1.0,0.0,0
0.0,0.0,1.0,4.0,0
0.0,0.0,1.0,0.0,0
0.0,0.0,1.0,0.0,0
0.4,0.0,1.0,0.0,0
0.7,0.0,1.0,16.0,0
0.0,0.0,1.0,0.0,0
0.0,0.0,1.0,1.0,0
0.0,0.0,1.0,0.0,0
0.0,0.0,1.0,0.0,0
0.0,0.0,1.0,0.0,0
0.0,0.0,1.0,0.0,0
0.0,0.0,1.0,0.0,0
0.1,0.0,1.0,0.0,0
0.0,0.0,1.0,1.0,0
0.0,0.0,1.0,0.0,0
0.0,0.0,1.0,0.0,0
0.2,0.0,1.0,0.0,0
0.0,0.0,1.0,4.0,0
0.0,0.0,1.0,0.0,0
0.0,0.0,1.0,0.0,0
0.0,0.0,1.0,0.0,0
0.0,0.0,1.0,0.0,0
0.0,0.0,1.0,0.0,0
0.0,0.0,1.0,0.0,0
0.0,0.0,1.0,0.0,0
0.0,0.0,1.0,0.0,0
0.0,0.0,1.0,0.0,0
0.0,0.0,1.0,0.0,0
0.0,0.0,1.0,0.0,0
0.0,0.0,1.0,2.0,0
0.0,0.0,1.0,0.0,0
0.0,0.0,1.0,0.0,0
0.0,0.0,1.0,0.0,0
0.0,0.0,1.0,0.0,0
0.0,0.0,1.0,2.0,0
0.0,0.0,1.0,5.0,0
0.2,0.0,1.0,0.0,0
0.0,0.0,1.0,0.0,0
0.0,0.0,1.0,308.0,1
0.0,0.0,1.0,0.0,0
0.0,0.0,1.0,0.0,0
0.0,0.0,1.0,0.0,0
0.0,0.0,1.0,0.0,0
0.0,0.0,1.0,0.0,0
0.4,0.0,1.0,0.0,0
0.0,0.0,1.0,0.0,0
0.0,0.0,1.0,0.0,0
0.0,0.0,1.0,0.0,0
0.0,0.0,1.0,0.0,0
0.0,0.0,1.0,0.0,0
0.0,0.0,1.0,0.0,0
0.0,0.0,1.0,0.0,0
0.0,0.0,1.0,0.0,0
0.0,0.0,1.0,0.0,0
0.0,0.0,1.0,5.0,0
0.0,0.0,1.0,1.0,0
0.0,0.0,1.0,0.0,0
0.0,0.0,1.0,0.0,0
0.0,0.0,1.0,0.0,0
0.0,0.0,1.0,0.0,0
0.0,0.0,1.0,0.0,0
0.0,0.0,1.0,0.0,0
0.0,0.0,1.0,0.0,0
0.3,0.0,1.0,0.0,0
0.0,0.0,1.0,0.0,0
0.0,0.0,1.0,16.0,0
0.0,0.0,1.0,0.0,0
0.0,0.0,1.0,0.0,0
0.3,0.0,1.0,0.0,0
0.0,0.0,1.0,0.0,0
0.0,0.0,1.0,12.0,0
0.2,0.0,1.0,0.0,0
0.0,0.0,1.0,0.0,0
0.0,0.0,1.0,0.0,0
0.0,0.0,1.0,0.0,0
0.0,0.0,1.0,0.0,0
0.0,0.0,1.0,0.0,0
0.0,0.0,1.0,9.0,0
0.0,0.0,1.0,0.0,0
0.0,0.0,1.0,0.0,0
0.0,0.0,1.0,0.0,0
0.0,0.0,1.0,0.0,0
0.0,0.0,1.0,0.0,0
0.0,0.0,1.0,0.0,0
0.0,0.0,1.0,0.0,0
0.3,0.0,1.0,1.0,0
0.0,0.0,1.0,0.0,0
0.0,0.0,1.0,0.0,0
0.0,0.0,1.0,0.0,0
0.0,0.0,1.0,0.0,0
0.0,0.0,1.0,0.0,0
0.0,0.0,1.0,0.0,0
0.1,0.0,1.0,0.0,0
0.0,0.0,1.0,2.0,0
0.0,0.0,1.0,0.0,0
0.0,0.0,1.0,0.0,0
0.0,0.0,1.0,0.0,0
0.0,0.0,1.0,0.0,0
0.0,0.0,1.0,0.0,0
0.1,0.0,1.0,9.0,0
0.0,0.0,1.0,0.0,0
0.0,0.0,1.0,0.0,0
0.0,0.0,1.0,0.0,0
0.0,0.0,1.0,0.0,0
0.0,0.0,1.0,0.0,0
0.0,0.0,1.0,0.0,0
0.0,0.0,1.0,0.0,0
0.0,0.0,1.0,0.0,0
22.4,0.0,1.0,1.0,1
0.0,0.0,1.0,0.0,0
0.0,0.0,1.0,0.0,0
0.0,0.0,1.0,0.0,0
0.0,0.0,1.0,0.0,0
0.0,0.0,1.0,0.0,0
0.0,0.0,1.0,3.0,0
0.0,0.0,1.0,0.0,0
0.0,0.0,1.0,0.0,0
0.0,0.0,1.0,0.0,0
0.0,0.0,1.0,0.0,0
0.0,0.0,1.0,0.0,0
0.0,0.0,1.0,0.0,0
0.0,0.0,1.0,10.0,0
0.0,0.0,1.0,0.0,0
0.0,0.0,1.0,0.0,0
0.0,0.0,1.0,0.0,0
0.0,0.0,1.0,0.0,0
0.0,0.0,1.0,0.0,0
0.0,0.0,1.0,0.0,0
0.7,0.0,1.0,0.0,0
0.0,0.0,1.0,0.0,0
0.0,0.0,1.0,0.0,0
0.0,0.0,1.0,0.0,0
0.0,0.0,1.0,0.0,0
0.0,0.0,1.0,0.0,0
0.0,0.0,1.0,0.0,0
0.7,0.0,1.0,0.0,0
0.0,0.0,1.0,3.0,0
0.0,0.0,1.0,0.0,0
0.0,0.0,1.0,0.0,0
0.0,0.0,1.0,0.0,0
0.0,0.0,1.0,0.0,0
2.1,0.0,1.0,1.0,0
0.3,0.0,1.0,0.0,0
0.2,0.0,1.0,2.0,0
0.0,0.0,1.0,0.0,0
0.0,0.0,1.0,0.0,0
0.0,0.0,1.0,0.0,0
0.0,0.0,1.0,0.0,0
0.0,0.0,1.0,0.0,0
0.0,0.0,1.0,0.0,0
0.0,0.0,1.0,0.0,0
0.0,0.0,1.0,0.0,0
0.0,0.0,1.0,0.0,0
0.0,0.0,1.0,0.0,0
0.0,0.0,1.0,0.0,0
0.0,0.0,1.0,0.0,0
0.0,0.0,1.0,0.0,0
0.1,0.0,1.0,14.0,0
0.1,0.0,1.0,0.0,0
0.0,0.0,1.0,0.0,0
0.2,0.0,1.0,2.0,0
0.0,0.0,1.0,0.0,0
0.0,0.0,1.0,0.0,0
0.0,0.0,1.0,0.0,0
0.0,0.0,1.0,0.0,0
0.0,0.0,1.0,0.0,0
0.0,0.0,1.0,0.0,0
0.0,0.0,1.0,0.0,0
0.0,0.0,1.0,0.0,0
0.0,0.0,1.0,0.0,0
0.0,0.0,1.0,0.0,0
0.0,0.0,1.0,0.0,0
0.0,0.0,1.0,0.0,0
0.0,0.0,1.0,0.0,0
0.0,0.0,1.0,1.0,0
0.0,0.0,1.0,0.0,0
0.0,0.0,1.0,0.0,0
2.9,0.0,1.0,0.0,0
0.5,0.0,1.0,0.0,0
0.0,0.0,1.0,0.0,0
0.0,0.0,1.0,0.0,0
0.0,0.0,1.0,0.0,0
0.0,0.0,1.0,0.0,0
0.0,0.0,1.0,0.0,0
0.0,0.0,1.0,0.0,0
0.0,0.0,1.0,0.0,0
0.0,0.0,1.0,0.0,0
0.0,0.0,1.0,0.0,0
0.0,0.0,1.0,0.0,0
0.1,0.0,1.0,0.0,0
0.0,0.0,1.0,0.0,0
0.0,0.0,1.0,0.0,0
0.0,0.0,1.0,0.0,0
0.4,0.0,1.0,0.0,0
0.0,0.0,1.0,0.0,0
0.0,0.0,1.0,0.0,0
0.0,0.0,1.0,0.0,0
0.1,0.0,1.0,1.0,0
0.1,0.0,1.0,8.0,0
0.0,0.0,1.0,0.0,0
0.0,0.0,1.0,0.0,0
0.0,0.0,1.0,0.0,0
0.0,0.0,1.0,0.0,0
0.0,0.0,1.0,0.0,0
0.0,0.0,1.0,0.0,0
0.0,0.0,1.0,1.0,0
0.0,0.0,1.0,0.0,0
0.0,0.0,1.0,0.0,0
0.8,0.0,1.0,0.0,0
0.1,0.0,1.0,5.0,0
3148.7,0.0,1.0,28.0,1
4.6,0.0,1.0,15.0,0
0.0,0.0,1.0,0.0,0
0.0,0.0,1.0,0.0,0
0.3,0.0,1.0,1.0,0
0.0,0.0,1.0,0.0,0
0.0,0.0,1.0,0.0,0
0.0,0.0,1.0,0.0,0
0.0,0.0,1.0,0.0,0
0.0,0.0,1.0,2.0,0
0.3,0.0,1.0,2.0,0
2.4,0.0,1.0,0.0,0
0.0,0.0,1.0,0.0,0
0.1,0.0,1.0,2.0,0
0.1,0.0,1.0,2.0,0
0.0,0.0,1.0,0.0,0
0.0,0.0,1.0,0.0,0
0.0,0.0,1.0,0.0,0
0.0,0.0,1.0,0.0,0
0.9,0.0,1.0,12.0,0
0.0,0.0,1.0,0.0,0
0.0,0.0,1.0,0.0,0
0.0,0.0,1.0,0.0,0
0.0,0.0,1.0,0.0,0
0.0,0.0,1.0,2.0,0
0.9,0.0,1.0,6.0,0
0.0,0.0,1.0,0.0,0
0.0,0.0,1.0,0.0,0
0.0,0.0,1.0,0.0,0
0.0,0.0,1.0,0.0,0
0.3,0.0,1.0,0.0,0
0.0,0.0,1.0,0.0,0
0.0,0.0,1.0,0.0,0
0.0,0.0,1.0,0.0,0
0.0,0.0,1.0,0.0,0
0.0,0.0,1.0,0.0,0
0.0,0.0,1.0,0.0,0
0.0,0.0,1.0,0.0,0
0.0,0.0,1.0,0.0,0
0.0,0.0,1.0,0.0,0
0.0,0.0,1.0,0.0,0
0.0,0.0,1.0,0.0,0
0.0,0.0,1.0,4.0,0
0.0,0.0,1.0,0.0,0
0.7,0.0,1.0,0.0,0
0.0,0.0,1.0,0.0,0
0.0,0.0,1.0,0.0,0
0.0,0.0,1.0,2.0,0
0.0,0.0,1.0,0.0,0
0.0,0.0,1.0,0.0,0
0.0,0.0,1.0,0.0,0
0.0,0.0,1.0,0.0,0
0.0,0.0,1.0,0.0,0
0.0,0.0,1.0,0.0,0
0.1,0.0,1.0,0.0,0
0.0,0.0,1.0,0.0,0
0.0,0.0,1.0,0.0,0
0.0,0.0,1.0,0.0,0
0.0,0.0,1.0,0.0,0
0.0,0.0,1.0,0.0,0
0.2,0.0,1.0,0.0,0
0.0,0.0,1.0,0.0,0
1.0,0.0,1.0,0.0,0
0.0,0.0,1.0,0.0,0
0.0,0.0,1.0,0.0,0
0.0,0.0,1.0,0.0,0
0.0,0.0,1.0,0.0,0
0.3,0.0,1.0,0.0,0
0.0,0.0,1.0,2.0,0
0.0,0.0,1.0,0.0,0
0.0,0.0,1.0,0.0,0
0.0,0.0,1.0,0.0,0
0.0,0.0,1.0,0.0,0
0.0,0.0,1.0,0.0,0
0.0,0.0,1.0,1.0,0
0.1,0.0,1.0,0.0,0
0.0,0.0,1.0,0.0,0
0.0,0.0,1.0,0.0,0
0.0,0.0,1.0,1.0,0
0.0,0.0,1.0,0.0,0
0.0,0.0,1.0,0.0,0
0.0,0.0,1.0,1.0,0
0.0,0.0,1.0,0.0,0
0.0,0.0,1.0,0.0,0
0.0,0.0,1.0,4.0,0
0.0,0.0,1.0,0.0,0
0.0,0.0,1.0,0.0,0
0.0,0.0,1.0,0.0,0
1.5,0.0,1.0,16.0,0
0.0,0.0,1.0,0.0,0
0.0,0.0,1.0,1.0,0
0.0,0.0,1.0,0.0,0
0.0,0.0,1.0,0.0,0
0.0,0.0,1.0,0.0,0
0.0,0.0,1.0,0.0,0
0.0,0.0,1.0,0.0,0
0.1,0.0,1.0,0.0,0
0.0,0.0,1.0,0.0,0
0.0,0.0,1.0,0.0,0
0.0,0.0,1.0,0.0,0
0.2,0.0,1.0,0.0,0
0.0,0.0,1.0,4.0,0
0.0,0.0,1.0,0.0,0
0.0,0.0,1.0,0.0,0
0.0,0.0,1.0,0.0,0
0.0,0.0,1.0,0.0,0
0.0,0.0,1.0,0.0,0
0.0,0.0,1.0,0.0,0
0.0,0.0,1.0,0.0,0
0.0,0.0,1.0,0.0,0
0.0,0.0,1.0,0.0,0
0.0,0.0,1.0,0.0,0
0.0,0.0,1.0,0.0,0
0.0,0.0,1.0,2.0,0
0.0,0.0,1.0,0.0,0
0.0,0.0,1.0,0.0,0
0.0,0.0,1.0,0.0,0
0.0,0.0,1.0,0.0,0
0.0,0.0,1.0,2.0,0
0.0,0.0,1.0,5.0,0
0.0,0.0,1.0,0.0,0
0.0,0.0,1.0,0.0,0
0.0,0.0,1.0,308.0,1
0.0,0.0,1.0,0.0,0
0.0,0.0,1.0,0.0,0
0.0,0.0,1.0,0.0,0
0.1,0.0,1.0,0.0,0
0.0,0.0,1.0,0.0,0
0.0,0.0,1.0,0.0,0
0.0,0.0,1.0,0.0,0
0.0,0.0,1.0,0.0,0
0.0,0.0,1.0,0.0,0
0.0,0.0,1.0,0.0,0
0.0,0.0,1.0,0.0,0
0.0,0.0,1.0,0.0,0
0.0,0.0,1.0,0.0,0
0.0,0.0,1.0,0.0,0
0.0,0.0,1.0,5.0,0
0.0,0.0,1.0,0.0,0
0.0,0.0,1.0,0.0,0
0.0,0.0,1.0,0.0,0
0.0,0.0,1.0,0.0,0
0.0,0.0,1.0,0.0,0
0.0,0.0,1.0,0.0,0
0.0,0.0,1.0,0.0,0
0.0,0.0,1.0,0.0,0
0.2,0.0,1.0,0.0,0
0.0,0.0,1.0,16.0,0
0.0,0.0,1.0,0.0,0
0.0,0.0,1.0,0.0,0
0.2,0.0,1.0,0.0,0
0.0,0.0,1.0,0.0,0
0.1,0.0,1.0,11.0,0
0.2,0.0,1.0,0.0,0
0.0,0.0,1.0,0.0,0
0.0,0.0,1.0,0.0,0
0.0,0.0,1.0,0.0,0
0.0,0.0,1.0,0.0,0
0.0,0.0,1.0,0.0,0
0.0,0.0,1.0,9.0,0
0.0,0.0,1.0,0.0,0
0.0,0.0,1.0,0.0,0
0.0,0.0,1.0,0.0,0
0.0,0.0,1.0,0.0,0
0.0,0.0,1.0,0.0,0
0.0,0.0,1.0,0.0,0
0.0,0.0,1.0,0.0,0
0.5,0.0,1.0,1.0,0
0.0,0.0,1.0,0.0,0
0.0,0.0,1.0,0.0,0
0.0,0.0,1.0,0.0,0
0.0,0.0,1.0,0.0,0
0.0,0.0,1.0,0.0,0
0.0,0.0,1.0,0.0,0
0.2,0.0,1.0,0.0,0
0.0,0.0,1.0,2.0,0
0.0,0.0,1.0,0.0,0
0.0,0.0,1.0,0.0,0
0.0,0.0,1.0,0.0,0
0.0,0.0,1.0,0.0,0
0.0,0.0,1.0,0.0,0
0.1,0.0,1.0,11.0,0
0.0,0.0,1.0,0.0,0
0.0,0.0,1.0,0.0,0
0.0,0.0,1.0,0.0,0
0.0,0.0,1.0,0.0,0
0.0,0.0,1.0,0.0,0
0.0,0.0,1.0,0.0,0
0.0,0.0,1.0,0.0,0
0.0,0.0,1.0,0.0,0
23.5,0.0,1.0,1.0,1
0.0,0.0,1.0,0.0,0
0.0,0.0,1.0,0.0,0
0.0,0.0,1.0,0.0,0
0.0,0.0,1.0,0.0,0
0.0,0.0,1.0,0.0,0
0.0,0.0,1.0,2.0,0
0.0,0.0,1.0,0.0,0
0.0,0.0,1.0,0.0,0
0.0,0.0,1.0,0.0,0
0.0,0.0,1.0,0.0,0
0.0,0.0,1.0,0.0,0
0.0,0.0,1.0,0.0,0
0.0,0.0,1.0,9.0,0
0.0,0.0,1.0,0.0,0
0.0,0.0,1.0,0.0,0
0.0,0.0,1.0,0.0,0
0.0,0.0,1.0,0.0,0
0.0,0.0,1.0,0.0,0
0.0,0.0,1.0,0.0,0
0.5,0.0,1.0,0.0,0
0.0,0.0,1.0,0.0,0
0.0,0.0,1.0,0.0,0
0.0,0.0,1.0,0.0,0
0.0,0.0,1.0,0.0,0
0.0,0.0,1.0,0.0,0
0.0,0.0,1.0,0.0,0
0.4,0.0,1.0,0.0,0
0.0,0.0,1.0,3.0,0
0.0,0.0,1.0,0.0,0
0.0,0.0,1.0,0.0,0
0.0,0.0,1.0,0.0,0
0.0,0.0,1.0,0.0,0
1.8,0.0,1.0,0.0,0
0.1,0.0,1.0,0.0,0
0.2,0.0,1.0,2.0,0
0.0,0.0,1.0,0.0,0
0.0,0.0,1.0,0.0,0
0.0,0.0,1.0,0.0,0
0.0,0.0,1.0,0.0,0
0.0,0.0,1.0,0.0,0
0.0,0.0,1.0,0.0,0
0.0,0.0,1.0,0.0,0
0.0,0.0,1.0,0.0,0
0.0,0.0,1.0,0.0,0
0.0,0.0,1.0,0.0,0
0.0,0.0,1.0,0.0,0
0.0,0.0,1.0,0.0,0
0.0,0.0,1.0,0.0,0
0.2,0.0,1.0,11.0,0
0.1,0.0,1.0,0.0,0
0.0,0.0,1.0,0.0,0
0.2,0.0,1.0,2.0,0
0.0,0.0,1.0,0.0,0
0.0,0.0,1.0,0.0,0
0.0,0.0,1.0,0.0,0
0.0,0.0,1.0,0.0,0
0.0,0.0,1.0,0.0,0
0.0,0.0,1.0,0.0,0
0.1,0.0,1.0,0.0,0
0.0,0.0,1.0,0.0,0
0.0,0.0,1.0,0.0,0
0.0,0.0,1.0,0.0,0
0.0,0.0,1.0,0.0,0
0.0,0.0,1.0,0.0,0
0.0,0.0,1.0,0.0,0
0.0,0.0,1.0,2.0,0
0.0,0.0,1.0,0.0,0
0.0,0.0,1.0,0.0,0
2.8,0.0,1.0,0.0,0
0.4,0.0,1.0,0.0,0
0.0,0.0,1.0,0.0,0
0.0,0.0,1.0,0.0,0
0.0,0.0,1.0,0.0,0
0.0,0.0,1.0,0.0,0
0.0,0.0,1.0,0.0,0
0.0,0.0,1.0,0.0,0
0.0,0.0,1.0,0.0,0
0.0,0.0,1.0,0.0,0
0.0,0.0,1.0,0.0,0
0.0,0.0,1.0,0.0,0
0.0,0.0,1.0,0.0,0
0.0,0.0,1.0,0.0,0
0.0,0.0,1.0,0.0,0
0.0,0.0,1.0,0.0,0
0.0,0.0,1.0,0.0,0
0.0,0.0,1.0,1.0,0
0.0,0.0,1.0,0.0,0
0.0,0.0,1.0,0.0,0
0.0,0.0,1.0,0.0,0
0.0,0.0,1.0,1.0,0
0.1,0.0,1.0,8.0,0
0.0,0.0,1.0,0.0,0
0.0,0.0,1.0,0.0,0
0.0,0.0,1.0,0.0,0
0.0,0.0,1.0,0.0,0
0.0,0.0,1.0,0.0,0
0.0,0.0,1.0,0.0,0
0.0,0.0,1.0,1.0,0
0.0,0.0,1.0,0.0,0
0.0,0.0,1.0,0.0,0
1.0,0.0,1.0,0.0,0
0.1,0.0,1.0,5.0,0
3151.9,0.0,1.0,7.0,1
4.3,0.0,1.0,15.0,0
0.0,0.0,1.0,0.0,0
0.0,0.0,1.0,0.0,0
0.1,0.0,1.0,1.0,0
0.2,0.0,1.0,0.0,0
0.0,0.0,1.0,0.0,0
0.0,0.0,1.0,0.0,0
0.0,0.0,1.0,0.0,0
0.0,0.0,1.0,2.0,0
0.3,0.0,1.0,2.0,0
2.2,0.0,1.0,0.0,0
0.0,0.0,1.0,0.0,0
0.1,0.0,1.0,2.0,0
0.1,0.0,1.0,2.0,0
0.0,0.0,1.0,0.0,0
0.0,0.0,1.0,0.0,0
0.0,0.0,1.0,0.0,0
0.0,0.0,1.0,0.0,0
0.5,0.0,1.0,12.0,0
0.0,0.0,1.0,0.0,0
0.0,0.0,1.0,0.0,0
0.0,0.0,1.0,0.0,0
0.0,0.0,1.0,0.0,0
0.0,0.0,1.0,2.0,0
0.6,0.0,1.0,6.0,0
0.0,0.0,1.0,0.0,0
0.0,0.0,1.0,0.0,0
0.0,0.0,1.0,0.0,0
0.0,0.0,1.0,0.0,0
0.2,0.0,1.0,0.0,0
0.0,0.0,1.0,0.0,0
0.0,0.0,1.0,0.0,0
0.0,0.0,1.0,0.0,0
0.0,0.0,1.0,0.0,0
0.0,0.0,1.0,0.0,0
0.0,0.0,1.0,0.0,0
0.0,0.0,1.0,0.0,0
0.0,0.0,1.0,0.0,0
0.0,0.0,1.0,0.0,0
0.0,0.0,1.0,0.0,0
0.0,0.0,1.0,2.0,0
0.0,0.0,1.0,4.0,0
0.0,0.0,1.0,0.0,0
0.7,0.0,1.0,0.0,0
0.0,0.0,1.0,0.0,0
0.0,0.0,1.0,0.0,0
0.0,0.0,1.0,2.0,0
0.0,0.0,1.0,0.0,0
0.0,0.0,1.0,0.0,0
0.0,0.0,1.0,0.0,0
0.0,0.0,1.0,0.0,0
0.0,0.0,1.0,0.0,0
0.0,0.0,1.0,0.0,0
0.1,0.0,1.0,0.0,0
0.0,0.0,1.0,0.0,0
0.0,0.0,1.0,0.0,0
0.0,0.0,1.0,0.0,0
0.0,0.0,1.0,0.0,0
0.0,0.0,1.0,0.0,0
0.2,0.0,1.0,0.0,0
0.0,0.0,1.0,0.0,0
0.8,0.0,1.0,0.0,0
0.0,0.0,1.0,0.0,0
0.0,0.0,1.0,0.0,0
0.0,0.0,1.0,0.0,0
0.0,0.0,1.0,0.0,0
0.0,0.0,1.0,0.0,0
0.0,0.0,1.0,2.0,0
0.0,0.0,1.0,0.0,0
0.0,0.0,1.0,0.0,0
0.0,0.0,1.0,0.0,0
0.0,0.0,1.0,0.0,0
0.0,0.0,1.0,0.0,0
0.0,0.0,1.0,1.0,0
0.0,0.0,1.0,0.0,0
0.0,0.0,1.0,0.0,0
0.0,0.0,1.0,0.0,0
0.0,0.0,1.0,1.0,0
0.0,0.0,1.0,0.0,0
0.0,0.0,1.0,0.0,0
0.0,0.0,1.0,1.0,0
0.0,0.0,1.0,0.0,0
0.0,0.0,1.0,0.0,0
0.0,0.0,1.0,4.0,0
0.1,0.0,1.0,0.0,0
0.0,0.0,1.0,0.0,0
0.0,0.0,1.0,0.0,0
0.9,0.0,1.0,16.0,0
0.0,0.0,1.0,0.0,0
0.0,0.0,1.0,1.0,0
0.0,0.0,1.0,0.0,0
0.0,0.0,1.0,0.0,0
0.0,0.0,1.0,0.0,0
0.0,0.0,1.0,0.0,0
0.0,0.0,1.0,0.0,0
0.0,0.0,1.0,0.0,0
0.1,0.0,1.0,0.0,0
0.2,0.0,1.0,0.0,0
0.0,0.0,1.0,4.0,0
0.0,0.0,1.0,0.0,0
0.0,0.0,1.0,0.0,0
0.0,0.0,1.0,0.0,0
0.0,0.0,1.0,0.0,0
0.0,0.0,1.0,0.0,0
0.0,0.0,1.0,0.0,0
0.0,0.0,1.0,0.0,0
0.0,0.0,1.0,0.0,0
0.0,0.0,1.0,0.0,0
0.0,0.0,1.0,0.0,0
0.0,0.0,1.0,0.0,0
0.0,0.0,1.0,2.0,0
0.0,0.0,1.0,0.0,0
0.0,0.0,1.0,0.0,0
0.0,0.0,1.0,0.0,0
0.0,0.0,1.0,0.0,0
0.0,0.0,1.0,2.0,0
0.0,0.0,1.0,5.0,0
0.0,0.0,1.0,0.0,0
0.0,0.0,1.0,0.0,0
0.1,0.0,1.0,308.0,1
0.0,0.0,1.0,0.0,0
0.0,0.0,1.0,0.0,0
0.0,0.0,1.0,0.0,0
0.1,0.0,1.0,0.0,0
0.0,0.0,1.0,0.0,0
0.0,0.0,1.0,0.0,0
0.0,0.0,1.0,0.0,0
0.0,0.0,1.0,0.0,0
0.0,0.0,1.0,0.0,0
0.0,0.0,1.0,0.0,0
0.0,0.0,1.0,0.0,0
0.0,0.0,1.0,0.0,0
0.0,0.0,1.0,0.0,0
0.0,0.0,1.0,0.0,0
0.0,0.0,1.0,5.0,0
0.1,0.0,1.0,0.0,0
0.0,0.0,1.0,0.0,0
0.1,0.0,1.0,0.0,0
0.0,0.0,1.0,0.0,0
0.0,0.0,1.0,0.0,0
0.0,0.0,1.0,0.0,0
0.0,0.0,1.0,0.0,0
0.0,0.0,1.0,0.0,0
0.0,0.0,1.0,0.0,0
0.0,0.0,1.0,16.0,0
0.0,0.0,1.0,0.0,0
0.0,0.0,1.0,0.0,0
0.3,0.0,1.0,0.0,0
0.0,0.0,1.0,1.0,0
0.0,0.0,1.0,0.0,0
0.0,0.0,1.0,11.0,0
0.2,0.0,1.0,0.0,0
0.0,0.0,1.0,0.0,0
0.0,0.0,1.0,0.0,0
0.0,0.0,1.0,0.0,0
0.0,0.0,1.0,0.0,0
0.0,0.0,1.0,0.0,0
0.1,0.0,1.0,9.0,0
0.0,0.0,1.0,0.0,0
0.0,0.0,1.0,0.0,0
0.0,0.0,1.0,0.0,0
0.0,0.0,1.0,0.0,0
0.2,0.0,1.0,0.0,0
0.0,0.0,1.0,0.0,0
0.0,0.0,1.0,0.0,0
0.1,0.0,1.0,1.0,0
0.0,0.0,1.0,0.0,0
0.0,0.0,1.0,0.0,0
0.0,0.0,1.0,0.0,0
0.0,0.0,1.0,0.0,0
0.0,0.0,1.0,0.0,0
0.0,0.0,1.0,0.0,0
0.1,0.0,1.0,0.0,0
0.0,0.0,1.0,2.0,0
0.0,0.0,1.0,0.0,0
0.0,0.0,1.0,0.0,0
0.0,0.0,1.0,0.0,0
0.0,0.0,1.0,0.0,0
0.0,0.0,1.0,0.0,0
0.1,0.0,1.0,11.0,0
0.0,0.0,1.0,0.0,0
0.0,0.0,1.0,0.0,0
0.0,0.0,1.0,0.0,0
0.0,0.0,1.0,0.0,0
0.0,0.0,1.0,0.0,0
0.0,0.0,1.0,0.0,0
0.0,0.0,1.0,0.0,0
0.0,0.0,1.0,0.0,0
23.0,0.0,1.0,1.0,1
0.0,0.0,1.0,0.0,0
0.0,0.0,1.0,0.0,0
0.0,0.0,1.0,0.0,0
0.0,0.0,1.0,0.0,0
0.0,0.0,1.0,0.0,0
0.0,0.0,1.0,2.0,0
0.0,0.0,1.0,0.0,0
0.0,0.0,1.0,0.0,0
0.0,0.0,1.0,0.0,0
0.0,0.0,1.0,0.0,0
0.0,0.0,1.0,0.0,0
0.0,0.0,1.0,0.0,0
0.0,0.0,1.0,9.0,0
0.0,0.0,1.0,0.0,0
0.0,0.0,1.0,0.0,0
0.0,0.0,1.0,0.0,0
0.0,0.0,1.0,0.0,0
0.0,0.0,1.0,0.0,0
0.0,0.0,1.0,0.0,0
0.5,0.0,1.0,0.0,0
0.0,0.0,1.0,0.0,0
0.0,0.0,1.0,0.0,0
0.0,0.0,1.0,0.0,0
0.0,0.0,1.0,0.0,0
0.0,0.0,1.0,0.0,0
0.5,0.0,1.0,0.0,0
0.0,0.0,1.0,4.0,0
0.0,0.0,1.0,0.0,0
0.0,0.0,1.0,0.0,0
0.0,0.0,1.0,1.0,0
0.0,0.0,1.0,0.0,0
1.7,0.0,1.0,0.0,0
0.1,0.0,1.0,0.0,0
0.2,0.0,1.0,2.0,0
0.0,0.0,1.0,0.0,0
0.0,0.0,1.0,0.0,0
0.0,0.0,1.0,0.0,0
0.0,0.0,1.0,0.0,0
0.0,0.0,1.0,0.0,0
0.0,0.0,1.0,0.0,0
0.0,0.0,1.0,0.0,0
0.0,0.0,1.0,0.0,0
0.1,0.0,1.0,0.0,0
0.0,0.0,1.0,0.0,0
0.0,0.0,1.0,0.0,0
0.0,0.0,1.0,0.0,0
0.0,0.0,1.0,0.0,0
0.0,0.0,1.0,0.0,0
0.1,0.0,1.0,11.0,0
0.1,0.0,1.0,0.0,0
0.0,0.0,1.0,0.0,0
0.2,0.0,1.0,2.0,0
0.0,0.0,1.0,0.0,0
0.0,0.0,1.0,0.0,0
0.0,0.0,1.0,0.0,0
0.0,0.0,1.0,0.0,0
0.0,0.0,1.0,0.0,0
0.0,0.0,1.0,0.0,0
0.0,0.0,1.0,0.0,0
0.0,0.0,1.0,0.0,0
0.0,0.0,1.0,0.0,0
0.0,0.0,1.0,0.0,0
0.0,0.0,1.0,0.0,0
0.0,0.0,1.0,0.0,0
0.0,0.0,1.0,0.0,0
0.0,0.0,1.0,2.0,0
0.0,0.0,1.0,0.0,0
0.0,0.0,1.0,0.0,0
2.8,0.0,1.0,0.0,0
0.3,0.0,1.0,0.0,0
0.0,0.0,1.0,0.0,0
0.0,0.0,1.0,0.0,0
0.0,0.0,1.0,0.0,0
0.0,0.0,1.0,0.0,0
0.0,0.0,1.0,0.0,0
0.0,0.0,1.0,0.0,0
0.0,0.0,1.0,0.0,0
0.0,0.0,1.0,0.0,0
0.0,0.0,1.0,0.0,0
0.0,0.0,1.0,0.0,0
0.1,0.0,1.0,0.0,0
0.0,0.0,1.0,0.0,0
0.0,0.0,1.0,0.0,0
0.0,0.0,1.0,0.0,0
0.0,0.0,1.0,0.0,0
0.0,0.0,1.0,0.0,0
0.0,0.0,1.0,0.0,0
0.0,0.0,1.0,0.0,0
0.0,0.0,1.0,0.0,0
0.0,0.0,1.0,1.0,0
0.1,0.0,1.0,8.0,0
0.0,0.0,1.0,0.0,0
0.0,0.0,1.0,0.0,0
0.0,0.0,1.0,0.0,0
0.0,0.0,1.0,0.0,0
0.0,0.0,1.0,0.0,0
0.0,0.0,1.0,0.0,0
0.0,0.0,1.0,1.0,0
0.0,0.0,1.0,0.0,0
0.0,0.0,1.0,0.0,0
0.8,0.0,1.0,0.0,0
0.0,0.0,1.0,5.0,0
3151.0,0.0,1.0,12.0,1
4.1,0.0,1.0,15.0,0
0.0,0.0,1.0,0.0,0
0.0,0.0,1.0,0.0,0
0.2,0.0,1.0,1.0,0
0.0,0.0,1.0,0.0,0
0.0,0.0,1.0,0.0,0
0.0,0.0,1.0,0.0,0
0.0,0.0,1.0,0.0,0
0.0,0.0,1.0,2.0,0
0.1,0.0,1.0,2.0,0
2.6,0.0,1.0,0.0,0
0.0,0.0,1.0,0.0,0
0.1,0.0,1.0,2.0,0
0.0,0.0,1.0,2.0,0
0.0,0.0,1.0,0.0,0
0.0,0.0,1.0,0.0,0
0.0,0.0,1.0,0.0,0
0.0,0.0,1.0,0.0,0
0.4,0.0,1.0,12.0,0
0.0,0.0,1.0,0.0,0
0.0,0.0,1.0,0.0,0
0.0,0.0,1.0,0.0,0
0.0,0.0,1.0,0.0,0
0.0,0.0,1.0,2.0,0
0.4,0.0,1.0,8.0,0
0.0,0.0,1.0,0.0,0
0.0,0.0,1.0,0.0,0
0.0,0.0,1.0,0.0,0
0.0,0.0,1.0,0.0,0
0.2,0.0,1.0,0.0,0
0.0,0.0,1.0,0.0,0
0.0,0.0,1.0,0.0,0
0.0,0.0,1.0,0.0,0
0.0,0.0,1.0,0.0,0
0.0,0.0,1.0,0.0,0
0.0,0.0,1.0,0.0,0
0.0,0.0,1.0,0.0,0
0.0,0.0,1.0,0.0,0
0.0,0.0,1.0,0.0,0
0.0,0.0,1.0,0.0,0
0.0,0.0,1.0,0.0,0
0.0,0.0,1.0,4.0,0
0.0,0.0,1.0,0.0,0
0.7,0.0,1.0,0.0,0
0.0,0.0,1.0,0.0,0
0.0,0.0,1.0,0.0,0
0.0,0.0,1.0,2.0,0
0.0,0.0,1.0,0.0,0
0.0,0.0,1.0,0.0,0
0.0,0.0,1.0,0.0,0
0.0,0.0,1.0,0.0,0
0.0,0.0,1.0,0.0,0
0.0,0.0,1.0,0.0,0
0.1,0.0,1.0,0.0,0
0.0,0.0,1.0,0.0,0
0.0,0.0,1.0,0.0,0
0.0,0.0,1.0,0.0,0
0.0,0.0,1.0,0.0,0
0.0,0.0,1.0,0.0,0
0.3,0.0,1.0,0.0,0
0.0,0.0,1.0,0.0,0
0.7,0.0,1.0,0.0,0
0.0,0.0,1.0,0.0,0
0.0,0.0,1.0,0.0,0
0.0,0.0,1.0,0.0,0
0.0,0.0,1.0,0.0,0
0.0,0.0,1.0,0.0,0
0.0,0.0,1.0,2.0,0
0.0,0.0,1.0,0.0,0
0.0,0.0,1.0,0.0,0
0.0,0.0,1.0,0.0,0
0.0,0.0,1.0,0.0,0
0.0,0.0,1.0,0.0,0
0.0,0.0,1.0,1.0,0
0.0,0.0,1.0,0.0,0
0.0,0.0,1.0,0.0,0
0.0,0.0,1.0,0.0,0
0.0,0.0,1.0,1.0,0
0.0,0.0,1.0,0.0,0
0.0,0.0,1.0,0.0,0
0.0,0.0,1.0,1.0,0
0.0,0.0,1.0,0.0,0
0.0,0.0,1.0,0.0,0
0.0,0.0,1.0,4.0,0
0.0,0.0,1.0,0.0,0
0.0,0.0,1.0,0.0,0
0.0,0.0,1.0,0.0,0
0.6,0.0,1.0,16.0,0
0.0,0.0,1.0,0.0,0
0.0,0.0,1.0,1.0,0
0.0,0.0,1.0,0.0,0
0.0,0.0,1.0,0.0,0
0.0,0.0,1.0,0.0,0
0.0,0.0,1.0,0.0,0
0.0,0.0,1.0,0.0,0
0.0,0.0,1.0,0.0,0
0.0,0.0,1.0,0.0,0
0.2,0.0,1.0,0.0,0
0.0,0.0,1.0,4.0,0
0.0,0.0,1.0,0.0,0
0.0,0.0,1.0,0.0,0
0.0,0.0,1.0,0.0,0
0.0,0.0,1.0,0.0,0
0.0,0.0,1.0,0.0,0
0.0,0.0,1.0,0.0,0
0.0,0.0,1.0,0.0,0
0.0,0.0,1.0,0.0,0
0.0,0.0,1.0,0.0,0
0.0,0.0,1.0,0.0,0
0.0,0.0,1.0,0.0,0
0.0,0.0,1.0,2.0,0
0.0,0.0,1.0,0.0,0
0.0,0.0,1.0,0.0,0
0.0,0.0,1.0,0.0,0
0.0,0.0,1.0,0.0,0
0.0,0.0,1.0,2.0,0
0.0,0.0,1.0,5.0,0
0.0,0.0,1.0,0.0,0
0.0,0.0,1.0,0.0,0
0.0,0.0,1.0,308.0,1
0.0,0.0,1.0,0.0,0
0.0,0.0,1.0,0.0,0
0.0,0.0,1.0,0.0,0
0.1,0.0,1.0,0.0,0
0.0,0.0,1.0,0.0,0
0.0,0.0,1.0,0.0,0
0.0,0.0,1.0,0.0,0
0.0,0.0,1.0,0.0,0
0.0,0.0,1.0,0.0,0
0.0,0.0,1.0,0.0,0
0.0,0.0,1.0,0.0,0
0.0,0.0,1.0,0.0,0
0.0,0.0,1.0,0.0,0
0.0,0.0,1.0,0.0,0
0.0,0.0,1.0,5.0,0
0.0,0.0,1.0,0.0,0
0.0,0.0,1.0,0.0,0
0.1,0.0,1.0,0.0,0
0.0,0.0,1.0,0.0,0
0.0,0.0,1.0,0.0,0
0.0,0.0,1.0,0.0,0
0.0,0.0,1.0,0.0,0
0.0,0.0,1.0,0.0,0
0.0,0.0,1.0,0.0,0
0.0,0.0,1.0,16.0,0
0.0,0.0,1.0,0.0,0
0.0,0.0,1.0,0.0,0
0.6,0.0,1.0,0.0,0
0.0,0.0,1.0,1.0,0
0.0,0.0,1.0,0.0,0
0.0,0.0,1.0,12.0,0
0.3,0.0,1.0,0.0,0
0.0,0.0,1.0,0.0,0
0.0,0.0,1.0,0.0,0
0.0,0.0,1.0,0.0,0
0.0,0.0,1.0,0.0,0
0.0,0.0,1.0,0.0,0
0.0,0.0,1.0,9.0,0
0.0,0.0,1.0,0.0,0
0.0,0.0,1.0,0.0,0
0.0,0.0,1.0,0.0,0
0.0,0.0,1.0,0.0,0
0.0,0.0,1.0,0.0,0
0.0,0.0,1.0,0.0,0
0.0,0.0,1.0,0.0,0
0.3,0.0,1.0,1.0,0
0.0,0.0,1.0,0.0,0
0.0,0.0,1.0,0.0,0
0.0,0.0,1.0,0.0,0
0.0,0.0,1.0,0.0,0
0.0,0.0,1.0,0.0,0
0.0,0.0,1.0,0.0,0
0.1,0.0,1.0,0.0,0
0.0,0.0,1.0,2.0,0
0.0,0.0,1.0,0.0,0
0.0,0.0,1.0,0.0,0
0.0,0.0,1.0,0.0,0
0.0,0.0,1.0,0.0,0
0.0,0.0,1.0,0.0,0
0.0,0.0,1.0,8.0,0
0.0,0.0,1.0,0.0,0
0.0,0.0,1.0,0.0,0
0.0,0.0,1.0,0.0,0
0.0,0.0,1.0,0.0,0
0.0,0.0,1.0,0.0,0
0.0,0.0,1.0,0.0,0
0.0,0.0,1.0,0.0,0
22.9,0.0,1.0,1.0,1
0.0,0.0,1.0,0.0,0
0.0,0.0,1.0,0.0,0
0.0,0.0,1.0,0.0,0
0.0,0.0,1.0,0.0,0
0.0,0.0,1.0,0.0,0
0.0,0.0,1.0,0.0,0
0.0,0.0,1.0,0.0,0
0.0,0.0,1.0,0.0,0
0.0,0.0,1.0,0.0,0
0.0,0.0,1.0,0.0,0
0.0,0.0,1.0,0.0,0
0.0,0.0,1.0,0.0,0
0.0,0.0,1.0,10.0,0
0.0,0.0,1.0,0.0,0
0.0,0.0,1.0,0.0,0
0.0,0.0,1.0,0.0,0
0.0,0.0,1.0,0.0,0
0.0,0.0,1.0,0.0,0
0.0,0.0,1.0,0.0,0
0.7,0.0,1.0,0.0,0
0.0,0.0,1.0,0.0,0
0.0,0.0,1.0,0.0,0
0.0,0.0,1.0,0.0,0
0.0,0.0,1.0,0.0,0
0.0,0.0,1.0,0.0,0
0.8,0.0,1.0,0.0,0
0.0,0.0,1.0,4.0,0
0.0,0.0,1.0,0.0,0
0.0,0.0,1.0,0.0,0
0.0,0.0,1.0,1.0,0
0.0,0.0,1.0,0.0,0
1.8,0.0,1.0,0.0,0
0.3,0.0,1.0,0.0,0
0.1,0.0,1.0,2.0,0
0.1,0.0,1.0,0.0,0
0.0,0.0,1.0,0.0,0
0.0,0.0,1.0,0.0,0
0.0,0.0,1.0,0.0,0
0.0,0.0,1.0,0.0,0
0.0,0.0,1.0,0.0,0
0.0,0.0,1.0,0.0,0
0.0,0.0,1.0,0.0,0
0.0,0.0,1.0,0.0,0
0.0,0.0,1.0,0.0,0
0.0,0.0,1.0,0.0,0
0.0,0.0,1.0,0.0,0
0.0,0.0,1.0,0.0,0
0.1,0.0,1.0,11.0,0
0.1,0.0,1.0,0.0,0
0.0,0.0,1.0,0.0,0
0.3,0.0,1.0,2.0,0
0.0,0.0,1.0,0.0,0
0.0,0.0,1.0,0.0,0
0.0,0.0,1.0,0.0,0
0.0,0.0,1.0,0.0,0
0.0,0.0,1.0,0.0,0
0.0,0.0,1.0,0.0,0
0.1,0.0,1.0,0.0,0
0.0,0.0,1.0,0.0,0
0.0,0.0,1.0,0.0,0
0.0,0.0,1.0,0.0,0
0.0,0.0,1.0,0.0,0
0.0,0.0,1.0,0.0,0
0.0,0.0,1.0,0.0,0
0.0,0.0,1.0,1.0,0
0.0,0.0,1.0,0.0,0
0.0,0.0,1.0,0.0,0
2.8,0.0,1.0,0.0,0
0.5,0.0,1.0,0.0,0
0.0,0.0,1.0,0.0,0
0.0,0.0,1.0,0.0,0
0.0,0.0,1.0,0.0,0
0.0,0.0,1.0,0.0,0
0.0,0.0,1.0,0.0,0
0.0,0.0,1.0,0.0,0
0.1,0.0,1.0,0.0,0
0.0,0.0,1.0,0.0,0
0.0,0.0,1.0,0.0,0
0.0,0.0,1.0,0.0,0
0.1,0.0,1.0,0.0,0
0.0,0.0,1.0,0.0,0
0.0,0.0,1.0,0.0,0
0.0,0.0,1.0,0.0,0
0.0,0.0,1.0,0.0,0
0.0,0.0,1.0,0.0,0
0.0,0.0,1.0,0.0,0
0.0,0.0,1.0,1.0,0
0.2,0.0,1.0,8.0,0
0.0,0.0,1.0,0.0,0
0.0,0.0,1.0,0.0,0
0.0,0.0,1.0,0.0,0
0.0,0.0,1.0,0.0,0
0.0,0.0,1.0,0.0,0
0.0,0.0,1.0,0.0,0
0.0,0.0,1.0,1.0,0
0.0,0.0,1.0,0.0,0
0.0,0.0,1.0,0.0,0
1.2,0.0,1.0,0.0,0
0.1,0.0,1.0,5.0,0
3151.9,0.0,1.0,7.0,1
4.2,0.0,1.0,15.0,0
0.0,0.0,1.0,0.0,0
0.0,0.0,1.0,0.0,0
0.2,0.0,1.0,1.0,0
0.2,0.0,1.0,0.0,0
0.0,0.0,1.0,0.0,0
0.0,0.0,1.0,0.0,0
0.0,0.0,1.0,0.0,0
0.0,0.0,1.0,2.0,0
0.1,0.0,1.0,2.0,0
1.4,0.0,1.0,0.0,0
0.0,0.0,1.0,0.0,0
0.1,0.0,1.0,2.0,0
0.1,0.0,1.0,2.0,0
0.0,0.0,1.0,0.0,0
0.0,0.0,1.0,0.0,0
0.0,0.0,1.0,0.0,0
0.0,0.0,1.0,0.0,0
0.7,0.0,1.0,12.0,0
0.0,0.0,1.0,0.0,0
0.0,0.0,1.0,0.0,0
0.0,0.0,1.0,0.0,0
0.0,0.0,1.0,0.0,0
0.0,0.0,1.0,2.0,0
0.7,0.0,1.0,6.0,0
0.0,0.0,1.0,0.0,0
0.0,0.0,1.0,0.0,0
0.0,0.0,1.0,0.0,0
0.0,0.0,1.0,0.0,0
0.1,0.0,1.0,0.0,0
0.0,0.0,1.0,0.0,0
0.0,0.0,1.0,0.0,0
0.0,0.0,1.0,0.0,0
0.0,0.0,1.0,0.0,0
0.1,0.0,1.0,0.0,0
0.0,0.0,1.0,0.0,0
0.0,0.0,1.0,0.0,0
0.0,0.0,1.0,0.0,0
0.0,0.0,1.0,0.0,0
0.0,0.0,1.0,0.0,0
0.0,0.0,1.0,0.0,0
0.0,0.0,1.0,4.0,0
0.0,0.0,1.0,0.0,0
0.5,0.0,1.0,0.0,0
0.0,0.0,1.0,0.0,0
0.0,0.0,1.0,0.0,0
0.0,0.0,1.0,2.0,0
0.0,0.0,1.0,0.0,0
0.0,0.0,1.0,0.0,0
0.0,0.0,1.0,0.0,0
0.1,0.0,1.0,0.0,0
0.0,0.0,1.0,0.0,0
0.0,0.0,1.0,0.0,0
0.2,0.0,1.0,0.0,0
0.0,0.0,1.0,0.0,0
0.0,0.0,1.0,0.0,0
0.0,0.0,1.0,0.0,0
0.0,0.0,1.0,0.0,0
0.0,0.0,1.0,0.0,0
0.3,0.0,1.0,0.0,0
0.0,0.0,1.0,0.0,0
0.8,0.0,1.0,0.0,0
0.0,0.0,1.0,0.0,0
0.0,0.0,1.0,0.0,0
0.1,0.0,1.0,0.0,0
0.0,0.0,1.0,0.0,0
0.0,0.0,1.0,0.0,0
0.0,0.0,1.0,2.0,0
0.0,0.0,1.0,0.0,0
0.0,0.0,1.0,0.0,0
0.0,0.0,1.0,0.0,0
0.0,0.0,1.0,0.0,0
0.0,0.0,1.0,0.0,0
0.0,0.0,1.0,1.0,0
0.0,0.0,1.0,0.0,0
0.0,0.0,1.0,0.0,0
0.0,0.0,1.0,0.0,0
0.0,0.0,1.0,1.0,0
0.0,0.0,1.0,0.0,0
0.0,0.0,1.0,0.0,0
0.0,0.0,1.0,1.0,0
0.0,0.0,1.0,0.0,0
0.0,0.0,1.0,0.0,0
0.0,0.0,1.0,4.0,0
0.0,0.0,1.0,0.0,0
0.0,0.0,1.0,0.0,0
0.0,0.0,1.0,0.0,0
0.7,0.0,1.0,16.0,0
0.0,0.0,1.0,0.0,0
0.0,0.0,1.0,1.0,0
0.0,0.0,1.0,0.0,0
0.0,0.0,1.0,0.0,0
0.0,0.0,1.0,0.0,0
0.0,0.0,1.0,0.0,0
0.0,0.0,1.0,0.0,0
0.0,0.0,1.0,0.0,0
0.0,0.0,1.0,0.0,0
0.1,0.0,1.0,0.0,0
0.0,0.0,1.0,4.0,0
0.0,0.0,1.0,0.0,0
0.0,0.0,1.0,0.0,0
0.0,0.0,1.0,0.0,0
0.0,0.0,1.0,0.0,0
0.0,0.0,1.0,0.0,0
0.0,0.0,1.0,0.0,0
0.0,0.0,1.0,0.0,0
0.0,0.0,1.0,0.0,0
0.0,0.0,1.0,0.0,0
0.0,0.0,1.0,0.0,0
0.0,0.0,1.0,0.0,0
0.0,0.0,1.0,2.0,0
0.0,0.0,1.0,0.0,0
0.0,0.0,1.0,0.0,0
0.0,0.0,1.0,0.0,0
0.0,0.0,1.0,0.0,0
0.0,0.0,1.0,2.0,0
0.0,0.0,1.0,5.0,0
0.0,0.0,1.0,0.0,0
0.0,0.0,1.0,0.0,0
0.0,0.0,1.0,308.0,1
0.0,0.0,1.0,0.0,0
0.0,0.0,1.0,0.0,0
0.0,0.0,1.0,0.0,0
0.0,0.0,1.0,0.0,0
0.0,0.0,1.0,0.0,0
0.0,0.0,1.0,0.0,0
0.0,0.0,1.0,0.0,0
0.0,0.0,1.0,0.0,0
0.0,0.0,1.0,0.0,0
0.0,0.0,1.0,0.0,0
0.0,0.0,1.0,0.0,0
0.0,0.0,1.0,0.0,0
0.0,0.0,1.0,0.0,0
0.0,0.0,1.0,0.0,0
0.0,0.0,1.0,5.0,0
0.0,0.0,1.0,0.0,0
0.0,0.0,1.0,0.0,0
0.0,0.0,1.0,0.0,0
0.0,0.0,1.0,0.0,0
0.0,0.0,1.0,0.0,0
0.0,0.0,1.0,0.0,0
0.0,0.0,1.0,0.0,0
0.0,0.0,1.0,0.0,0
0.1,0.0,1.0,0.0,0
0.0,0.0,1.0,16.0,0
0.0,0.0,1.0,0.0,0
0.0,0.0,1.0,0.0,0
0.3,0.0,1.0,0.0,0
0.0,0.0,1.0,0.0,0
0.0,0.0,1.0,11.0,0
0.1,0.0,1.0,0.0,0
0.0,0.0,1.0,0.0,0
0.0,0.0,1.0,0.0,0
0.0,0.0,1.0,0.0,0
0.0,0.0,1.0,0.0,0
0.0,0.0,1.0,0.0,0
0.0,0.0,1.0,9.0,0
0.0,0.0,1.0,0.0,0
0.0,0.0,1.0,0.0,0
0.0,0.0,1.0,0.0,0
0.0,0.0,1.0,0.0,0
0.1,0.0,1.0,0.0,0
0.0,0.0,1.0,0.0,0
0.0,0.0,1.0,0.0,0
0.2,0.0,1.0,1.0,0
0.0,0.0,1.0,0.0,0
0.0,0.0,1.0,0.0,0
0.0,0.0,1.0,0.0,0
0.0,0.0,1.0,0.0,0
0.0,0.0,1.0,0.0,0
0.0,0.0,1.0,0.0,0
0.2,0.0,1.0,0.0,0
0.0,0.0,1.0,2.0,0
0.0,0.0,1.0,0.0,0
0.0,0.0,1.0,0.0,0
0.0,0.0,1.0,0.0,0
0.0,0.0,1.0,0.0,0
0.0,0.0,1.0,0.0,0
0.1,0.0,1.0,8.0,0
0.0,0.0,1.0,0.0,0
0.0,0.0,1.0,0.0,0
0.0,0.0,1.0,0.0,0
0.0,0.0,1.0,0.0,0
0.0,0.0,1.0,0.0,0
0.0,0.0,1.0,0.0,0
0.0,0.0,1.0,0.0,0
23.3,0.0,1.0,1.0,1
0.0,0.0,1.0,0.0,0
0.0,0.0,1.0,0.0,0
0.0,0.0,1.0,0.0,0
0.0,0.0,1.0,0.0,0
0.0,0.0,1.0,0.0,0
0.0,0.0,1.0,0.0,0
0.0,0.0,1.0,0.0,0
0.0,0.0,1.0,0.0,0
0.0,0.0,1.0,0.0,0
0.0,0.0,1.0,0.0,0
0.0,0.0,1.0,0.0,0
0.0,0.0,1.0,0.0,0
0.0,0.0,1.0,9.0,0
0.0,0.0,1.0,0.0,0
0.0,0.0,1.0,0.0,0
0.0,0.0,1.0,0.0,0
0.0,0.0,1.0,0.0,0
0.0,0.0,1.0,0.0,0
0.0,0.0,1.0,0.0,0
0.5,0.0,1.0,0.0,0
0.0,0.0,1.0,0.0,0
0.0,0.0,1.0,0.0,0
0.0,0.0,1.0,0.0,0
0.2,0.0,1.0,0.0,0
0.0,0.0,1.0,0.0,0
0.0,0.0,1.0,0.0,0
0.3,0.0,1.0,0.0,0
0.0,0.0,1.0,3.0,0
0.0,0.0,1.0,0.0,0
0.1,0.0,1.0,0.0,0
0.0,0.0,1.0,0.0,0
0.0,0.0,1.0,0.0,0
0.0,0.0,1.0,0.0,0
2.3,0.0,1.0,0.0,0
0.1,0.0,1.0,0.0,0
0.1,0.0,1.0,2.0,0
0.0,0.0,1.0,0.0,0
0.0,0.0,1.0,0.0,0
0.0,0.0,1.0,0.0,0
0.0,0.0,1.0,0.0,0
0.0,0.0,1.0,0.0,0
0.0,0.0,1.0,0.0,0
0.0,0.0,1.0,0.0,0
0.0,0.0,1.0,0.0,0
0.0,0.0,1.0,0.0,0
0.0,0.0,1.0,0.0,0
0.0,0.0,1.0,0.0,0
0.0,0.0,1.0,0.0,0
0.0,0.0,1.0,0.0,0
0.1,0.0,1.0,9.0,0
0.0,0.0,1.0,0.0,0
0.0,0.0,1.0,0.0,0
0.2,0.0,1.0,2.0,0
0.0,0.0,1.0,0.0,0
0.0,0.0,1.0,0.0,0
0.0,0.0,1.0,0.0,0
0.0,0.0,1.0,0.0,0
0.0,0.0,1.0,0.0,0
0.0,0.0,1.0,0.0,0
0.0,0.0,1.0,0.0,0
0.0,0.0,1.0,0.0,0
0.0,0.0,1.0,0.0,0
0.0,0.0,1.0,0.0,0
0.0,0.0,1.0,0.0,0
0.0,0.0,1.0,0.0,0
0.0,0.0,1.0,0.0,0
0.0,0.0,1.0,1.0,0
0.0,0.0,1.0,0.0,0
0.0,0.0,1.0,0.0,0
2.7,0.0,1.0,0.0,0
0.3,0.0,1.0,0.0,0
0.0,0.0,1.0,0.0,0
0.0,0.0,1.0,0.0,0
0.0,0.0,1.0,0.0,0
0.0,0.0,1.0,0.0,0
0.0,0.0,1.0,1.0,0
0.0,0.0,1.0,0.0,0
0.0,0.0,1.0,0.0,0
0.0,0.0,1.0,0.0,0
0.0,0.0,1.0,0.0,0
0.0,0.0,1.0,0.0,0
0.0,0.0,1.0,0.0,0
0.0,0.0,1.0,0.0,0
0.0,0.0,1.0,0.0,0
0.0,0.0,1.0,0.0,0
0.0,0.0,1.0,0.0,0
0.0,0.0,1.0,0.0,0
0.0,0.0,1.0,0.0,0
0.0,0.0,1.0,0.0,0
0.0,0.0,1.0,0.0,0
0.0,0.0,1.0,1.0,0
0.1,0.0,1.0,8.0,0
0.0,0.0,1.0,0.0,0
0.0,0.0,1.0,0.0,0
0.0,0.0,1.0,0.0,0
0.0,0.0,1.0,0.0,0
0.0,0.0,1.0,0.0,0
0.0,0.0,1.0,0.0,0
0.0,0.0,1.0,1.0,0
0.0,0.0,1.0,0.0,0
0.0,0.0,1.0,0.0,0
0.9,0.0,1.0,0.0,0
0.0,0.0,1.0,5.0,0
3149.5,0.0,1.0,11.0,1
3.5,0.0,1.0,15.0,0
0.0,0.0,1.0,0.0,0
0.1,0.0,1.0,0.0,0
0.2,0.0,1.0,1.0,0
0.1,0.0,1.0,0.0,0
0.0,0.0,1.0,0.0,0
0.0,0.0,1.0,0.0,0
0.0,0.0,1.0,0.0,0
0.0,0.0,1.0,2.0,0
0.2,0.0,1.0,2.0,0
0.0,0.0,1.0,0.0,0
0.0,0.0,1.0,0.0,0
0.1,0.0,1.0,2.0,0
0.0,0.0,1.0,2.0,0
0.0,0.0,1.0,0.0,0
0.0,0.0,1.0,0.0,0
0.1,0.0,1.0,0.0,0
0.0,0.0,1.0,0.0,0
0.3,0.0,1.0,12.0,0
0.0,0.0,1.0,0.0,0
0.0,0.0,1.0,0.0,0
0.0,0.0,1.0,0.0,0
0.0,0.0,1.0,0.0,0
0.0,0.0,1.0,2.0,0
0.5,0.0,1.0,10.0,0
0.0,0.0,1.0,0.0,0
0.0,0.0,1.0,0.0,0
0.0,0.0,1.0,0.0,0
0.0,0.0,1.0,0.0,0
0.2,0.0,1.0,0.0,0
0.0,0.0,1.0,0.0,0
0.0,0.0,1.0,0.0,0
0.0,0.0,1.0,0.0,0
0.0,0.0,1.0,0.0,0
0.0,0.0,1.0,0.0,0
0.0,0.0,1.0,0.0,0
0.0,0.0,1.0,0.0,0
0.0,0.0,1.0,0.0,0
0.0,0.0,1.0,0.0,0
0.0,0.0,1.0,0.0,0
0.0,0.0,1.0,0.0,0
0.0,0.0,1.0,4.0,0
0.0,0.0,1.0,0.0,0
0.7,0.0,1.0,0.0,0
0.0,0.0,1.0,0.0,0
0.0,0.0,1.0,0.0,0
0.0,0.0,1.0,2.0,0
0.0,0.0,1.0,0.0,0
0.0,0.0,1.0,0.0,0
0.0,0.0,1.0,0.0,0
0.0,0.0,1.0,0.0,0
0.0,0.0,1.0,0.0,0
0.0,0.0,1.0,0.0,0
0.1,0.0,1.0,0.0,0
0.0,0.0,1.0,0.0,0
0.0,0.0,1.0,0.0,0
0.0,0.0,1.0,0.0,0
0.0,0.0,1.0,0.0,0
0.0,0.0,1.0,0.0,0
0.2,0.0,1.0,0.0,0
0.0,0.0,1.0,0.0,0
0.9,0.0,1.0,0.0,0
0.0,0.0,1.0,0.0,0
0.0,0.0,1.0,0.0,0
0.0,0.0,1.0,0.0,0
0.0,0.0,1.0,0.0,0
0.0,0.0,1.0,0.0,0
0.0,0.0,1.0,2.0,0
0.0,0.0,1.0,0.0,0
0.0,0.0,1.0,0.0,0
0.0,0.0,1.0,0.0,0
0.0,0.0,1.0,0.0,0
0.0,0.0,1.0,0.0,0
0.0,0.0,1.0,1.0,0
0.1,0.0,1.0,0.0,0
0.0,0.0,1.0,0.0,0
0.0,0.0,1.0,0.0,0
0.0,0.0,1.0,1.0,0
0.0,0.0,1.0,0.0,0
0.0,0.0,1.0,0.0,0
0.0,0.0,1.0,1.0,0
0.0,0.0,1.0,0.0,0
0.0,0.0,1.0,0.0,0
0.0,0.0,1.0,4.0,0
0.0,0.0,1.0,0.0,0
0.0,0.0,1.0,0.0,0
0.1,0.0,1.0,0.0,0
2.5,0.0,1.0,16.0,0
0.0,0.0,1.0,0.0,0
0.0,0.0,1.0,1.0,0
0.0,0.0,1.0,0.0,0
0.0,0.0,1.0,0.0,0
0.0,0.0,1.0,0.0,0
0.0,0.0,1.0,0.0,0
0.0,0.0,1.0,0.0,0
0.1,0.0,1.0,0.0,0
0.0,0.0,1.0,0.0,0
0.2,0.0,1.0,0.0,0
0.0,0.0,1.0,4.0,0
0.0,0.0,1.0,0.0,0
0.0,0.0,1.0,0.0,0
0.0,0.0,1.0,0.0,0
0.0,0.0,1.0,0.0,0
0.0,0.0,1.0,0.0,0
0.0,0.0,1.0,0.0,0
0.0,0.0,1.0,1.0,0
0.0,0.0,1.0,0.0,0
0.0,0.0,1.0,0.0,0
0.0,0.0,1.0,0.0,0
0.0,0.0,1.0,0.0,0
0.0,0.0,1.0,0.0,0
0.0,0.0,1.0,2.0,0
0.0,0.0,1.0,0.0,0
0.0,0.0,1.0,0.0,0
0.0,0.0,1.0,0.0,0
0.0,0.0,1.0,0.0,0
0.0,0.0,1.0,2.0,0
0.0,0.0,1.0,5.0,0
0.0,0.0,1.0,0.0,0
0.1,0.0,1.0,0.0,0
0.1,0.0,1.0,308.0,1
0.0,0.0,1.0,0.0,0
0.0,0.0,1.0,0.0,0
0.0,0.0,1.0,0.0,0
0.1,0.0,1.0,0.0,0
0.0,0.0,1.0,0.0,0
0.0,0.0,1.0,0.0,0
0.0,0.0,1.0,0.0,0
0.0,0.0,1.0,0.0,0
0.0,0.0,1.0,0.0,0
0.0,0.0,1.0,0.0,0
0.0,0.0,1.0,0.0,0
0.0,0.0,1.0,0.0,0
0.0,0.0,1.0,0.0,0
0.0,0.0,1.0,0.0,0
0.0,0.0,1.0,5.0,0
0.0,0.0,1.0,0.0,0
0.0,0.0,1.0,0.0,0
3.8,0.0,1.0,0.0,0
0.0,0.0,1.0,0.0,0
0.0,0.0,1.0,0.0,0
0.0,0.0,1.0,0.0,0
0.0,0.0,1.0,0.0,0
0.0,0.0,1.0,0.0,0
0.0,0.0,1.0,0.0,0
0.0,0.0,1.0,16.0,0
0.0,0.0,1.0,0.0,0
0.0,0.0,1.0,0.0,0
0.3,0.0,1.0,0.0,0
0.0,0.0,1.0,0.0,0
0.0,0.0,1.0,11.0,0
0.2,0.0,1.0,0.0,0
0.0,0.0,1.0,0.0,0
0.0,0.0,1.0,0.0,0
0.0,0.0,1.0,0.0,0
0.0,0.0,1.0,0.0,0
0.0,0.0,1.0,0.0,0
0.0,0.0,1.0,9.0,0
0.0,0.0,1.0,0.0,0
0.0,0.0,1.0,0.0,0
0.0,0.0,1.0,0.0,0
0.0,0.0,1.0,0.0,0
0.0,0.0,1.0,0.0,0
0.0,0.0,1.0,0.0,0
0.0,0.0,1.0,0.0,0
0.5,0.0,1.0,1.0,0
0.0,0.0,1.0,0.0,0
0.0,0.0,1.0,0.0,0
0.0,0.0,1.0,0.0,0
0.0,0.0,1.0,0.0,0
0.0,0.0,1.0,0.0,0
0.0,0.0,1.0,0.0,0
0.1,0.0,1.0,0.0,0
0.0,0.0,1.0,2.0,0
0.0,0.0,1.0,0.0,0
0.0,0.0,1.0,0.0,0
0.0,0.0,1.0,0.0,0
0.0,0.0,1.0,0.0,0
0.0,0.0,1.0,0.0,0
0.0,0.0,1.0,9.0,0
0.0,0.0,1.0,0.0,0
0.0,0.0,1.0,0.0,0
0.0,0.0,1.0,0.0,0
0.0,0.0,1.0,0.0,0
0.0,0.0,1.0,0.0,0
0.0,0.0,1.0,0.0,0
0.0,0.0,1.0,0.0,0
22.7,0.0,1.0,1.0,1
0.0,0.0,1.0,0.0,0
0.0,0.0,1.0,0.0,0
0.1,0.0,1.0,0.0,0
0.0,0.0,1.0,0.0,0
0.0,0.0,1.0,0.0,0
0.0,0.0,1.0,0.0,0
0.0,0.0,1.0,0.0,0
0.0,0.0,1.0,0.0,0
0.0,0.0,1.0,0.0,0
0.0,0.0,1.0,0.0,0
0.0,0.0,1.0,0.0,0
0.0,0.0,1.0,0.0,0
0.0,0.0,1.0,9.0,0
0.0,0.0,1.0,0.0,0
0.0,0.0,1.0,0.0,0
0.0,0.0,1.0,0.0,0
0.0,0.0,1.0,0.0,0
0.0,0.0,1.0,0.0,0
0.0,0.0,1.0,0.0,0
0.4,0.0,1.0,0.0,0
0.0,0.0,1.0,0.0,0
0.0,0.0,1.0,0.0,0
0.0,0.0,1.0,0.0,0
0.0,0.0,1.0,0.0,0
0.0,0.0,1.0,0.0,0
0.9,0.0,1.0,0.0,0
0.0,0.0,1.0,3.0,0
0.0,0.0,1.0,0.0,0
0.0,0.0,1.0,0.0,0
0.0,0.0,1.0,0.0,0
0.0,0.0,1.0,0.0,0
2.0,0.0,1.0,0.0,0
0.0,0.0,1.0,0.0,0
0.1,0.0,1.0,2.0,0
0.0,0.0,1.0,0.0,0
0.0,0.0,1.0,0.0,0
0.0,0.0,1.0,0.0,0
0.0,0.0,1.0,0.0,0
0.0,0.0,1.0,0.0,0
0.0,0.0,1.0,0.0,0
0.0,0.0,1.0,0.0,0
0.0,0.0,1.0,0.0,0
0.0,0.0,1.0,0.0,0
0.0,0.0,1.0,0.0,0
0.0,0.0,1.0,0.0,0
0.0,0.0,1.0,0.0,0
0.0,0.0,1.0,0.0,0
0.0,0.0,1.0,10.0,0
0.1,0.0,1.0,0.0,0
0.0,0.0,1.0,0.0,0
0.3,0.0,1.0,2.0,0
0.0,0.0,1.0,0.0,0
0.0,0.0,1.0,0.0,0
0.0,0.0,1.0,0.0,0
0.0,0.0,1.0,0.0,0
0.0,0.0,1.0,0.0,0
0.0,0.0,1.0,0.0,0
0.1,0.0,1.0,0.0,0
0.0,0.0,1.0,0.0,0
0.0,0.0,1.0,0.0,0
0.0,0.0,1.0,0.0,0
0.0,0.0,1.0,0.0,0
0.0,0.0,1.0,0.0,0
0.0,0.0,1.0,0.0,0
0.0,0.0,1.0,5.0,0
0.0,0.0,1.0,0.0,0
2.8,0.0,1.0,0.0,0
0.3,0.0,1.0,0.0,0
0.0,0.0,1.0,0.0,0
0.0,0.0,1.0,0.0,0
0.0,0.0,1.0,0.0,0
0.0,0.0,1.0,0.0,0
0.1,0.0,1.0,0.0,0
0.0,0.0,1.0,0.0,0
0.0,0.0,1.0,0.0,0
0.1,0.0,1.0,0.0,0
0.0,0.0,1.0,0.0,0
0.0,0.0,1.0,0.0,0
0.0,0.0,1.0,0.0,0
0.0,0.0,1.0,0.0,0
0.0,0.0,1.0,0.0,0
0.0,0.0,1.0,0.0,0
0.0,0.0,1.0,0.0,0
0.0,0.0,1.0,0.0,0
0.0,0.0,1.0,0.0,0
0.0,0.0,1.0,0.0,0
0.0,0.0,1.0,1.0,0
0.1,0.0,1.0,8.0,0
0.0,0.0,1.0,0.0,0
0.0,0.0,1.0,0.0,0
0.0,0.0,1.0,0.0,0
0.0,0.0,1.0,0.0,0
0.0,0.0,1.0,0.0,0
0.0,0.0,1.0,0.0,0
0.0,0.0,1.0,1.0,0
0.0,0.0,1.0,0.0,0
0.0,0.0,1.0,0.0,0
0.8,0.0,1.0,0.0,0
0.0,0.0,1.0,5.0,0
3154.0,0.0,1.0,12.0,1
4.2,0.0,1.0,15.0,0
0.0,0.0,1.0,0.0,0
0.0,0.0,1.0,0.0,0
0.3,0.0,1.0,1.0,0
0.1,0.0,1.0,0.0,0
0.0,0.0,1.0,0.0,0
0.0,0.0,1.0,0.0,0
0.0,0.0,1.0,0.0,0
0.0,0.0,1.0,2.0,0
0.1,0.0,1.0,2.0,0
0.7,0.0,1.0,0.0,0
0.0,0.0,1.0,0.0,0
0.1,0.0,1.0,2.0,0
0.1,0.0,1.0,2.0,0
0.0,0.0,1.0,0.0,0
0.0,0.0,1.0,0.0,0
0.0,0.0,1.0,0.0,0
0.0,0.0,1.0,0.0,0
0.3,0.0,1.0,12.0,0
0.0,0.0,1.0,0.0,0
0.0,0.0,1.0,0.0,0
0.0,0.0,1.0,0.0,0
0.0,0.0,1.0,0.0,0
0.0,0.0,1.0,2.0,0
0.5,0.0,1.0,6.0,0
0.0,0.0,1.0,0.0,0
0.0,0.0,1.0,0.0,0
0.0,0.0,1.0,0.0,0
0.0,0.0,1.0,0.0,0
0.2,0.0,1.0,0.0,0
0.0,0.0,1.0,0.0,0
0.1,0.0,1.0,0.0,0
0.0,0.0,1.0,0.0,0
0.0,0.0,1.0,0.0,0
0.1,0.0,1.0,0.0,0
0.0,0.0,1.0,0.0,0
0.0,0.0,1.0,0.0,0
0.0,0.0,1.0,0.0,0
0.0,0.0,1.0,0.0,0
0.0,0.0,1.0,0.0,0
0.0,0.0,1.0,0.0,0
0.0,0.0,1.0,4.0,0
0.0,0.0,1.0,0.0,0
0.5,0.0,1.0,0.0,0
0.0,0.0,1.0,0.0,0
0.0,0.0,1.0,0.0,0
0.0,0.0,1.0,2.0,0
0.0,0.0,1.0,0.0,0
0.0,0.0,1.0,0.0,0
0.0,0.0,1.0,0.0,0
0.0,0.0,1.0,0.0,0
0.0,0.0,1.0,0.0,0
0.0,0.0,1.0,0.0,0
0.1,0.0,1.0,0.0,0
0.0,0.0,1.0,0.0,0
0.0,0.0,1.0,0.0,0
0.0,0.0,1.0,0.0,0
0.0,0.0,1.0,0.0,0
0.0,0.0,1.0,0.0,0
0.5,0.0,1.0,0.0,0
0.0,0.0,1.0,0.0,0
0.8,0.0,1.0,0.0,0
0.0,0.0,1.0,0.0,0
0.0,0.0,1.0,0.0,0
0.1,0.0,1.0,0.0,0
0.0,0.0,1.0,0.0,0
0.0,0.0,1.0,0.0,0
0.0,0.0,1.0,2.0,0
0.0,0.0,1.0,0.0,0
0.0,0.0,1.0,0.0,0
0.0,0.0,1.0,0.0,0
0.0,0.0,1.0,0.0,0
0.0,0.0,1.0,0.0,0
0.0,0.0,1.0,1.0,0
0.0,0.0,1.0,0.0,0
0.0,0.0,1.0,0.0,0
0.0,0.0,1.0,0.0,0
0.0,0.0,1.0,1.0,0
0.0,0.0,1.0,0.0,0
0.0,0.0,1.0,0.0,0
0.0,0.0,1.0,1.0,0
0.0,0.0,1.0,0.0,0
0.0,0.0,1.0,0.0,0
0.0,0.0,1.0,4.0,0
0.0,0.0,1.0,0.0,0
0.0,0.0,1.0,0.0,0
0.1,0.0,1.0,0.0,0
0.8,0.0,1.0,16.0,0
0.0,0.0,1.0,0.0,0
0.0,0.0,1.0,1.0,0
0.0,0.0,1.0,0.0,0
0.0,0.0,1.0,0.0,0
0.0,0.0,1.0,0.0,0
0.0,0.0,1.0,0.0,0
0.0,0.0,1.0,0.0,0
0.0,0.0,1.0,0.0,0
0.1,0.0,1.0,0.0,0
0.2,0.0,1.0,0.0,0
0.0,0.0,1.0,4.0,0
0.0,0.0,1.0,0.0,0
0.0,0.0,1.0,0.0,0
0.0,0.0,1.0,0.0,0
0.0,0.0,1.0,0.0,0
0.0,0.0,1.0,0.0,0
0.0,0.0,1.0,0.0,0
0.0,0.0,1.0,1.0,0
0.0,0.0,1.0,0.0,0
0.0,0.0,1.0,0.0,0
0.0,0.0,1.0,0.0,0
0.0,0.0,1.0,0.0,0
0.0,0.0,1.0,0.0,0
0.0,0.0,1.0,2.0,0
0.0,0.0,1.0,0.0,0
0.0,0.0,1.0,0.0,0
0.0,0.0,1.0,0.0,0
0.0,0.0,1.0,0.0,0
0.0,0.0,1.0,2.0,0
0.0,0.0,1.0,5.0,0
0.0,0.0,1.0,0.0,0
0.0,0.0,1.0,0.0,0
0.1,0.0,1.0,308.0,1
0.0,0.0,1.0,0.0,0
0.0,0.0,1.0,0.0,0
0.0,0.0,1.0,0.0,0
0.0,0.0,1.0,0.0,0
0.0,0.0,1.0,0.0,0
0.0,0.0,1.0,0.0,0
0.0,0.0,1.0,0.0,0
0.0,0.0,1.0,0.0,0
0.0,0.0,1.0,0.0,0
0.0,0.0,1.0,0.0,0
0.0,0.0,1.0,0.0,0
0.0,0.0,1.0,0.0,0
0.0,0.0,1.0,0.0,0
0.0,0.0,1.0,0.0,0
0.0,0.0,1.0,5.0,0
0.0,0.0,1.0,0.0,0
0.0,0.0,1.0,0.0,0
0.1,0.0,1.0,0.0,0
0.0,0.0,1.0,0.0,0
0.0,0.0,1.0,0.0,0
0.0,0.0,1.0,0.0,0
0.0,0.0,1.0,0.0,0
0.1,0.0,1.0,0.0,0
0.0,0.0,1.0,0.0,0
0.0,0.0,1.0,16.0,0
0.0,0.0,1.0,0.0,0
0.0,0.0,1.0,0.0,0
0.3,0.0,1.0,0.0,0
0.0,0.0,1.0,0.0,0
0.1,0.0,1.0,12.0,0
0.2,0.0,1.0,0.0,0
0.0,0.0,1.0,0.0,0
0.0,0.0,1.0,0.0,0
0.0,0.0,1.0,0.0,0
0.0,0.0,1.0,0.0,0
0.0,0.0,1.0,0.0,0
0.1,0.0,1.0,9.0,0
0.0,0.0,1.0,0.0,0
0.0,0.0,1.0,0.0,0
0.0,0.0,1.0,0.0,0
0.0,0.0,1.0,0.0,0
0.1,0.0,1.0,0.0,0
0.0,0.0,1.0,0.0,0
0.0,0.0,1.0,0.0,0
0.2,0.0,1.0,1.0,0
0.0,0.0,1.0,0.0,0
0.0,0.0,1.0,0.0,0
0.0,0.0,1.0,0.0,0
0.0,0.0,1.0,0.0,0
0.0,0.0,1.0,0.0,0
0.0,0.0,1.0,0.0,0
0.1,0.0,1.0,0.0,0
0.0,0.0,1.0,2.0,0
0.0,0.0,1.0,0.0,0
0.0,0.0,1.0,0.0,0
0.0,0.0,1.0,0.0,0
0.0,0.0,1.0,0.0,0
0.0,0.0,1.0,0.0,0
0.1,0.0,1.0,9.0,0
0.0,0.0,1.0,0.0,0
0.0,0.0,1.0,0.0,0
0.0,0.0,1.0,0.0,0
0.0,0.0,1.0,0.0,0
0.0,0.0,1.0,0.0,0
0.0,0.0,1.0,0.0,0
0.0,0.0,1.0,0.0,0
23.1,0.0,1.0,1.0,1
0.0,0.0,1.0,0.0,0
0.0,0.0,1.0,0.0,0
0.0,0.0,1.0,0.0,0
0.0,0.0,1.0,0.0,0
0.0,0.0,1.0,0.0,0
0.0,0.0,1.0,0.0,0
0.0,0.0,1.0,0.0,0
0.0,0.0,1.0,0.0,0
0.0,0.0,1.0,0.0,0
0.0,0.0,1.0,0.0,0
0.0,0.0,1.0,0.0,0
0.0,0.0,1.0,0.0,0
0.0,0.0,1.0,10.0,0
0.0,0.0,1.0,0.0,0
0.0,0.0,1.0,0.0,0
0.0,0.0,1.0,0.0,0
0.0,0.0,1.0,0.0,0
0.0,0.0,1.0,0.0,0
0.0,0.0,1.0,0.0,0
0.5,0.0,1.0,0.0,0
0.0,0.0,1.0,0.0,0
0.0,0.0,1.0,0.0,0
0.0,0.0,1.0,0.0,0
0.0,0.0,1.0,0.0,0
0.0,0.0,1.0,0.0,0
0.5,0.0,1.0,0.0,0
0.0,0.0,1.0,3.0,0
0.0,0.0,1.0,0.0,0
0.0,0.0,1.0,0.0,0
0.2,0.0,1.0,1.0,0
0.0,0.0,1.0,0.0,0
2.2,0.0,1.0,0.0,0
0.2,0.0,1.0,0.0,0
0.1,0.0,1.0,2.0,0
0.1,0.0,1.0,0.0,0
0.0,0.0,1.0,0.0,0
0.0,0.0,1.0,0.0,0
0.0,0.0,1.0,0.0,0
0.0,0.0,1.0,0.0,0
0.0,0.0,1.0,0.0,0
0.0,0.0,1.0,0.0,0
0.0,0.0,1.0,0.0,0
0.0,0.0,1.0,0.0,0
0.0,0.0,1.0,0.0,0
0.0,0.0,1.0,0.0,0
0.0,0.0,1.0,0.0,0
0.0,0.0,1.0,0.0,0
0.0,0.0,1.0,13.0,0
0.1,0.0,1.0,0.0,0
0.0,0.0,1.0,0.0,0
0.2,0.0,1.0,2.0,0
0.0,0.0,1.0,0.0,0
0.0,0.0,1.0,0.0,0
0.0,0.0,1.0,0.0,0
0.0,0.0,1.0,0.0,0
0.0,0.0,1.0,0.0,0
0.0,0.0,1.0,0.0,0
0.0,0.0,1.0,0.0,0
0.0,0.0,1.0,0.0,0
0.0,0.0,1.0,0.0,0
0.0,0.0,1.0,0.0,0
0.0,0.0,1.0,0.0,0
0.0,0.0,1.0,0.0,0
0.0,0.0,1.0,0.0,0
0.0,0.0,1.0,1.0,0
0.0,0.0,1.0,0.0,0
2.8,0.0,1.0,0.0,0
0.3,0.0,1.0,0.0,0
0.0,0.0,1.0,0.0,0
0.0,0.0,1.0,0.0,0
0.0,0.0,1.0,0.0,0
0.0,0.0,1.0,0.0,0
0.0,0.0,1.0,0.0,0
0.0,0.0,1.0,0.0,0
0.0,0.0,1.0,0.0,0
0.0,0.0,1.0,0.0,0
0.0,0.0,1.0,0.0,0
0.0,0.0,1.0,0.0,0
0.0,0.0,1.0,0.0,0
0.0,0.0,1.0,0.0,0
0.0,0.0,1.0,0.0,0
0.0,0.0,1.0,0.0,0
0.0,0.0,1.0,0.0,0
0.0,0.0,1.0,0.0,0
0.0,0.0,1.0,0.0,0
0.0,0.0,1.0,1.0,0
0.1,0.0,1.0,8.0,0
0.0,0.0,1.0,0.0,0
0.1,0.0,1.0,0.0,0
0.0,0.0,1.0,0.0,0
0.0,0.0,1.0,0.0,0
0.0,0.0,1.0,0.0,0
0.0,0.0,1.0,0.0,0
0.0,0.0,1.0,1.0,0
0.0,0.0,1.0,0.0,0
0.0,0.0,1.0,0.0,0
1.1,0.0,1.0,0.0,0
0.0,0.0,1.0,5.0,0
3147.9,0.0,1.0,10.0,1
4.6,0.0,1.0,15.0,0
0.0,0.0,1.0,0.0,0
0.0,0.0,1.0,0.0,0
0.2,0.0,1.0,1.0,0
0.1,0.0,1.0,0.0,0
0.0,0.0,1.0,0.0,0
0.0,0.0,1.0,0.0,0
0.0,0.0,1.0,0.0,0
0.0,0.0,1.0,2.0,0
0.1,0.0,1.0,2.0,0
2.9,0.0,1.0,0.0,0
0.0,0.0,1.0,0.0,0
0.1,0.0,1.0,2.0,0
0.1,0.0,1.0,2.0,0
0.0,0.0,1.0,0.0,0
0.0,0.0,1.0,0.0,0
0.0,0.0,1.0,0.0,0
0.6,0.0,1.0,0.0,0
1.1,0.0,1.0,12.0,0
0.0,0.0,1.0,0.0,0
0.0,0.0,1.0,0.0,0
0.0,0.0,1.0,0.0,0
0.0,0.0,1.0,0.0,0
0.0,0.0,1.0,2.0,0
1.3,0.0,1.0,6.0,0
0.0,0.0,1.0,0.0,0
0.0,0.0,1.0,0.0,0
0.0,0.0,1.0,0.0,0
0.0,0.0,1.0,0.0,0
0.2,0.0,1.0,0.0,0
0.0,0.0,1.0,0.0,0
0.0,0.0,1.0,0.0,0
0.0,0.0,1.0,0.0,0
0.0,0.0,1.0,0.0,0
0.0,0.0,1.0,0.0,0
0.0,0.0,1.0,0.0,0
0.0,0.0,1.0,0.0,0
0.0,0.0,1.0,0.0,0
0.0,0.0,1.0,0.0,0
0.0,0.0,1.0,0.0,0
0.0,0.0,1.0,0.0,0
0.0,0.0,1.0,4.0,0
0.0,0.0,1.0,0.0,0
0.5,0.0,1.0,0.0,0
0.0,0.0,1.0,0.0,0
0.0,0.0,1.0,0.0,0
0.0,0.0,1.0,2.0,0
0.0,0.0,1.0,0.0,0
0.0,0.0,1.0,0.0,0
0.0,0.0,1.0,0.0,0
0.1,0.0,1.0,0.0,0
0.1,0.0,1.0,0.0,0
0.0,0.0,1.0,0.0,0
0.1,0.0,1.0,0.0,0
0.0,0.0,1.0,0.0,0
0.0,0.0,1.0,0.0,0
0.0,0.0,1.0,0.0,0
0.0,0.0,1.0,0.0,0
0.0,0.0,1.0,0.0,0
0.7,0.0,1.0,0.0,0
0.0,0.0,1.0,0.0,0
0.7,0.0,1.0,0.0,0
0.0,0.0,1.0,0.0,0
0.0,0.0,1.0,0.0,0
0.0,0.0,1.0,0.0,0
0.0,0.0,1.0,0.0,0
0.0,0.0,1.0,0.0,0
0.0,0.0,1.0,2.0,0
0.0,0.0,1.0,0.0,0
0.0,0.0,1.0,0.0,0
0.0,0.0,1.0,0.0,0
0.0,0.0,1.0,0.0,0
0.0,0.0,1.0,0.0,0
0.0,0.0,1.0,1.0,0
0.0,0.0,1.0,0.0,0
0.0,0.0,1.0,0.0,0
0.0,0.0,1.0,0.0,0
0.0,0.0,1.0,1.0,0
0.0,0.0,1.0,0.0,0
0.0,0.0,1.0,0.0,0
0.0,0.0,1.0,1.0,0
0.0,0.0,1.0,0.0,0
0.0,0.0,1.0,0.0,0
0.0,0.0,1.0,4.0,0
0.2,0.0,1.0,0.0,0
0.0,0.0,1.0,0.0,0
0.0,0.0,1.0,0.0,0
0.7,0.0,1.0,16.0,0
0.0,0.0,1.0,0.0,0
0.0,0.0,1.0,1.0,0
0.0,0.0,1.0,0.0,0
0.0,0.0,1.0,0.0,0
0.0,0.0,1.0,0.0,0
0.0,0.0,1.0,0.0,0
0.0,0.0,1.0,0.0,0
0.0,0.0,1.0,0.0,0
0.0,0.0,1.0,0.0,0
0.3,0.0,1.0,0.0,0
0.0,0.0,1.0,4.0,0
0.0,0.0,1.0,0.0,0
0.0,0.0,1.0,0.0,0
0.1,0.0,1.0,0.0,0
0.0,0.0,1.0,0.0,0
0.0,0.0,1.0,0.0,0
0.0,0.0,1.0,0.0,0
0.0,0.0,1.0,0.0,0
0.0,0.0,1.0,0.0,0
0.0,0.0,1.0,0.0,0
0.0,0.0,1.0,0.0,0
0.0,0.0,1.0,0.0,0
0.0,0.0,1.0,2.0,0
0.0,0.0,1.0,0.0,0
0.0,0.0,1.0,0.0,0
0.0,0.0,1.0,0.0,0
0.0,0.0,1.0,0.0,0
0.0,0.0,1.0,2.0,0
0.0,0.0,1.0,5.0,0
0.0,0.0,1.0,0.0,0
0.1,0.0,1.0,0.0,0
0.0,0.0,1.0,308.0,1
0.0,0.0,1.0,0.0,0
0.0,0.0,1.0,0.0,0
0.0,0.0,1.0,0.0,0
0.0,0.0,1.0,0.0,0
0.0,0.0,1.0,0.0,0
0.0,0.0,1.0,0.0,0
0.0,0.0,1.0,0.0,0
0.0,0.0,1.0,0.0,0
0.0,0.0,1.0,0.0,0
0.0,0.0,1.0,0.0,0
0.0,0.0,1.0,0.0,0
0.0,0.0,1.0,0.0,0
0.0,0.0,1.0,0.0,0
0.0,0.0,1.0,0.0,0
0.0,0.0,1.0,5.0,0
0.0,0.0,1.0,0.0,0
0.0,0.0,1.0,0.0,0
0.0,0.0,1.0,0.0,0
0.0,0.0,1.0,0.0,0
0.0,0.0,1.0,0.0,0
0.0,0.0,1.0,0.0,0
0.0,0.0,1.0,0.0,0
0.0,0.0,1.0,0.0,0
0.0,0.0,1.0,0.0,0
0.0,0.0,1.0,16.0,0
0.0,0.0,1.0,0.0,0
0.0,0.0,1.0,0.0,0
0.4,0.0,1.0,0.0,0
0.0,0.0,1.0,0.0,0
0.0,0.0,1.0,12.0,0
0.3,0.0,1.0,0.0,0
0.0,0.0,1.0,0.0,0
0.0,0.0,1.0,0.0,0
0.0,0.0,1.0,0.0,0
0.0,0.0,1.0,0.0,0
0.0,0.0,1.0,0.0,0
0.0,0.0,1.0,9.0,0
0.0,0.0,1.0,0.0,0
0.0,0.0,1.0,0.0,0
0.0,0.0,1.0,0.0,0
0.0,0.0,1.0,0.0,0
0.0,0.0,1.0,0.0,0
0.0,0.0,1.0,0.0,0
0.0,0.0,1.0,0.0,0
0.3,0.0,1.0,1.0,0
0.0,0.0,1.0,0.0,0
0.0,0.0,1.0,0.0,0
0.1,0.0,1.0,0.0,0
0.0,0.0,1.0,0.0,0
0.0,0.0,1.0,0.0,0
0.0,0.0,1.0,0.0,0
0.1,0.0,1.0,0.0,0
0.0,0.0,1.0,2.0,0
0.0,0.0,1.0,0.0,0
0.0,0.0,1.0,0.0,0
0.0,0.0,1.0,0.0,0
0.0,0.0,1.0,0.0,0
0.0,0.0,1.0,0.0,0
0.0,0.0,1.0,0.0,0
0.1,0.0,1.0,9.0,0
0.0,0.0,1.0,0.0,0
0.0,0.0,1.0,0.0,0
0.0,0.0,1.0,0.0,0
0.0,0.0,1.0,0.0,0
0.0,0.0,1.0,0.0,0
0.0,0.0,1.0,0.0,0
0.0,0.0,1.0,0.0,0
23.0,0.0,1.0,1.0,1
0.0,0.0,1.0,0.0,0
0.0,0.0,1.0,0.0,0
0.0,0.0,1.0,0.0,0
0.0,0.0,1.0,0.0,0
0.0,0.0,1.0,0.0,0
0.0,0.0,1.0,0.0,0
0.0,0.0,1.0,0.0,0
0.0,0.0,1.0,0.0,0
0.0,0.0,1.0,0.0,0
0.0,0.0,1.0,0.0,0
0.0,0.0,1.0,0.0,0
0.0,0.0,1.0,0.0,0
0.0,0.0,1.0,10.0,0
0.0,0.0,1.0,0.0,0
0.0,0.0,1.0,0.0,0
0.0,0.0,1.0,0.0,0
0.0,0.0,1.0,0.0,0
0.0,0.0,1.0,0.0,0
0.0,0.0,1.0,0.0,0
0.8,0.0,1.0,0.0,0
0.0,0.0,1.0,0.0,0
0.0,0.0,1.0,0.0,0
0.0,0.0,1.0,0.0,0
0.0,0.0,1.0,0.0,0
0.0,0.0,1.0,0.0,0
0.5,0.0,1.0,0.0,0
0.0,0.0,1.0,3.0,0
0.0,0.0,1.0,0.0,0
0.0,0.0,1.0,0.0,0
0.0,0.0,1.0,0.0,0
0.0,0.0,1.0,0.0,0
1.9,0.0,1.0,0.0,0
0.3,0.0,1.0,0.0,0
0.1,0.0,1.0,2.0,0
0.0,0.0,1.0,0.0,0
0.0,0.0,1.0,0.0,0
0.1,0.0,1.0,0.0,0
0.0,0.0,1.0,0.0,0
0.0,0.0,1.0,0.0,0
0.0,0.0,1.0,1.0,0
0.0,0.0,1.0,0.0,0
0.0,0.0,1.0,0.0,0
0.0,0.0,1.0,0.0,0
0.1,0.0,1.0,0.0,0
0.0,0.0,1.0,0.0,0
0.0,0.0,1.0,0.0,0
0.0,0.0,1.0,0.0,0
0.0,0.0,1.0,0.0,0
0.1,0.0,1.0,11.0,0
0.1,0.0,1.0,0.0,0
0.0,0.0,1.0,0.0,0
0.2,0.0,1.0,2.0,0
0.0,0.0,1.0,0.0,0
0.0,0.0,1.0,0.0,0
0.0,0.0,1.0,0.0,0
0.0,0.0,1.0,0.0,0
0.0,0.0,1.0,0.0,0
0.0,0.0,1.0,0.0,0
0.1,0.0,1.0,0.0,0
0.0,0.0,1.0,0.0,0
0.0,0.0,1.0,0.0,0
0.0,0.0,1.0,0.0,0
0.0,0.0,1.0,0.0,0
0.0,0.0,1.0,0.0,0
0.0,0.0,1.0,0.0,0
0.0,0.0,1.0,1.0,0
0.0,0.0,1.0,0.0,0
2.6,0.0,1.0,0.0,0
0.4,0.0,1.0,0.0,0
0.3,0.0,1.0,0.0,0
0.0,0.0,1.0,0.0,0
0.0,0.0,1.0,0.0,0
0.0,0.0,1.0,0.0,0
0.0,0.0,1.0,0.0,0
0.0,0.0,1.0,0.0,0
0.0,0.0,1.0,0.0,0
0.0,0.0,1.0,0.0,0
0.0,0.0,1.0,0.0,0
0.0,0.0,1.0,0.0,0
0.0,0.0,1.0,0.0,0
0.0,0.0,1.0,0.0,0
0.0,0.0,1.0,0.0,0
0.0,0.0,1.0,0.0,0
0.0,0.0,1.0,0.0,0
0.0,0.0,1.0,0.0,0
0.0,0.0,1.0,0.0,0
0.1,0.0,1.0,1.0,0
0.1,0.0,1.0,8.0,0
0.0,0.0,1.0,0.0,0
0.0,0.0,1.0,0.0,0
0.0,0.0,1.0,0.0,0
0.0,0.0,1.0,0.0,0
0.0,0.0,1.0,0.0,0
0.0,0.0,1.0,0.0,0
0.0,0.0,1.0,1.0,0
0.0,0.0,1.0,0.0,0
0.0,0.0,1.0,0.0,0
1.0,0.0,1.0,0.0,0
0.0,0.0,1.0,5.0,0
3148.8,0.0,1.0,12.0,1
4.5,0.0,1.0,15.0,0
0.0,0.0,1.0,0.0,0
0.0,0.0,1.0,0.0,0
0.1,0.0,1.0,1.0,0
0.1,0.0,1.0,0.0,0
0.0,0.0,1.0,0.0,0
0.0,0.0,1.0,0.0,0
0.0,0.0,1.0,0.0,0
0.0,0.0,1.0,2.0,0
0.2,0.0,1.0,2.0,0
2.9,0.0,1.0,0.0,0
0.0,0.0,1.0,0.0,0
0.1,0.0,1.0,2.0,0
0.1,0.0,1.0,2.0,0
0.0,0.0,1.0,0.0,0
0.0,0.0,1.0,0.0,0
0.0,0.0,1.0,0.0,0
0.7,0.0,1.0,0.0,0
1.1,0.0,1.0,12.0,0
0.0,0.0,1.0,0.0,0
0.0,0.0,1.0,0.0,0
0.0,0.0,1.0,0.0,0
0.0,0.0,1.0,0.0,0
0.0,0.0,1.0,2.0,0
0.8,0.0,1.0,4.0,0
0.0,0.0,1.0,0.0,0
0.0,0.0,1.0,0.0,0
0.0,0.0,1.0,0.0,0
0.0,0.0,1.0,0.0,0
0.1,0.0,1.0,0.0,0
0.0,0.0,1.0,0.0,0
0.0,0.0,1.0,0.0,0
0.0,0.0,1.0,0.0,0
0.0,0.0,1.0,0.0,0
0.1,0.0,1.0,0.0,0
0.0,0.0,1.0,0.0,0
0.0,0.0,1.0,0.0,0
0.0,0.0,1.0,0.0,0
0.0,0.0,1.0,0.0,0
0.0,0.0,1.0,0.0,0
0.0,0.0,1.0,0.0,0
0.0,0.0,1.0,4.0,0
0.0,0.0,1.0,0.0,0
0.5,0.0,1.0,0.0,0
0.0,0.0,1.0,0.0,0
0.0,0.0,1.0,0.0,0
0.0,0.0,1.0,2.0,0
0.0,0.0,1.0,0.0,0
0.0,0.0,1.0,0.0,0
0.0,0.0,1.0,0.0,0
0.0,0.0,1.0,0.0,0
0.0,0.0,1.0,0.0,0
0.0,0.0,1.0,0.0,0
0.1,0.0,1.0,0.0,0
0.0,0.0,1.0,0.0,0
0.0,0.0,1.0,0.0,0
0.0,0.0,1.0,0.0,0
0.0,0.0,1.0,0.0,0
0.0,0.0,1.0,0.0,0
0.3,0.0,1.0,0.0,0
0.0,0.0,1.0,0.0,0
0.8,0.0,1.0,0.0,0
0.0,0.0,1.0,0.0,0
0.0,0.0,1.0,0.0,0
0.0,0.0,1.0,0.0,0
0.0,0.0,1.0,0.0,0
0.0,0.0,1.0,0.0,0
0.0,0.0,1.0,2.0,0
0.0,0.0,1.0,0.0,0
0.0,0.0,1.0,0.0,0
0.0,0.0,1.0,0.0,0
0.0,0.0,1.0,0.0,0
0.0,0.0,1.0,0.0,0
0.0,0.0,1.0,1.0,0
0.0,0.0,1.0,0.0,0
0.0,0.0,1.0,0.0,0
0.0,0.0,1.0,0.0,0
0.0,0.0,1.0,1.0,0
0.0,0.0,1.0,0.0,0
0.0,0.0,1.0,0.0,0
0.0,0.0,1.0,1.0,0
0.0,0.0,1.0,0.0,0
0.0,0.0,1.0,0.0,0
0.0,0.0,1.0,4.0,0
0.0,0.0,1.0,0.0,0
0.0,0.0,1.0,0.0,0
0.1,0.0,1.0,0.0,0
1.8,0.0,1.0,16.0,0
0.0,0.0,1.0,0.0,0
0.0,0.0,1.0,1.0,0
0.0,0.0,1.0,0.0,0
0.0,0.0,1.0,0.0,0
0.0,0.0,1.0,0.0,0
0.0,0.0,1.0,0.0,0
0.0,0.0,1.0,0.0,0
0.0,0.0,1.0,0.0,0
0.0,0.0,1.0,0.0,0
0.3,0.0,1.0,0.0,0
0.0,0.0,1.0,4.0,0
0.0,0.0,1.0,0.0,0
0.0,0.0,1.0,0.0,0
0.0,0.0,1.0,0.0,0
0.0,0.0,1.0,0.0,0
0.0,0.0,1.0,0.0,0
0.0,0.0,1.0,0.0,0
0.0,0.0,1.0,0.0,0
0.0,0.0,1.0,0.0,0
0.0,0.0,1.0,0.0,0
0.0,0.0,1.0,0.0,0
0.0,0.0,1.0,0.0,0
0.0,0.0,1.0,2.0,0
0.0,0.0,1.0,0.0,0
0.0,0.0,1.0,0.0,0
0.0,0.0,1.0,0.0,0
0.0,0.0,1.0,0.0,0
0.0,0.0,1.0,2.0,0
0.0,0.0,1.0,5.0,0
0.0,0.0,1.0,0.0,0
0.0,0.0,1.0,0.0,0
0.1,0.0,1.0,308.0,1
0.0,0.0,1.0,0.0,0
0.0,0.0,1.0,0.0,0
0.0,0.0,1.0,0.0,0
0.1,0.0,1.0,0.0,0
0.0,0.0,1.0,0.0,0
0.0,0.0,1.0,0.0,0
0.0,0.0,1.0,0.0,0
0.0,0.0,1.0,0.0,0
0.0,0.0,1.0,0.0,0
0.0,0.0,1.0,0.0,0
0.0,0.0,1.0,0.0,0
0.0,0.0,1.0,0.0,0
0.0,0.0,1.0,0.0,0
0.0,0.0,1.0,0.0,0
0.0,0.0,1.0,5.0,0
0.0,0.0,1.0,0.0,0
0.0,0.0,1.0,0.0,0
0.0,0.0,1.0,0.0,0
0.0,0.0,1.0,0.0,0
0.0,0.0,1.0,0.0,0
0.0,0.0,1.0,0.0,0
0.0,0.0,1.0,0.0,0
0.0,0.0,1.0,0.0,0
0.0,0.0,1.0,0.0,0
0.0,0.0,1.0,16.0,0
0.0,0.0,1.0,0.0,0
0.0,0.0,1.0,0.0,0
0.3,0.0,1.0,0.0,0
0.0,0.0,1.0,0.0,0
0.0,0.0,1.0,11.0,0
0.2,0.0,1.0,0.0,0
0.0,0.0,1.0,0.0,0
0.0,0.0,1.0,0.0,0
0.0,0.0,1.0,0.0,0
0.0,0.0,1.0,0.0,0
0.0,0.0,1.0,0.0,0
0.1,0.0,1.0,9.0,0
0.0,0.0,1.0,0.0,0
0.0,0.0,1.0,0.0,0
0.0,0.0,1.0,0.0,0
0.0,0.0,1.0,0.0,0
0.0,0.0,1.0,0.0,0
0.0,0.0,1.0,0.0,0
0.0,0.0,1.0,0.0,0
0.1,0.0,1.0,1.0,0
0.0,0.0,1.0,0.0,0
0.0,0.0,1.0,0.0,0
0.0,0.0,1.0,0.0,0
0.0,0.0,1.0,0.0,0
0.0,0.0,1.0,0.0,0
0.0,0.0,1.0,0.0,0
0.1,0.0,1.0,0.0,0
0.0,0.0,1.0,2.0,0
0.0,0.0,1.0,0.0,0
0.0,0.0,1.0,0.0,0
0.0,0.0,1.0,0.0,0
0.0,0.0,1.0,0.0,0
0.0,0.0,1.0,0.0,0
0.0,0.0,1.0,0.0,0
0.1,0.0,1.0,10.0,0
0.0,0.0,1.0,0.0,0
0.0,0.0,1.0,1.0,0
0.0,0.0,1.0,0.0,0
0.0,0.0,1.0,0.0,0
0.0,0.0,1.0,0.0,0
0.0,0.0,1.0,0.0,0
0.0,0.0,1.0,0.0,0
0.0,0.0,1.0,0.0,0
23.4,0.0,1.0,1.0,1
0.0,0.0,1.0,0.0,0
0.0,0.0,1.0,0.0,0
0.0,0.0,1.0,0.0,0
0.0,0.0,1.0,0.0,0
0.1,0.0,1.0,0.0,0
0.0,0.0,1.0,0.0,0
0.0,0.0,1.0,0.0,0
0.0,0.0,1.0,0.0,0
0.0,0.0,1.0,0.0,0
0.0,0.0,1.0,0.0,0
0.0,0.0,1.0,0.0,0
0.0,0.0,1.0,0.0,0
0.0,0.0,1.0,9.0,0
0.0,0.0,1.0,0.0,0
0.0,0.0,1.0,0.0,0
0.0,0.0,1.0,0.0,0
0.0,0.0,1.0,0.0,0
0.0,0.0,1.0,0.0,0
0.0,0.0,1.0,0.0,0
0.5,0.0,1.0,0.0,0
0.0,0.0,1.0,0.0,0
0.0,0.0,1.0,0.0,0
0.0,0.0,1.0,0.0,0
0.0,0.0,1.0,0.0,0
0.0,0.0,1.0,0.0,0
0.5,0.0,1.0,0.0,0
0.0,0.0,1.0,3.0,0
0.0,0.0,1.0,0.0,0
0.0,0.0,1.0,0.0,0
0.0,0.0,1.0,0.0,0
0.0,0.0,1.0,0.0,0
2.0,0.0,1.0,0.0,0
0.2,0.0,1.0,0.0,0
0.1,0.0,1.0,2.0,0
0.1,0.0,1.0,0.0,0
0.0,0.0,1.0,0.0,0
0.0,0.0,1.0,0.0,0
0.0,0.0,1.0,0.0,0
0.0,0.0,1.0,0.0,0
0.0,0.0,1.0,0.0,0
0.0,0.0,1.0,0.0,0
0.0,0.0,1.0,0.0,0
0.0,0.0,1.0,0.0,0
0.0,0.0,1.0,0.0,0
0.0,0.0,1.0,0.0,0
0.0,0.0,1.0,0.0,0
0.0,0.0,1.0,0.0,0
0.0,0.0,1.0,0.0,0
0.1,0.0,1.0,12.0,0
0.0,0.0,1.0,0.0,0
0.0,0.0,1.0,0.0,0
0.1,0.0,1.0,2.0,0
0.0,0.0,1.0,0.0,0
0.0,0.0,1.0,0.0,0
0.0,0.0,1.0,0.0,0
0.0,0.0,1.0,0.0,0
0.0,0.0,1.0,0.0,0
0.0,0.0,1.0,0.0,0
0.0,0.0,1.0,0.0,0
0.0,0.0,1.0,0.0,0
0.0,0.0,1.0,0.0,0
0.0,0.0,1.0,0.0,0
0.0,0.0,1.0,0.0,0
0.0,0.0,1.0,0.0,0
0.0,0.0,1.0,0.0,0
0.0,0.0,1.0,4.0,0
0.0,0.0,1.0,0.0,0
3.0,0.0,1.0,0.0,0
0.2,0.0,1.0,0.0,0
0.1,0.0,1.0,0.0,0
0.0,0.0,1.0,0.0,0
0.0,0.0,1.0,0.0,0
0.0,0.0,1.0,0.0,0
0.0,0.0,1.0,0.0,0
0.0,0.0,1.0,0.0,0
0.0,0.0,1.0,0.0,0
0.0,0.0,1.0,0.0,0
0.0,0.0,1.0,0.0,0
0.0,0.0,1.0,0.0,0
0.1,0.0,1.0,0.0,0
0.0,0.0,1.0,0.0,0
0.0,0.0,1.0,0.0,0
0.0,0.0,1.0,0.0,0
0.0,0.0,1.0,0.0,0
0.0,0.0,1.0,0.0,0
0.0,0.0,1.0,0.0,0
0.0,0.0,1.0,1.0,0
0.1,0.0,1.0,8.0,0
0.0,0.0,1.0,0.0,0
0.0,0.0,1.0,0.0,0
0.0,0.0,1.0,0.0,0
0.0,0.0,1.0,0.0,0
0.0,0.0,1.0,0.0,0
0.0,0.0,1.0,0.0,0
0.0,0.0,1.0,1.0,0
0.0,0.0,1.0,0.0,0
0.0,0.0,1.0,0.0,0
1.1,0.0,1.0,0.0,0
0.0,0.0,1.0,5.0,0
3153.2,0.0,1.0,9.0,1
3.8,0.0,1.0,15.0,0
0.0,0.0,1.0,0.0,0
0.0,0.0,1.0,0.0,0
0.0,0.0,1.0,1.0,0
0.1,0.0,1.0,0.0,0
0.0,0.0,1.0,0.0,0
0.0,0.0,1.0,0.0,0
0.0,0.0,1.0,0.0,0
0.0,0.0,1.0,2.0,0
0.2,0.0,1.0,2.0,0
1.8,0.0,1.0,0.0,0
0.0,0.0,1.0,0.0,0
0.1,0.0,1.0,2.0,0
0.0,0.0,1.0,2.0,0
0.0,0.0,1.0,0.0,0
0.0,0.0,1.0,0.0,0
0.0,0.0,1.0,0.0,0
0.0,0.0,1.0,0.0,0
0.4,0.0,1.0,12.0,0
0.0,0.0,1.0,0.0,0
0.0,0.0,1.0,0.0,0
0.0,0.0,1.0,0.0,0
0.0,0.0,1.0,0.0,0
0.0,0.0,1.0,2.0,0
0.6,0.0,1.0,4.0,0
0.0,0.0,1.0,0.0,0
0.0,0.0,1.0,0.0,0
0.0,0.0,1.0,0.0,0
0.0,0.0,1.0,0.0,0
0.1,0.0,1.0,0.0,0
0.0,0.0,1.0,0.0,0
0.0,0.0,1.0,0.0,0
0.0,0.0,1.0,0.0,0
0.0,0.0,1.0,0.0,0
0.0,0.0,1.0,0.0,0
0.0,0.0,1.0,0.0,0
0.0,0.0,1.0,0.0,0
0.0,0.0,1.0,0.0,0
0.0,0.0,1.0,0.0,0
0.0,0.0,1.0,0.0,0
0.0,0.0,1.0,0.0,0
0.0,0.0,1.0,4.0,0
0.0,0.0,1.0,0.0,0
0.5,0.0,1.0,0.0,0
0.0,0.0,1.0,0.0,0
0.0,0.0,1.0,0.0,0
0.0,0.0,1.0,2.0,0
0.0,0.0,1.0,0.0,0
0.0,0.0,1.0,0.0,0
0.0,0.0,1.0,0.0,0
0.0,0.0,1.0,0.0,0
0.0,0.0,1.0,0.0,0
0.0,0.0,1.0,0.0,0
0.1,0.0,1.0,0.0,0
0.0,0.0,1.0,0.0,0
0.0,0.0,1.0,0.0,0
0.0,0.0,1.0,0.0,0
0.0,0.0,1.0,0.0,0
0.0,0.0,1.0,0.0,0
0.3,0.0,1.0,0.0,0
0.0,0.0,1.0,0.0,0
0.7,0.0,1.0,0.0,0
0.0,0.0,1.0,0.0,0
0.0,0.0,1.0,0.0,0
0.0,0.0,1.0,0.0,0
0.0,0.0,1.0,0.0,0
0.0,0.0,1.0,0.0,0
0.0,0.0,1.0,2.0,0
0.0,0.0,1.0,0.0,0
0.0,0.0,1.0,0.0,0
0.0,0.0,1.0,0.0,0
0.0,0.0,1.0,0.0,0
0.0,0.0,1.0,0.0,0
0.0,0.0,1.0,1.0,0
0.0,0.0,1.0,0.0,0
0.0,0.0,1.0,0.0,0
0.0,0.0,1.0,0.0,0
0.0,0.0,1.0,1.0,0
0.0,0.0,1.0,0.0,0
0.0,0.0,1.0,0.0,0
0.0,0.0,1.0,1.0,0
0.0,0.0,1.0,0.0,0
0.0,0.0,1.0,0.0,0
0.0,0.0,1.0,4.0,0
0.0,0.0,1.0,0.0,0
0.0,0.0,1.0,0.0,0
0.1,0.0,1.0,0.0,0
0.7,0.0,1.0,16.0,0
0.0,0.0,1.0,0.0,0
0.0,0.0,1.0,1.0,0
0.0,0.0,1.0,0.0,0
0.0,0.0,1.0,0.0,0
0.0,0.0,1.0,0.0,0
0.1,0.0,1.0,0.0,0
0.0,0.0,1.0,0.0,0
0.0,0.0,1.0,0.0,0
0.0,0.0,1.0,0.0,0
0.1,0.0,1.0,0.0,0
0.0,0.0,1.0,4.0,0
0.0,0.0,1.0,0.0,0
0.0,0.0,1.0,0.0,0
0.0,0.0,1.0,0.0,0
0.0,0.0,1.0,0.0,0
0.0,0.0,1.0,0.0,0
0.0,0.0,1.0,0.0,0
0.0,0.0,1.0,0.0,0
0.0,0.0,1.0,0.0,0
0.0,0.0,1.0,0.0,0
0.0,0.0,1.0,0.0,0
0.0,0.0,1.0,0.0,0
0.0,0.0,1.0,2.0,0
0.0,0.0,1.0,0.0,0
0.0,0.0,1.0,0.0,0
0.0,0.0,1.0,0.0,0
0.0,0.0,1.0,0.0,0
0.0,0.0,1.0,2.0,0
0.0,0.0,1.0,5.0,0
0.0,0.0,1.0,0.0,0
0.0,0.0,1.0,0.0,0
0.0,0.0,1.0,308.0,1
0.0,0.0,1.0,0.0,0
0.0,0.0,1.0,0.0,0
0.0,0.0,1.0,0.0,0
0.1,0.0,1.0,0.0,0
0.0,0.0,1.0,0.0,0
0.1,0.0,1.0,0.0,0
0.0,0.0,1.0,0.0,0
0.0,0.0,1.0,0.0,0
0.0,0.0,1.0,0.0,0
0.0,0.0,1.0,0.0,0
0.0,0.0,1.0,0.0,0
0.0,0.0,1.0,0.0,0
0.0,0.0,1.0,0.0,0
0.0,0.0,1.0,0.0,0
0.0,0.0,1.0,5.0,0
0.0,0.0,1.0,0.0,0
0.0,0.0,1.0,0.0,0
0.0,0.0,1.0,0.0,0
0.0,0.0,1.0,0.0,0
0.0,0.0,1.0,0.0,0
0.0,0.0,1.0,0.0,0
0.0,0.0,1.0,0.0,0
0.0,0.0,1.0,0.0,0
0.1,0.0,1.0,0.0,0
0.0,0.0,1.0,16.0,0
0.0,0.0,1.0,0.0,0
0.0,0.0,1.0,0.0,0
0.3,0.0,1.0,0.0,0
0.0,0.0,1.0,0.0,0
0.0,0.0,1.0,11.0,0
0.0,0.0,1.0,0.0,0
0.2,0.0,1.0,0.0,0
0.0,0.0,1.0,0.0,0
0.0,0.0,1.0,0.0,0
0.0,0.0,1.0,0.0,0
0.0,0.0,1.0,0.0,0
0.0,0.0,1.0,0.0,0
0.0,0.0,1.0,9.0,0
0.0,0.0,1.0,0.0,0
0.0,0.0,1.0,0.0,0
0.0,0.0,1.0,0.0,0
0.0,0.0,1.0,0.0,0
0.0,0.0,1.0,0.0,0
0.0,0.0,1.0,0.0,0
0.0,0.0,1.0,0.0,0
0.0,0.0,1.0,0.0,0
0.2,0.0,1.0,1.0,0
0.0,0.0,1.0,0.0,0
0.0,0.0,1.0,0.0,0
0.0,0.0,1.0,0.0,0
0.0,0.0,1.0,0.0,0
0.0,0.0,1.0,0.0,0
0.0,0.0,1.0,0.0,0
0.2,0.0,1.0,0.0,0
0.0,0.0,1.0,2.0,0
0.0,0.0,1.0,0.0,0
0.0,0.0,1.0,0.0,0
0.0,0.0,1.0,0.0,0
0.0,0.0,1.0,0.0,0
0.0,0.0,1.0,0.0,0
0.0,0.0,1.0,0.0,0
0.1,0.0,1.0,11.0,0
0.0,0.0,1.0,0.0,0
0.0,0.0,1.0,1.0,0
0.0,0.0,1.0,0.0,0
0.0,0.0,1.0,0.0,0
0.0,0.0,1.0,0.0,0
0.0,0.0,1.0,0.0,0
0.0,0.0,1.0,0.0,0
0.0,0.0,1.0,0.0,0
22.8,0.0,1.0,1.0,1
0.0,0.0,1.0,0.0,0
0.0,0.0,1.0,0.0,0
0.0,0.0,1.0,0.0,0
0.0,0.0,1.0,0.0,0
0.1,0.0,1.0,0.0,0
0.0,0.0,1.0,0.0,0
0.0,0.0,1.0,0.0,0
0.0,0.0,1.0,0.0,0
0.0,0.0,1.0,0.0,0
0.0,0.0,1.0,0.0,0
0.0,0.0,1.0,0.0,0
0.0,0.0,1.0,0.0,0
0.0,0.0,1.0,9.0,0
0.0,0.0,1.0,0.0,0
0.0,0.0,1.0,0.0,0
0.0,0.0,1.0,0.0,0
0.0,0.0,1.0,0.0,0
0.0,0.0,1.0,0.0,0
0.0,0.0,1.0,0.0,0
0.7,0.0,1.0,0.0,0
0.0,0.0,1.0,0.0,0
0.0,0.0,1.0,0.0,0
0.0,0.0,1.0,0.0,0
0.0,0.0,1.0,0.0,0
0.0,0.0,1.0,0.0,0
0.7,0.0,1.0,0.0,0
0.0,0.0,1.0,3.0,0
0.0,0.0,1.0,0.0,0
0.0,0.0,1.0,0.0,0
0.1,0.0,1.0,1.0,0
0.0,0.0,1.0,0.0,0
1.9,0.0,1.0,0.0,0
0.4,0.0,1.0,0.0,0
0.1,0.0,1.0,2.0,0
0.0,0.0,1.0,0.0,0
0.0,0.0,1.0,0.0,0
0.0,0.0,1.0,0.0,0
0.0,0.0,1.0,0.0,0
0.0,0.0,1.0,0.0,0
0.0,0.0,1.0,0.0,0
0.0,0.0,1.0,0.0,0
0.0,0.0,1.0,0.0,0
0.0,0.0,1.0,0.0,0
0.0,0.0,1.0,0.0,0
0.0,0.0,1.0,0.0,0
0.0,0.0,1.0,0.0,0
0.0,0.0,1.0,0.0,0
0.0,0.0,1.0,10.0,0
0.0,0.0,1.0,0.0,0
0.1,0.0,1.0,0.0,0
0.0,0.0,1.0,0.0,0
0.2,0.0,1.0,2.0,0
0.0,0.0,1.0,0.0,0
0.0,0.0,1.0,0.0,0
0.0,0.0,1.0,0.0,0
0.0,0.0,1.0,0.0,0
0.0,0.0,1.0,0.0,0
0.0,0.0,1.0,0.0,0
0.0,0.0,1.0,0.0,0
0.0,0.0,1.0,0.0,0
0.0,0.0,1.0,0.0,0
0.0,0.0,1.0,0.0,0
0.0,0.0,1.0,0.0,0
0.0,0.0,1.0,0.0,0
0.0,0.0,1.0,0.0,0
0.0,0.0,1.0,3.0,0
0.0,0.0,1.0,0.0,0
2.8,0.0,1.0,0.0,0
0.4,0.0,1.0,0.0,0
0.0,0.0,1.0,0.0,0
0.0,0.0,1.0,0.0,0
0.0,0.0,1.0,0.0,0
0.0,0.0,1.0,0.0,0
0.0,0.0,1.0,0.0,0
0.0,0.0,1.0,0.0,0
0.0,0.0,1.0,0.0,0
0.0,0.0,1.0,0.0,0
0.0,0.0,1.0,0.0,0
0.0,0.0,1.0,0.0,0
0.0,0.0,1.0,0.0,0
0.0,0.0,1.0,0.0,0
0.0,0.0,1.0,0.0,0
0.0,0.0,1.0,0.0,0
0.0,0.0,1.0,0.0,0
0.0,0.0,1.0,0.0,0
0.0,0.0,1.0,0.0,0
0.0,0.0,1.0,1.0,0
0.1,0.0,1.0,8.0,0
0.0,0.0,1.0,0.0,0
0.0,0.0,1.0,0.0,0
0.0,0.0,1.0,0.0,0
0.0,0.0,1.0,0.0,0
0.0,0.0,1.0,0.0,0
0.0,0.0,1.0,0.0,0
0.0,0.0,1.0,1.0,0
0.0,0.0,1.0,0.0,0
0.0,0.0,1.0,0.0,0
1.0,0.0,1.0,0.0,0
0.0,0.0,1.0,5.0,0
3149.6,0.0,1.0,13.0,1
4.1,0.0,1.0,15.0,0
0.0,0.0,1.0,0.0,0
0.0,0.0,1.0,0.0,0
0.7,0.0,1.0,1.0,0
0.1,0.0,1.0,0.0,0
0.0,0.0,1.0,0.0,0
0.0,0.0,1.0,0.0,0
0.0,0.0,1.0,0.0,0
0.0,0.0,1.0,2.0,0
0.2,0.0,1.0,2.0,0
2.4,0.0,1.0,0.0,0
0.0,0.0,1.0,0.0,0
0.1,0.0,1.0,2.0,0
0.1,0.0,1.0,2.0,0
0.0,0.0,1.0,0.0,0
0.0,0.0,1.0,0.0,0
0.0,0.0,1.0,0.0,0
0.9,0.0,1.0,0.0,0
0.5,0.0,1.0,12.0,0
0.0,0.0,1.0,0.0,0
0.0,0.0,1.0,0.0,0
0.0,0.0,1.0,0.0,0
0.0,0.0,1.0,0.0,0
0.0,0.0,1.0,2.0,0
0.5,0.0,1.0,10.0,0
0.0,0.0,1.0,0.0,0
0.0,0.0,1.0,0.0,0
0.0,0.0,1.0,0.0,0
0.0,0.0,1.0,0.0,0
0.1,0.0,1.0,0.0,0
0.0,0.0,1.0,0.0,0
0.1,0.0,1.0,0.0,0
0.0,0.0,1.0,0.0,0
0.0,0.0,1.0,0.0,0
0.0,0.0,1.0,0.0,0
0.0,0.0,1.0,0.0,0
0.0,0.0,1.0,0.0,0
0.0,0.0,1.0,0.0,0
0.0,0.0,1.0,0.0,0
0.0,0.0,1.0,0.0,0
0.0,0.0,1.0,0.0,0
0.0,0.0,1.0,4.0,0
0.0,0.0,1.0,0.0,0
0.4,0.0,1.0,0.0,0
0.0,0.0,1.0,0.0,0
0.0,0.0,1.0,0.0,0
0.1,0.0,1.0,2.0,0
0.0,0.0,1.0,0.0,0
0.0,0.0,1.0,0.0,0
0.0,0.0,1.0,0.0,0
0.0,0.0,1.0,0.0,0
0.0,0.0,1.0,0.0,0
0.0,0.0,1.0,0.0,0
0.1,0.0,1.0,0.0,0
0.0,0.0,1.0,0.0,0
0.0,0.0,1.0,0.0,0
0.0,0.0,1.0,0.0,0
0.0,0.0,1.0,0.0,0
0.0,0.0,1.0,0.0,0
0.4,0.0,1.0,0.0,0
0.0,0.0,1.0,0.0,0
0.7,0.0,1.0,0.0,0
0.0,0.0,1.0,0.0,0
0.0,0.0,1.0,0.0,0
0.0,0.0,1.0,0.0,0
0.0,0.0,1.0,0.0,0
0.0,0.0,1.0,0.0,0
0.0,0.0,1.0,2.0,0
0.0,0.0,1.0,0.0,0
0.0,0.0,1.0,0.0,0
0.0,0.0,1.0,0.0,0
0.0,0.0,1.0,0.0,0
0.0,0.0,1.0,0.0,0
0.0,0.0,1.0,1.0,0
0.0,0.0,1.0,0.0,0
0.0,0.0,1.0,0.0,0
0.0,0.0,1.0,0.0,0
0.0,0.0,1.0,1.0,0
0.0,0.0,1.0,0.0,0
0.0,0.0,1.0,0.0,0
0.0,0.0,1.0,1.0,0
0.0,0.0,1.0,0.0,0
0.0,0.0,1.0,0.0,0
0.0,0.0,1.0,4.0,0
0.0,0.0,1.0,0.0,0
0.0,0.0,1.0,0.0,0
0.1,0.0,1.0,0.0,0
0.9,0.0,1.0,16.0,0
0.0,0.0,1.0,0.0,0
0.0,0.0,1.0,1.0,0
0.0,0.0,1.0,0.0,0
0.0,0.0,1.0,0.0,0
0.0,0.0,1.0,0.0,0
0.0,0.0,1.0,0.0,0
0.0,0.0,1.0,0.0,0
0.1,0.0,1.0,0.0,0
0.1,0.0,1.0,0.0,0
0.1,0.0,1.0,0.0,0
0.0,0.0,1.0,4.0,0
0.0,0.0,1.0,0.0,0
0.0,0.0,1.0,0.0,0
0.0,0.0,1.0,0.0,0
0.0,0.0,1.0,0.0,0
0.0,0.0,1.0,0.0,0
0.0,0.0,1.0,0.0,0
0.0,0.0,1.0,0.0,0
0.0,0.0,1.0,0.0,0
0.0,0.0,1.0,0.0,0
0.0,0.0,1.0,0.0,0
0.0,0.0,1.0,0.0,0
0.0,0.0,1.0,2.0,0
0.0,0.0,1.0,0.0,0
0.0,0.0,1.0,0.0,0
0.0,0.0,1.0,0.0,0
0.0,0.0,1.0,0.0,0
0.0,0.0,1.0,2.0,0
0.0,0.0,1.0,5.0,0
0.0,0.0,1.0,0.0,0
0.0,0.0,1.0,0.0,0
0.0,0.0,1.0,308.0,1
0.0,0.0,1.0,0.0,0
0.0,0.0,1.0,0.0,0
0.0,0.0,1.0,0.0,0
0.0,0.0,1.0,0.0,0
0.0,0.0,1.0,0.0,0
0.0,0.0,1.0,0.0,0
0.0,0.0,1.0,0.0,0
0.0,0.0,1.0,0.0,0
0.0,0.0,1.0,0.0,0
0.0,0.0,1.0,0.0,0
0.0,0.0,1.0,0.0,0
0.0,0.0,1.0,0.0,0
0.0,0.0,1.0,0.0,0
0.0,0.0,1.0,0.0,0
0.0,0.0,1.0,5.0,0
0.0,0.0,1.0,0.0,0
0.0,0.0,1.0,0.0,0
0.0,0.0,1.0,0.0,0
0.0,0.0,1.0,0.0,0
0.0,0.0,1.0,0.0,0
0.0,0.0,1.0,0.0,0
0.0,0.0,1.0,0.0,0
0.0,0.0,1.0,0.0,0
0.0,0.0,1.0,0.0,0
0.0,0.0,1.0,16.0,0
0.0,0.0,1.0,0.0,0
0.0,0.0,1.0,0.0,0
0.4,0.0,1.0,0.0,0
0.0,0.0,1.0,0.0,0
0.0,0.0,1.0,12.0,0
0.2,0.0,1.0,0.0,0
0.0,0.0,1.0,0.0,0
0.0,0.0,1.0,0.0,0
0.0,0.0,1.0,0.0,0
0.0,0.0,1.0,0.0,0
0.0,0.0,1.0,0.0,0
0.0,0.0,1.0,0.0,0
0.0,0.0,1.0,9.0,0
0.0,0.0,1.0,0.0,0
0.0,0.0,1.0,0.0,0
0.0,0.0,1.0,0.0,0
0.0,0.0,1.0,0.0,0
0.1,0.0,1.0,0.0,0
0.0,0.0,1.0,0.0,0
0.0,0.0,1.0,0.0,0
0.5,0.0,1.0,1.0,0
0.0,0.0,1.0,0.0,0
0.0,0.0,1.0,0.0,0
0.0,0.0,1.0,0.0,0
0.0,0.0,1.0,0.0,0
0.0,0.0,1.0,0.0,0
0.0,0.0,1.0,0.0,0
0.1,0.0,1.0,0.0,0
0.0,0.0,1.0,2.0,0
0.0,0.0,1.0,0.0,0
0.0,0.0,1.0,0.0,0
0.0,0.0,1.0,0.0,0
0.0,0.0,1.0,0.0,0
0.0,0.0,1.0,0.0,0
0.0,0.0,1.0,0.0,0
0.0,0.0,1.0,9.0,0
0.0,0.0,1.0,0.0,0
0.0,0.0,1.0,0.0,0
0.0,0.0,1.0,0.0,0
0.0,0.0,1.0,0.0,0
0.0,0.0,1.0,0.0,0
0.0,0.0,1.0,0.0,0
0.0,0.0,1.0,0.0,0
23.3,0.0,1.0,1.0,1
0.0,0.0,1.0,0.0,0
0.0,0.0,1.0,0.0,0
0.0,0.0,1.0,0.0,0
0.0,0.0,1.0,0.0,0
0.0,0.0,1.0,0.0,0
0.0,0.0,1.0,0.0,0
0.0,0.0,1.0,0.0,0
0.0,0.0,1.0,0.0,0
0.0,0.0,1.0,0.0,0
0.0,0.0,1.0,0.0,0
0.0,0.0,1.0,0.0,0
0.0,0.0,1.0,0.0,0
0.0,0.0,1.0,10.0,0
0.0,0.0,1.0,0.0,0
0.0,0.0,1.0,0.0,0
0.0,0.0,1.0,0.0,0
0.0,0.0,1.0,0.0,0
0.0,0.0,1.0,0.0,0
0.0,0.0,1.0,0.0,0
0.5,0.0,1.0,0.0,0
0.0,0.0,1.0,0.0,0
0.0,0.0,1.0,0.0,0
0.0,0.0,1.0,0.0,0
0.1,0.0,1.0,0.0,0
0.0,0.0,1.0,0.0,0
0.0,0.0,1.0,1.0,0
0.4,0.0,1.0,0.0,0
0.0,0.0,1.0,4.0,0
0.1,0.0,1.0,0.0,0
0.0,0.0,1.0,0.0,0
0.1,0.0,1.0,1.0,0
0.0,0.0,1.0,0.0,0
1.7,0.0,1.0,0.0,0
0.4,0.0,1.0,0.0,0
0.0,0.0,1.0,2.0,0
0.0,0.0,1.0,0.0,0
0.0,0.0,1.0,0.0,0
0.0,0.0,1.0,0.0,0
0.0,0.0,1.0,0.0,0
0.0,0.0,1.0,0.0,0
0.0,0.0,1.0,0.0,0
0.0,0.0,1.0,0.0,0
0.0,0.0,1.0,0.0,0
0.0,0.0,1.0,0.0,0
0.0,0.0,1.0,0.0,0
0.0,0.0,1.0,0.0,0
0.0,0.0,1.0,0.0,0
0.0,0.0,1.0,0.0,0
0.1,0.0,1.0,15.0,0
0.0,0.0,1.0,0.0,0
0.0,0.0,1.0,0.0,0
0.0,0.0,1.0,0.0,0
0.3,0.0,1.0,2.0,0
0.0,0.0,1.0,0.0,0
0.0,0.0,1.0,0.0,0
0.0,0.0,1.0,0.0,0
0.0,0.0,1.0,0.0,0
0.0,0.0,1.0,0.0,0
0.0,0.0,1.0,0.0,0
0.0,0.0,1.0,0.0,0
0.0,0.0,1.0,0.0,0
0.0,0.0,1.0,0.0,0
0.0,0.0,1.0,0.0,0
0.0,0.0,1.0,0.0,0
0.0,0.0,1.0,0.0,0
0.0,0.0,1.0,0.0,0
0.0,0.0,1.0,1.0,0
0.0,0.0,1.0,0.0,0
3.0,0.0,1.0,0.0,0
0.2,0.0,1.0,0.0,0
0.2,0.0,1.0,0.0,0
0.0,0.0,1.0,0.0,0
0.0,0.0,1.0,0.0,0
0.0,0.0,1.0,0.0,0
0.0,0.0,1.0,0.0,0
0.1,0.0,1.0,0.0,0
0.0,0.0,1.0,0.0,0
0.0,0.0,1.0,0.0,0
0.0,0.0,1.0,0.0,0
0.0,0.0,1.0,0.0,0
0.0,0.0,1.0,0.0,0
0.0,0.0,1.0,0.0,0
0.0,0.0,1.0,0.0,0
0.0,0.0,1.0,0.0,0
0.0,0.0,1.0,0.0,0
0.0,0.0,1.0,0.0,0
0.0,0.0,1.0,0.0,0
0.1,0.0,1.0,1.0,0
0.1,0.0,1.0,8.0,0
0.0,0.0,1.0,0.0,0
0.0,0.0,1.0,0.0,0
0.0,0.0,1.0,0.0,0
0.0,0.0,1.0,0.0,0
0.0,0.0,1.0,0.0,0
0.0,0.0,1.0,0.0,0
0.0,0.0,1.0,1.0,0
0.0,0.0,1.0,0.0,0
0.0,0.0,1.0,0.0,0
0.9,0.0,1.0,0.0,0
0.0,0.0,1.0,5.0,0
3153.1,0.0,1.0,10.0,1
4.2,0.0,1.0,15.0,0
0.0,0.0,1.0,0.0,0
0.0,0.0,1.0,0.0,0
0.1,0.0,1.0,1.0,0
0.0,0.0,1.0,0.0,0
0.0,0.0,1.0,0.0,0
0.0,0.0,1.0,0.0,0
0.0,0.0,1.0,0.0,0
0.0,0.0,1.0,2.0,0
0.1,0.0,1.0,2.0,0
2.1,0.0,1.0,0.0,0
0.0,0.0,1.0,0.0,0
0.0,0.0,1.0,2.0,0
0.0,0.0,1.0,2.0,0
0.0,0.0,1.0,0.0,0
0.0,0.0,1.0,0.0,0
0.1,0.0,1.0,0.0,0
0.0,0.0,1.0,0.0,0
0.3,0.0,1.0,12.0,0
0.0,0.0,1.0,0.0,0
0.0,0.0,1.0,0.0,0
0.0,0.0,1.0,0.0,0
0.0,0.0,1.0,0.0,0
0.0,0.0,1.0,2.0,0
0.3,0.0,1.0,4.0,0
0.0,0.0,1.0,0.0,0
0.0,0.0,1.0,0.0,0
0.0,0.0,1.0,0.0,0
0.0,0.0,1.0,0.0,0
0.1,0.0,1.0,0.0,0
0.0,0.0,1.0,0.0,0
0.0,0.0,1.0,0.0,0
0.0,0.0,1.0,0.0,0
0.0,0.0,1.0,0.0,0
0.0,0.0,1.0,0.0,0
0.0,0.0,1.0,0.0,0
0.0,0.0,1.0,0.0,0
0.0,0.0,1.0,0.0,0
0.0,0.0,1.0,0.0,0
0.0,0.0,1.0,0.0,0
0.0,0.0,1.0,0.0,0
0.0,0.0,1.0,4.0,0
0.0,0.0,1.0,0.0,0
0.5,0.0,1.0,0.0,0
0.0,0.0,1.0,0.0,0
0.0,0.0,1.0,0.0,0
0.0,0.0,1.0,2.0,0
0.0,0.0,1.0,0.0,0
0.0,0.0,1.0,0.0,0
0.0,0.0,1.0,0.0,0
0.0,0.0,1.0,0.0,0
0.9,0.0,1.0,0.0,0
0.0,0.0,1.0,0.0,0
0.1,0.0,1.0,0.0,0
0.0,0.0,1.0,0.0,0
0.0,0.0,1.0,0.0,0
0.0,0.0,1.0,0.0,0
0.0,0.0,1.0,0.0,0
0.0,0.0,1.0,0.0,0
0.3,0.0,1.0,0.0,0
0.0,0.0,1.0,0.0,0
0.8,0.0,1.0,0.0,0
0.0,0.0,1.0,0.0,0
0.0,0.0,1.0,0.0,0
0.0,0.0,1.0,0.0,0
0.0,0.0,1.0,0.0,0
0.0,0.0,1.0,0.0,0
0.0,0.0,1.0,2.0,0
0.0,0.0,1.0,0.0,0
0.0,0.0,1.0,0.0,0
0.0,0.0,1.0,0.0,0
0.0,0.0,1.0,0.0,0
0.0,0.0,1.0,0.0,0
0.0,0.0,1.0,1.0,0
0.0,0.0,1.0,0.0,0
0.0,0.0,1.0,0.0,0
0.0,0.0,1.0,0.0,0
0.0,0.0,1.0,1.0,0
0.0,0.0,1.0,0.0,0
0.0,0.0,1.0,0.0,0
0.0,0.0,1.0,1.0,0
0.0,0.0,1.0,0.0,0
0.0,0.0,1.0,0.0,0
0.0,0.0,1.0,4.0,0
0.0,0.0,1.0,0.0,0
0.0,0.0,1.0,0.0,0
0.1,0.0,1.0,0.0,0
0.7,0.0,1.0,16.0,0
0.0,0.0,1.0,0.0,0
0.0,0.0,1.0,1.0,0
0.0,0.0,1.0,0.0,0
0.0,0.0,1.0,0.0,0
0.0,0.0,1.0,0.0,0
0.0,0.0,1.0,0.0,0
0.0,0.0,1.0,0.0,0
0.1,0.0,1.0,0.0,0
0.0,0.0,1.0,0.0,0
0.1,0.0,1.0,0.0,0
0.0,0.0,1.0,4.0,0
0.0,0.0,1.0,0.0,0
0.0,0.0,1.0,0.0,0
0.0,0.0,1.0,0.0,0
0.0,0.0,1.0,0.0,0
0.0,0.0,1.0,0.0,0
0.0,0.0,1.0,0.0,0
0.0,0.0,1.0,0.0,0
0.0,0.0,1.0,0.0,0
0.0,0.0,1.0,0.0,0
0.0,0.0,1.0,0.0,0
0.0,0.0,1.0,0.0,0
0.0,0.0,1.0,2.0,0
0.0,0.0,1.0,0.0,0
0.0,0.0,1.0,0.0,0
0.0,0.0,1.0,0.0,0
0.0,0.0,1.0,0.0,0
0.0,0.0,1.0,2.0,0
0.0,0.0,1.0,5.0,0
0.0,0.0,1.0,0.0,0
0.0,0.0,1.0,0.0,0
0.1,0.0,1.0,308.0,1
0.0,0.0,1.0,0.0,0
0.0,0.0,1.0,0.0,0
0.0,0.0,1.0,0.0,0
0.0,0.0,1.0,0.0,0
0.0,0.0,1.0,0.0,0
0.0,0.0,1.0,0.0,0
0.0,0.0,1.0,0.0,0
0.0,0.0,1.0,0.0,0
0.0,0.0,1.0,0.0,0
0.0,0.0,1.0,0.0,0
0.0,0.0,1.0,0.0,0
0.0,0.0,1.0,0.0,0
0.0,0.0,1.0,0.0,0
0.0,0.0,1.0,0.0,0
0.0,0.0,1.0,5.0,0
0.0,0.0,1.0,0.0,0
0.0,0.0,1.0,0.0,0
0.0,0.0,1.0,0.0,0
0.0,0.0,1.0,0.0,0
0.0,0.0,1.0,0.0,0
0.0,0.0,1.0,0.0,0
0.0,0.0,1.0,0.0,0
0.0,0.0,1.0,0.0,0
0.0,0.0,1.0,0.0,0
0.0,0.0,1.0,16.0,0
0.0,0.0,1.0,0.0,0
0.0,0.0,1.0,0.0,0
0.0,0.0,1.0,0.0,0
0.0,0.0,1.0,0.0,0
0.0,0.0,1.0,12.0,0
0.1,0.0,1.0,0.0,0
0.0,0.0,1.0,0.0,0
0.0,0.0,1.0,0.0,0
0.0,0.0,1.0,0.0,0
0.0,0.0,1.0,0.0,0
0.0,0.0,1.0,0.0,0
0.0,0.0,1.0,9.0,0
0.0,0.0,1.0,0.0,0
0.0,0.0,1.0,0.0,0
0.0,0.0,1.0,0.0,0
0.0,0.0,1.0,0.0,0
0.0,0.0,1.0,0.0,0
0.0,0.0,1.0,0.0,0
0.0,0.0,1.0,0.0,0
0.1,0.0,1.0,1.0,0
0.0,0.0,1.0,0.0,0
0.0,0.0,1.0,0.0,0
0.0,0.0,1.0,0.0,0
0.0,0.0,1.0,0.0,0
0.0,0.0,1.0,0.0,0
0.0,0.0,1.0,0.0,0
0.1,0.0,1.0,0.0,0
0.0,0.0,1.0,2.0,0
0.0,0.0,1.0,0.0,0
0.0,0.0,1.0,0.0,0
0.0,0.0,1.0,0.0,0
0.0,0.0,1.0,0.0,0
0.0,0.0,1.0,0.0,0
0.0,0.0,1.0,0.0,0
0.0,0.0,1.0,8.0,0
0.0,0.0,1.0,0.0,0
0.0,0.0,1.0,0.0,0
0.0,0.0,1.0,0.0,0
0.0,0.0,1.0,0.0,0
0.0,0.0,1.0,0.0,0
0.0,0.0,1.0,0.0,0
0.0,0.0,1.0,0.0,0
23.0,0.0,1.0,1.0,1
0.0,0.0,1.0,0.0,0
0.0,0.0,1.0,0.0,0
0.0,0.0,1.0,0.0,0
0.0,0.0,1.0,0.0,0
0.0,0.0,1.0,0.0,0
0.0,0.0,1.0,0.0,0
0.0,0.0,1.0,0.0,0
0.0,0.0,1.0,0.0,0
0.0,0.0,1.0,0.0,0
0.0,0.0,1.0,0.0,0
0.0,0.0,1.0,0.0,0
0.0,0.0,1.0,0.0,0
0.0,0.0,1.0,10.0,0
0.0,0.0,1.0,0.0,0
0.0,0.0,1.0,0.0,0
0.0,0.0,1.0,0.0,0
0.0,0.0,1.0,0.0,0
0.0,0.0,1.0,0.0,0
0.0,0.0,1.0,0.0,0
0.8,0.0,1.0,0.0,0
0.0,0.0,1.0,0.0,0
0.0,0.0,1.0,0.0,0
0.0,0.0,1.0,0.0,0
0.0,0.0,1.0,0.0,0
0.0,0.0,1.0,0.0,0
0.0,0.0,1.0,0.0,0
0.7,0.0,1.0,0.0,0
0.0,0.0,1.0,4.0,0
0.0,0.0,1.0,0.0,0
0.0,0.0,1.0,0.0,0
0.0,0.0,1.0,1.0,0
0.0,0.0,1.0,0.0,0
1.6,0.0,1.0,0.0,0
0.4,0.0,1.0,0.0,0
0.1,0.0,1.0,2.0,0
0.0,0.0,1.0,0.0,0
0.0,0.0,1.0,0.0,0
0.0,0.0,1.0,0.0,0
0.0,0.0,1.0,0.0,0
0.0,0.0,1.0,0.0,0
0.0,0.0,1.0,0.0,0
0.0,0.0,1.0,0.0,0
0.0,0.0,1.0,0.0,0
0.0,0.0,1.0,0.0,0
0.0,0.0,1.0,0.0,0
0.0,0.0,1.0,0.0,0
0.0,0.0,1.0,0.0,0
0.0,0.0,1.0,0.0,0
0.0,0.0,1.0,11.0,0
0.0,0.0,1.0,0.0,0
0.1,0.0,1.0,0.0,0
0.0,0.0,1.0,0.0,0
0.1,0.0,1.0,2.0,0
0.0,0.0,1.0,0.0,0
0.0,0.0,1.0,0.0,0
0.0,0.0,1.0,0.0,0
0.0,0.0,1.0,0.0,0
0.0,0.0,1.0,0.0,0
0.0,0.0,1.0,0.0,0
0.0,0.0,1.0,0.0,0
0.0,0.0,1.0,0.0,0
0.0,0.0,1.0,0.0,0
0.0,0.0,1.0,0.0,0
0.0,0.0,1.0,0.0,0
0.0,0.0,1.0,0.0,0
0.0,0.0,1.0,0.0,0
0.0,0.0,1.0,1.0,0
0.0,0.0,1.0,0.0,0
2.7,0.0,1.0,0.0,0
0.4,0.0,1.0,0.0,0
0.0,0.0,1.0,0.0,0
0.0,0.0,1.0,0.0,0
0.0,0.0,1.0,0.0,0
0.0,0.0,1.0,0.0,0
0.0,0.0,1.0,1.0,0
0.0,0.0,1.0,0.0,0
0.0,0.0,1.0,0.0,0
0.0,0.0,1.0,0.0,0
0.0,0.0,1.0,0.0,0
0.0,0.0,1.0,0.0,0
0.0,0.0,1.0,0.0,0
0.1,0.0,1.0,0.0,0
0.0,0.0,1.0,0.0,0
0.0,0.0,1.0,0.0,0
0.0,0.0,1.0,0.0,0
0.0,0.0,1.0,0.0,0
0.0,0.0,1.0,0.0,0
0.0,0.0,1.0,0.0,0
0.0,0.0,1.0,1.0,0
0.1,0.0,1.0,8.0,0
0.0,0.0,1.0,0.0,0
0.0,0.0,1.0,0.0,0
0.0,0.0,1.0,0.0,0
0.0,0.0,1.0,0.0,0
0.0,0.0,1.0,0.0,0
0.0,0.0,1.0,0.0,0
0.0,0.0,1.0,1.0,0
0.0,0.0,1.0,0.0,0
0.0,0.0,1.0,0.0,0
1.0,0.0,1.0,0.0,0
0.0,0.0,1.0,5.0,0
3148.0,0.0,1.0,11.0,1
4.7,0.0,1.0,15.0,0
0.0,0.0,1.0,0.0,0
0.0,0.0,1.0,0.0,0
0.1,0.0,1.0,1.0,0
0.1,0.0,1.0,0.0,0
0.0,0.0,1.0,0.0,0
0.0,0.0,1.0,0.0,0
0.0,0.0,1.0,0.0,0
0.0,0.0,1.0,2.0,0
0.1,0.0,1.0,2.0,0
2.5,0.0,1.0,0.0,0
0.0,0.0,1.0,0.0,0
0.1,0.0,1.0,2.0,0
0.0,0.0,1.0,2.0,0
0.0,0.0,1.0,0.0,0
0.0,0.0,1.0,0.0,0
0.0,0.0,1.0,0.0,0
0.0,0.0,1.0,0.0,0
0.5,0.0,1.0,12.0,0
0.0,0.0,1.0,0.0,0
0.0,0.0,1.0,0.0,0
0.0,0.0,1.0,0.0,0
0.0,0.0,1.0,0.0,0
0.0,0.0,1.0,2.0,0
0.5,0.0,1.0,4.0,0
0.0,0.0,1.0,0.0,0
0.0,0.0,1.0,0.0,0
0.0,0.0,1.0,0.0,0
0.0,0.0,1.0,0.0,0
0.1,0.0,1.0,0.0,0
0.0,0.0,1.0,0.0,0
0.0,0.0,1.0,0.0,0
0.0,0.0,1.0,0.0,0
0.0,0.0,1.0,0.0,0
0.0,0.0,1.0,0.0,0
0.0,0.0,1.0,0.0,0
0.0,0.0,1.0,0.0,0
0.0,0.0,1.0,0.0,0
0.0,0.0,1.0,0.0,0
0.0,0.0,1.0,0.0,0
0.0,0.0,1.0,0.0,0
0.0,0.0,1.0,4.0,0
0.0,0.0,1.0,0.0,0
0.5,0.0,1.0,0.0,0
0.0,0.0,1.0,0.0,0
0.0,0.0,1.0,0.0,0
0.0,0.0,1.0,2.0,0
0.0,0.0,1.0,0.0,0
0.0,0.0,1.0,0.0,0
0.0,0.0,1.0,0.0,0
0.0,0.0,1.0,0.0,0
0.2,0.0,1.0,0.0,0
0.0,0.0,1.0,0.0,0
0.1,0.0,1.0,0.0,0
0.0,0.0,1.0,0.0,0
0.0,0.0,1.0,0.0,0
0.0,0.0,1.0,0.0,0
0.0,0.0,1.0,0.0,0
0.0,0.0,1.0,0.0,0
0.2,0.0,1.0,0.0,0
0.0,0.0,1.0,0.0,0
0.8,0.0,1.0,0.0,0
0.0,0.0,1.0,0.0,0
0.0,0.0,1.0,0.0,0
0.0,0.0,1.0,0.0,0
0.0,0.0,1.0,0.0,0
0.0,0.0,1.0,0.0,0
0.0,0.0,1.0,2.0,0
0.0,0.0,1.0,0.0,0
0.0,0.0,1.0,0.0,0
0.0,0.0,1.0,0.0,0
0.0,0.0,1.0,0.0,0
0.0,0.0,1.0,0.0,0
0.0,0.0,1.0,1.0,0
0.0,0.0,1.0,0.0,0
0.0,0.0,1.0,0.0,0
0.0,0.0,1.0,0.0,0
0.0,0.0,1.0,1.0,0
0.0,0.0,1.0,0.0,0
0.0,0.0,1.0,0.0,0
0.0,0.0,1.0,1.0,0
0.0,0.0,1.0,0.0,0
0.0,0.0,1.0,0.0,0
0.0,0.0,1.0,4.0,0
0.0,0.0,1.0,0.0,0
0.0,0.0,1.0,0.0,0
0.1,0.0,1.0,0.0,0
1.7,0.0,1.0,16.0,0
0.0,0.0,1.0,0.0,0
0.0,0.0,1.0,1.0,0
0.0,0.0,1.0,0.0,0
0.0,0.0,1.0,0.0,0
0.0,0.0,1.0,0.0,0
0.0,0.0,1.0,0.0,0
0.0,0.0,1.0,0.0,0
0.1,0.0,1.0,0.0,0
0.0,0.0,1.0,0.0,0
0.1,0.0,1.0,0.0,0
0.0,0.0,1.0,4.0,0
0.0,0.0,1.0,0.0,0
0.0,0.0,1.0,0.0,0
0.0,0.0,1.0,0.0,0
0.0,0.0,1.0,0.0,0
0.0,0.0,1.0,0.0,0
0.0,0.0,1.0,0.0,0
0.0,0.0,1.0,0.0,0
0.0,0.0,1.0,0.0,0
0.0,0.0,1.0,0.0,0
0.0,0.0,1.0,0.0,0
0.0,0.0,1.0,0.0,0
0.0,0.0,1.0,2.0,0
0.0,0.0,1.0,0.0,0
0.0,0.0,1.0,0.0,0
0.0,0.0,1.0,0.0,0
0.0,0.0,1.0,0.0,0
0.0,0.0,1.0,2.0,0
0.0,0.0,1.0,5.0,0
0.0,0.0,1.0,0.0,0
0.0,0.0,1.0,0.0,0
0.0,0.0,1.0,308.0,1
0.0,0.0,1.0,0.0,0
0.0,0.0,1.0,0.0,0
0.0,0.0,1.0,0.0,0
0.0,0.0,1.0,0.0,0
0.0,0.0,1.0,0.0,0
0.0,0.0,1.0,0.0,0
0.0,0.0,1.0,0.0,0
0.0,0.0,1.0,0.0,0
0.0,0.0,1.0,0.0,0
0.0,0.0,1.0,0.0,0
0.0,0.0,1.0,0.0,0
0.0,0.0,1.0,0.0,0
0.0,0.0,1.0,0.0,0
0.0,0.0,1.0,0.0,0
0.0,0.0,1.0,5.0,0
0.0,0.0,1.0,0.0,0
0.0,0.0,1.0,0.0,0
3.4,0.0,1.0,0.0,0
0.0,0.0,1.0,0.0,0
0.0,0.0,1.0,0.0,0
0.0,0.0,1.0,0.0,0
0.0,0.0,1.0,0.0,0
0.0,0.0,1.0,0.0,0
0.1,0.0,1.0,0.0,0
0.0,0.0,1.0,16.0,0
0.0,0.0,1.0,0.0,0
0.0,0.0,1.0,0.0,0
0.2,0.0,1.0,0.0,0
0.0,0.0,1.0,0.0,0
0.0,0.0,1.0,11.0,0
0.2,0.0,1.0,0.0,0
0.0,0.0,1.0,0.0,0
0.0,0.0,1.0,0.0,0
0.0,0.0,1.0,0.0,0
0.0,0.0,1.0,0.0,0
0.0,0.0,1.0,0.0,0
0.0,0.0,1.0,9.0,0
0.0,0.0,1.0,0.0,0
0.0,0.0,1.0,0.0,0
0.0,0.0,1.0,0.0,0
0.0,0.0,1.0,0.0,0
0.0,0.0,1.0,0.0,0
0.0,0.0,1.0,0.0,0
0.0,0.0,1.0,0.0,0
0.2,0.0,1.0,1.0,0
0.0,0.0,1.0,0.0,0
0.0,0.0,1.0,0.0,0
0.0,0.0,1.0,0.0,0
0.0,0.0,1.0,0.0,0
0.0,0.0,1.0,0.0,0
0.0,0.0,1.0,0.0,0
0.1,0.0,1.0,0.0,0
0.0,0.0,1.0,2.0,0
0.0,0.0,1.0,0.0,0
0.0,0.0,1.0,0.0,0
0.0,0.0,1.0,0.0,0
0.0,0.0,1.0,0.0,0
0.0,0.0,1.0,0.0,0
0.0,0.0,1.0,0.0,0
0.0,0.0,1.0,8.0,0
0.0,0.0,1.0,0.0,0
0.0,0.0,1.0,0.0,0
0.0,0.0,1.0,0.0,0
0.0,0.0,1.0,0.0,0
0.0,0.0,1.0,0.0,0
0.0,0.0,1.0,0.0,0
0.0,0.0,1.0,0.0,0
23.1,0.0,1.0,1.0,1
0.0,0.0,1.0,0.0,0
0.0,0.0,1.0,0.0,0
0.0,0.0,1.0,0.0,0
0.0,0.0,1.0,0.0,0
0.0,0.0,1.0,0.0,0
0.0,0.0,1.0,0.0,0
0.0,0.0,1.0,0.0,0
0.0,0.0,1.0,0.0,0
0.0,0.0,1.0,0.0,0
0.0,0.0,1.0,0.0,0
0.0,0.0,1.0,0.0,0
0.0,0.0,1.0,0.0,0
0.0,0.0,1.0,9.0,0
0.0,0.0,1.0,0.0,0
0.0,0.0,1.0,0.0,0
0.0,0.0,1.0,0.0,0
0.0,0.0,1.0,0.0,0
0.0,0.0,1.0,0.0,0
0.0,0.0,1.0,0.0,0
0.8,0.0,1.0,0.0,0
0.0,0.0,1.0,0.0,0
0.0,0.0,1.0,0.0,0
0.0,0.0,1.0,0.0,0
0.0,0.0,1.0,0.0,0
0.0,0.0,1.0,0.0,0
0.6,0.0,1.0,0.0,0
0.0,0.0,1.0,3.0,0
0.0,0.0,1.0,0.0,0
0.0,0.0,1.0,0.0,0
0.0,0.0,1.0,0.0,0
0.0,0.0,1.0,0.0,0
1.8,0.0,1.0,0.0,0
0.1,0.0,1.0,0.0,0
0.0,0.0,1.0,2.0,0
0.0,0.0,1.0,0.0,0
0.0,0.0,1.0,0.0,0
0.0,0.0,1.0,0.0,0
0.0,0.0,1.0,0.0,0
0.0,0.0,1.0,0.0,0
0.0,0.0,1.0,0.0,0
0.0,0.0,1.0,0.0,0
0.0,0.0,1.0,0.0,0
0.0,0.0,1.0,0.0,0
0.0,0.0,1.0,0.0,0
0.0,0.0,1.0,0.0,0
0.1,0.0,1.0,0.0,0
0.0,0.0,1.0,0.0,0
0.0,0.0,1.0,8.0,0
0.0,0.0,1.0,0.0,0
0.1,0.0,1.0,0.0,0
0.0,0.0,1.0,0.0,0
0.3,0.0,1.0,2.0,0
0.0,0.0,1.0,0.0,0
0.0,0.0,1.0,0.0,0
0.0,0.0,1.0,0.0,0
0.0,0.0,1.0,0.0,0
0.0,0.0,1.0,0.0,0
0.0,0.0,1.0,0.0,0
0.1,0.0,1.0,0.0,0
0.0,0.0,1.0,0.0,0
0.0,0.0,1.0,0.0,0
0.0,0.0,1.0,0.0,0
0.0,0.0,1.0,0.0,0
0.0,0.0,1.0,0.0,0
0.0,0.0,1.0,0.0,0
0.0,0.0,1.0,3.0,0
0.0,0.0,1.0,0.0,0
3.0,0.0,1.0,0.0,0
0.3,0.0,1.0,0.0,0
0.0,0.0,1.0,0.0,0
0.0,0.0,1.0,0.0,0
0.0,0.0,1.0,0.0,0
0.0,0.0,1.0,0.0,0
0.0,0.0,1.0,0.0,0
0.0,0.0,1.0,0.0,0
0.0,0.0,1.0,0.0,0
0.0,0.0,1.0,0.0,0
0.0,0.0,1.0,0.0,0
0.0,0.0,1.0,0.0,0
0.0,0.0,1.0,0.0,0
0.0,0.0,1.0,0.0,0
0.0,0.0,1.0,0.0,0
0.0,0.0,1.0,0.0,0
0.0,0.0,1.0,0.0,0
0.0,0.0,1.0,0.0,0
0.0,0.0,1.0,0.0,0
0.0,0.0,1.0,0.0,0
0.1,0.0,1.0,1.0,0
0.1,0.0,1.0,8.0,0
0.0,0.0,1.0,0.0,0
0.0,0.0,1.0,0.0,0
0.0,0.0,1.0,0.0,0
0.0,0.0,1.0,0.0,0
0.0,0.0,1.0,0.0,0
0.0,0.0,1.0,0.0,0
0.0,0.0,1.0,1.0,0
0.0,0.0,1.0,0.0,0
0.0,0.0,1.0,0.0,0
1.1,0.0,1.0,0.0,0
0.0,0.0,1.0,5.0,0
3146.2,0.0,1.0,10.0,1
4.8,0.0,1.0,15.0,0
0.0,0.0,1.0,0.0,0
0.0,0.0,1.0,0.0,0
0.3,0.0,1.0,1.0,0
0.3,0.0,1.0,0.0,0
0.0,0.0,1.0,0.0,0
0.0,0.0,1.0,0.0,0
0.0,0.0,1.0,0.0,0
0.0,0.0,1.0,2.0,0
0.2,0.0,1.0,2.0,0
2.7,0.0,1.0,0.0,0
0.0,0.0,1.0,0.0,0
0.1,0.0,1.0,2.0,0
0.2,0.0,1.0,2.0,0
0.0,0.0,1.0,0.0,0
0.0,0.0,1.0,0.0,0
0.0,0.0,1.0,0.0,0
0.5,0.0,1.0,0.0,0
0.8,0.0,1.0,12.0,0
0.0,0.0,1.0,0.0,0
0.0,0.0,1.0,0.0,0
0.0,0.0,1.0,0.0,0
0.0,0.0,1.0,0.0,0
0.0,0.0,1.0,2.0,0
0.7,0.0,1.0,8.0,0
0.0,0.0,1.0,0.0,0
0.0,0.0,1.0,0.0,0
0.0,0.0,1.0,0.0,0
0.0,0.0,1.0,0.0,0
0.2,0.0,1.0,0.0,0
0.0,0.0,1.0,0.0,0
0.1,0.0,1.0,0.0,0
0.0,0.0,1.0,0.0,0
0.0,0.0,1.0,0.0,0
0.0,0.0,1.0,0.0,0
0.0,0.0,1.0,0.0,0
0.0,0.0,1.0,0.0,0
0.0,0.0,1.0,0.0,0
0.0,0.0,1.0,0.0,0
0.0,0.0,1.0,0.0,0
0.0,0.0,1.0,0.0,0
0.0,0.0,1.0,4.0,0
0.0,0.0,1.0,0.0,0
0.6,0.0,1.0,0.0,0
0.0,0.0,1.0,0.0,0
0.0,0.0,1.0,0.0,0
0.0,0.0,1.0,2.0,0
0.0,0.0,1.0,0.0,0
0.0,0.0,1.0,0.0,0
0.0,0.0,1.0,0.0,0
0.1,0.0,1.0,0.0,0
0.0,0.0,1.0,0.0,0
0.0,0.0,1.0,0.0,0
0.1,0.0,1.0,0.0,0
0.0,0.0,1.0,0.0,0
0.0,0.0,1.0,0.0,0
0.0,0.0,1.0,0.0,0
0.0,0.0,1.0,0.0,0
0.0,0.0,1.0,0.0,0
0.1,0.0,1.0,0.0,0
0.0,0.0,1.0,0.0,0
0.8,0.0,1.0,0.0,0
0.0,0.0,1.0,0.0,0
0.0,0.0,1.0,0.0,0
0.0,0.0,1.0,0.0,0
0.0,0.0,1.0,0.0,0
0.0,0.0,1.0,0.0,0
0.0,0.0,1.0,2.0,0
0.0,0.0,1.0,0.0,0
0.0,0.0,1.0,0.0,0
0.0,0.0,1.0,0.0,0
0.0,0.0,1.0,0.0,0
0.0,0.0,1.0,0.0,0
0.0,0.0,1.0,1.0,0
0.0,0.0,1.0,0.0,0
0.0,0.0,1.0,0.0,0
0.0,0.0,1.0,0.0,0
0.1,0.0,1.0,1.0,0
0.0,0.0,1.0,0.0,0
0.0,0.0,1.0,0.0,0
0.0,0.0,1.0,1.0,0
0.0,0.0,1.0,0.0,0
0.0,0.0,1.0,0.0,0
0.0,0.0,1.0,4.0,0
0.0,0.0,1.0,0.0,0
0.0,0.0,1.0,0.0,0
0.1,0.0,1.0,0.0,0
0.9,0.0,1.0,16.0,0
0.0,0.0,1.0,0.0,0
0.0,0.0,1.0,1.0,0
0.0,0.0,1.0,0.0,0
0.0,0.0,1.0,0.0,0
0.0,0.0,1.0,0.0,0
0.0,0.0,1.0,0.0,0
0.0,0.0,1.0,0.0,0
0.1,0.0,1.0,0.0,0
0.1,0.0,1.0,0.0,0
0.3,0.0,1.0,0.0,0
0.0,0.0,1.0,4.0,0
0.0,0.0,1.0,0.0,0
0.0,0.0,1.0,0.0,0
0.0,0.0,1.0,0.0,0
0.0,0.0,1.0,0.0,0
0.0,0.0,1.0,0.0,0
0.0,0.0,1.0,0.0,0
0.0,0.0,1.0,0.0,0
0.0,0.0,1.0,0.0,0
0.0,0.0,1.0,0.0,0
0.0,0.0,1.0,0.0,0
0.0,0.0,1.0,0.0,0
0.0,0.0,1.0,2.0,0
0.0,0.0,1.0,0.0,0
0.0,0.0,1.0,0.0,0
0.0,0.0,1.0,0.0,0
0.0,0.0,1.0,0.0,0
0.0,0.0,1.0,2.0,0
0.0,0.0,1.0,5.0,0
0.0,0.0,1.0,0.0,0
0.0,0.0,1.0,0.0,0
0.1,0.0,1.0,308.0,1
0.0,0.0,1.0,0.0,0
0.0,0.0,1.0,0.0,0
0.0,0.0,1.0,0.0,0
0.1,0.0,1.0,0.0,0
0.0,0.0,1.0,0.0,0
0.1,0.0,1.0,0.0,0
0.0,0.0,1.0,0.0,0
0.0,0.0,1.0,0.0,0
0.0,0.0,1.0,0.0,0
0.0,0.0,1.0,0.0,0
0.0,0.0,1.0,0.0,0
0.0,0.0,1.0,0.0,0
0.0,0.0,1.0,0.0,0
0.0,0.0,1.0,0.0,0
0.1,0.0,1.0,5.0,0
0.0,0.0,1.0,0.0,0
0.0,0.0,1.0,0.0,0
0.1,0.0,1.0,0.0,0
0.0,0.0,1.0,0.0,0
0.0,0.0,1.0,0.0,0
0.0,0.0,1.0,0.0,0
0.0,0.0,1.0,0.0,0
0.0,0.0,1.0,0.0,0
0.0,0.0,1.0,0.0,0
0.0,0.0,1.0,16.0,0
0.0,0.0,1.0,0.0,0
0.0,0.0,1.0,0.0,0
0.1,0.0,1.0,0.0,0
0.0,0.0,1.0,0.0,0
0.0,0.0,1.0,12.0,0
0.2,0.0,1.0,0.0,0
0.0,0.0,1.0,0.0,0
0.0,0.0,1.0,0.0,0
0.0,0.0,1.0,0.0,0
0.0,0.0,1.0,0.0,0
0.0,0.0,1.0,0.0,0
0.0,0.0,1.0,9.0,0
0.0,0.0,1.0,0.0,0
0.0,0.0,1.0,0.0,0
0.0,0.0,1.0,0.0,0
0.0,0.0,1.0,0.0,0
0.1,0.0,1.0,0.0,0
0.0,0.0,1.0,0.0,0
0.0,0.0,1.0,0.0,0
0.5,0.0,1.0,1.0,0
0.0,0.0,1.0,0.0,0
0.0,0.0,1.0,0.0,0
0.0,0.0,1.0,0.0,0
0.0,0.0,1.0,0.0,0
0.0,0.0,1.0,0.0,0
0.0,0.0,1.0,0.0,0
0.1,0.0,1.0,0.0,0
0.0,0.0,1.0,2.0,0
0.0,0.0,1.0,0.0,0
0.0,0.0,1.0,0.0,0
0.0,0.0,1.0,0.0,0
0.0,0.0,1.0,0.0,0
0.0,0.0,1.0,0.0,0
0.0,0.0,1.0,0.0,0
0.1,0.0,1.0,8.0,0
0.0,0.0,1.0,0.0,0
0.0,0.0,1.0,0.0,0
0.0,0.0,1.0,0.0,0
0.0,0.0,1.0,0.0,0
0.0,0.0,1.0,0.0,0
0.0,0.0,1.0,0.0,0
0.0,0.0,1.0,0.0,0
23.1,0.0,1.0,1.0,1
0.0,0.0,1.0,0.0,0
0.0,0.0,1.0,0.0,0
0.1,0.0,1.0,0.0,0
0.0,0.0,1.0,0.0,0
0.0,0.0,1.0,0.0,0
0.0,0.0,1.0,0.0,0
0.0,0.0,1.0,1.0,0
0.0,0.0,1.0,0.0,0
0.0,0.0,1.0,0.0,0
0.0,0.0,1.0,0.0,0
0.0,0.0,1.0,0.0,0
0.0,0.0,1.0,0.0,0
0.0,0.0,1.0,0.0,0
0.0,0.0,1.0,10.0,0
0.0,0.0,1.0,0.0,0
0.0,0.0,1.0,0.0,0
0.0,0.0,1.0,0.0,0
0.0,0.0,1.0,0.0,0
0.0,0.0,1.0,0.0,0
0.0,0.0,1.0,0.0,0
0.6,0.0,1.0,0.0,0
0.0,0.0,1.0,0.0,0
0.0,0.0,1.0,0.0,0
0.0,0.0,1.0,0.0,0
0.0,0.0,1.0,0.0,0
0.0,0.0,1.0,0.0,0
0.7,0.0,1.0,0.0,0
0.0,0.0,1.0,3.0,0
0.0,0.0,1.0,0.0,0
0.0,0.0,1.0,0.0,0
0.1,0.0,1.0,1.0,0
0.0,0.0,1.0,0.0,0
2.1,0.0,1.0,0.0,0
0.3,0.0,1.0,0.0,0
0.2,0.0,1.0,2.0,0
0.1,0.0,1.0,0.0,0
0.0,0.0,1.0,0.0,0
0.0,0.0,1.0,0.0,0
0.0,0.0,1.0,0.0,0
0.0,0.0,1.0,0.0,0
0.0,0.0,1.0,0.0,0
0.0,0.0,1.0,0.0,0
0.0,0.0,1.0,0.0,0
0.0,0.0,1.0,0.0,0
0.0,0.0,1.0,0.0,0
0.0,0.0,1.0,0.0,0
0.0,0.0,1.0,0.0,0
0.0,0.0,1.0,0.0,0
0.1,0.0,1.0,11.0,0
0.0,0.0,1.0,0.0,0
0.1,0.0,1.0,0.0,0
0.0,0.0,1.0,0.0,0
0.3,0.0,1.0,2.0,0
0.0,0.0,1.0,0.0,0
0.0,0.0,1.0,0.0,0
0.0,0.0,1.0,0.0,0
0.0,0.0,1.0,0.0,0
0.0,0.0,1.0,0.0,0
0.0,0.0,1.0,0.0,0
0.2,0.0,1.0,0.0,0
0.0,0.0,1.0,0.0,0
0.0,0.0,1.0,0.0,0
0.0,0.0,1.0,0.0,0
0.0,0.0,1.0,0.0,0
0.0,0.0,1.0,0.0,0
0.0,0.0,1.0,0.0,0
0.0,0.0,1.0,1.0,0
0.0,0.0,1.0,0.0,0
2.7,0.0,1.0,0.0,0
0.3,0.0,1.0,0.0,0
0.2,0.0,1.0,0.0,0
0.0,0.0,1.0,0.0,0
0.0,0.0,1.0,0.0,0
0.0,0.0,1.0,0.0,0
0.0,0.0,1.0,0.0,0
0.0,0.0,1.0,0.0,0
0.0,0.0,1.0,0.0,0
0.0,0.0,1.0,0.0,0
0.0,0.0,1.0,0.0,0
0.0,0.0,1.0,0.0,0
0.1,0.0,1.0,0.0,0
0.0,0.0,1.0,0.0,0
0.0,0.0,1.0,0.0,0
0.0,0.0,1.0,0.0,0
0.0,0.0,1.0,0.0,0
0.0,0.0,1.0,0.0,0
0.0,0.0,1.0,0.0,0
0.0,0.0,1.0,1.0,0
0.1,0.0,1.0,8.0,0
0.0,0.0,1.0,0.0,0
0.0,0.0,1.0,0.0,0
0.0,0.0,1.0,0.0,0
0.0,0.0,1.0,0.0,0
0.0,0.0,1.0,0.0,0
0.0,0.0,1.0,0.0,0
0.0,0.0,1.0,1.0,0
0.0,0.0,1.0,0.0,0
0.0,0.0,1.0,0.0,0
1.1,0.0,1.0,0.0,0
0.0,0.0,1.0,7.0,0
3094.9,0.0,1.0,11.0,1
8.9,0.0,1.0,15.0,0
0.0,0.0,1.0,0.0,0
0.0,0.0,1.0,0.0,0
0.1,0.0,1.0,1.0,0
0.0,0.0,1.0,0.0,0
0.0,0.0,1.0,0.0,0
0.0,0.0,1.0,0.0,0
0.1,0.0,1.0,0.0,0
0.0,0.0,1.0,2.0,0
0.1,0.0,1.0,2.0,0
3.9,0.0,1.0,0.0,0
0.0,0.0,1.0,0.0,0
0.1,0.0,1.0,2.0,0
0.0,0.0,1.0,2.0,0
0.0,0.0,1.0,0.0,0
0.0,0.0,1.0,0.0,0
0.0,0.0,1.0,0.0,0
0.0,0.0,1.0,0.0,0
0.3,0.0,1.0,12.0,0
0.0,0.0,1.0,0.0,0
0.0,0.0,1.0,0.0,0
0.0,0.0,1.0,0.0,0
0.0,0.0,1.0,0.0,0
0.0,0.0,1.0,2.0,0
0.4,0.0,1.0,12.0,0
0.0,0.0,1.0,0.0,0
0.0,0.0,1.0,0.0,0
0.0,0.0,1.0,0.0,0
0.0,0.0,1.0,0.0,0
0.1,0.0,1.0,0.0,0
0.0,0.0,1.0,0.0,0
0.0,0.0,1.0,0.0,0
0.0,0.0,1.0,0.0,0
0.0,0.0,1.0,0.0,0
0.1,0.0,1.0,0.0,0
0.1,0.0,1.0,0.0,0
0.0,0.0,1.0,0.0,0
0.0,0.0,1.0,0.0,0
0.0,0.0,1.0,0.0,0
0.0,0.0,1.0,0.0,0
0.0,0.0,1.0,0.0,0
0.0,0.0,1.0,4.0,0
0.0,0.0,1.0,0.0,0
0.7,0.0,1.0,0.0,0
0.0,0.0,1.0,0.0,0
0.0,0.0,1.0,0.0,0
0.0,0.0,1.0,2.0,0
0.0,0.0,1.0,0.0,0
0.0,0.0,1.0,0.0,0
0.0,0.0,1.0,0.0,0
0.1,0.0,1.0,0.0,0
0.1,0.0,1.0,0.0,0
0.0,0.0,1.0,0.0,0
0.1,0.0,1.0,0.0,0
0.0,0.0,1.0,0.0,0
0.0,0.0,1.0,0.0,0
0.0,0.0,1.0,0.0,0
0.0,0.0,1.0,0.0,0
0.0,0.0,1.0,0.0,0
0.5,0.0,1.0,0.0,0
0.0,0.0,1.0,0.0,0
0.7,0.0,1.0,0.0,0
0.0,0.0,1.0,0.0,0
0.0,0.0,1.0,0.0,0
0.0,0.0,1.0,0.0,0
0.0,0.0,1.0,0.0,0
0.0,0.0,1.0,0.0,0
0.0,0.0,1.0,2.0,0
0.0,0.0,1.0,0.0,0
0.0,0.0,1.0,0.0,0
0.0,0.0,1.0,0.0,0
0.0,0.0,1.0,0.0,0
0.0,0.0,1.0,0.0,0
0.0,0.0,1.0,1.0,0
0.0,0.0,1.0,0.0,0
0.0,0.0,1.0,0.0,0
0.0,0.0,1.0,0.0,0
0.0,0.0,1.0,1.0,0
0.0,0.0,1.0,0.0,0
0.0,0.0,1.0,0.0,0
0.0,0.0,1.0,1.0,0
0.0,0.0,1.0,0.0,0
0.0,0.0,1.0,0.0,0
0.0,0.0,1.0,4.0,0
0.0,0.0,1.0,0.0,0
0.0,0.0,1.0,0.0,0
0.0,0.0,1.0,0.0,0
0.7,0.0,1.0,16.0,0
0.0,0.0,1.0,0.0,0
0.0,0.0,1.0,1.0,0
0.0,0.0,1.0,0.0,0
0.0,0.0,1.0,0.0,0
0.0,0.0,1.0,0.0,0
0.0,0.0,1.0,0.0,0
0.0,0.0,1.0,0.0,0
7.6,0.0,1.0,0.0,0
0.0,0.0,1.0,0.0,0
0.2,0.0,1.0,0.0,0
0.0,0.0,1.0,4.0,0
0.0,0.0,1.0,0.0,0
0.1,0.0,1.0,0.0,0
0.0,0.0,1.0,0.0,0
0.0,0.0,1.0,0.0,0
0.0,0.0,1.0,0.0,0
0.0,0.0,1.0,0.0,0
0.0,0.0,1.0,0.0,0
0.0,0.0,1.0,0.0,0
0.0,0.0,1.0,0.0,0
0.0,0.0,1.0,0.0,0
0.0,0.0,1.0,0.0,0
0.0,0.0,1.0,2.0,0
0.0,0.0,1.0,0.0,0
0.0,0.0,1.0,0.0,0
0.0,0.0,1.0,0.0,0
0.0,0.0,1.0,0.0,0
0.0,0.0,1.0,2.0,0
0.0,0.0,1.0,5.0,0
0.0,0.0,1.0,0.0,0
0.1,0.0,1.0,0.0,0
0.1,0.0,1.0,308.0,1
0.0,0.0,1.0,0.0,0
0.8,0.0,1.0,0.0,0
0.3,0.0,1.0,0.0,0
0.1,0.0,1.0,0.0,0
0.0,0.0,1.0,0.0,0
0.0,0.0,1.0,0.0,0
0.0,0.0,1.0,0.0,0
0.0,0.0,1.0,0.0,0
0.0,0.0,1.0,0.0,0
0.0,0.0,1.0,0.0,0
0.0,0.0,1.0,0.0,0
0.0,0.0,1.0,0.0,0
0.0,0.0,1.0,0.0,0
0.0,0.0,1.0,0.0,0
0.0,0.0,1.0,5.0,0
0.0,0.0,1.0,0.0,0
0.0,0.0,1.0,0.0,0
0.1,0.0,1.0,0.0,0
0.0,0.0,1.0,0.0,0
0.1,0.0,1.0,0.0,0
0.0,0.0,1.0,0.0,0
0.0,0.0,1.0,0.0,0
0.0,0.0,1.0,0.0,0
0.0,0.0,1.0,0.0,0
0.0,0.0,1.0,16.0,0
0.0,0.0,1.0,0.0,0
0.0,0.0,1.0,0.0,0
0.0,0.0,1.0,0.0,0
0.3,0.0,1.0,0.0,0
0.0,0.0,1.0,0.0,0
0.1,0.0,1.0,13.0,0
0.3,0.0,1.0,0.0,0
0.0,0.0,1.0,0.0,0
0.0,0.0,1.0,0.0,0
0.0,0.0,1.0,0.0,0
0.0,0.0,1.0,0.0,0
0.0,0.0,1.0,0.0,0
0.0,0.0,1.0,10.0,0
0.0,0.0,1.0,0.0,0
0.0,0.0,1.0,0.0,0
0.0,0.0,1.0,0.0,0
0.0,0.0,1.0,0.0,0
0.1,0.0,1.0,0.0,0
0.1,0.0,1.0,0.0,0
0.0,0.0,1.0,0.0,0
0.2,0.0,1.0,1.0,0
0.0,0.0,1.0,0.0,0
0.0,0.0,1.0,0.0,0
0.0,0.0,1.0,0.0,0
0.0,0.0,1.0,0.0,0
0.0,0.0,1.0,0.0,0
0.0,0.0,1.0,1.0,0
0.0,0.0,1.0,0.0,0
0.0,0.0,1.0,0.0,0
0.0,0.0,1.0,0.0,0
0.0,0.0,1.0,2.0,0
0.0,0.0,1.0,0.0,0
0.0,0.0,1.0,0.0,0
0.0,0.0,1.0,0.0,0
0.0,0.0,1.0,0.0,0
0.0,0.0,1.0,0.0,0
0.0,0.0,1.0,0.0,0
1.8,0.0,1.0,42.0,0
0.1,0.0,1.0,0.0,0
0.0,0.0,1.0,0.0,0
0.0,0.0,1.0,0.0,0
0.0,0.0,1.0,0.0,0
0.0,0.0,1.0,0.0,0
1.8,0.0,1.0,0.0,0
23.4,0.0,1.0,2.0,1
0.0,0.0,1.0,0.0,0
0.0,0.0,1.0,0.0,0
0.0,0.0,1.0,0.0,0
0.0,0.0,1.0,0.0,0
0.0,0.0,1.0,0.0,0
0.0,0.0,1.0,0.0,0
0.0,0.0,1.0,0.0,0
0.0,0.0,1.0,0.0,0
0.1,0.0,1.0,0.0,0
0.0,0.0,1.0,0.0,0
0.0,0.0,1.0,0.0,0
0.0,0.0,1.0,0.0,0
0.0,0.0,1.0,0.0,0
0.0,0.0,1.0,0.0,0
0.0,0.0,1.0,10.0,0
0.0,0.0,1.0,0.0,0
0.0,0.0,1.0,0.0,0
0.0,0.0,1.0,0.0,0
0.0,0.0,1.0,0.0,0
0.0,0.0,1.0,0.0,0
0.0,0.0,1.0,0.0,0
5.9,0.0,1.0,0.0,0
0.0,0.0,1.0,0.0,0
0.0,0.0,1.0,0.0,0
0.0,0.0,1.0,0.0,0
0.0,0.0,1.0,0.0,0
0.0,0.0,1.0,0.0,0
2.0,0.0,1.0,0.0,0
0.0,0.0,1.0,3.0,0
0.0,0.0,1.0,0.0,0
0.0,0.0,1.0,0.0,0
0.0,0.0,1.0,0.0,0
0.0,0.0,1.0,0.0,0
1.8,0.0,1.0,0.0,0
0.6,0.0,1.0,0.0,0
6.6,0.0,1.0,2.0,0
0.4,0.0,1.0,0.0,0
0.0,0.0,1.0,0.0,0
0.1,0.0,1.0,0.0,0
0.0,0.0,1.0,0.0,0
0.0,0.0,1.0,0.0,0
0.0,0.0,1.0,0.0,0
0.0,0.0,1.0,0.0,0
0.0,0.0,1.0,0.0,0
0.1,0.0,1.0,0.0,0
0.0,0.0,1.0,0.0,0
0.0,0.0,1.0,0.0,0
0.0,0.0,1.0,0.0,0
0.0,0.0,1.0,0.0,0
0.0,0.0,1.0,10.0,0
0.0,0.0,1.0,0.0,0
0.3,0.0,1.0,0.0,0
0.0,0.0,1.0,0.0,0
0.6,0.0,1.0,2.0,0
0.0,0.0,1.0,0.0,0
0.2,0.0,1.0,0.0,0
0.0,0.0,1.0,0.0,0
0.0,0.0,1.0,0.0,0
0.0,0.0,1.0,0.0,0
0.0,0.0,1.0,0.0,0
5.7,0.0,1.0,0.0,0
0.0,0.0,1.0,0.0,0
0.0,0.0,1.0,0.0,0
0.0,0.0,1.0,0.0,0
0.1,0.0,1.0,1.0,0
0.0,0.0,1.0,0.0,0
0.0,0.0,1.0,0.0,0
0.0,0.0,1.0,1.0,0
0.0,0.0,1.0,0.0,0
0.0,0.0,1.0,0.0,0
2.8,0.0,1.0,0.0,0
0.5,0.0,1.0,1.0,0
0.0,0.0,1.0,0.0,0
0.0,0.0,1.0,0.0,0
0.0,0.0,1.0,0.0,0
0.0,0.0,1.0,0.0,0
0.0,0.0,1.0,0.0,0
0.0,0.0,1.0,0.0,0
0.0,0.0,1.0,0.0,0
0.0,0.0,1.0,0.0,0
0.0,0.0,1.0,0.0,0
0.0,0.0,1.0,0.0,0
0.1,0.0,1.0,0.0,0
0.0,0.0,1.0,0.0,0
0.0,0.0,1.0,0.0,0
0.0,0.0,1.0,0.0,0
0.0,0.0,1.0,0.0,0
0.1,0.0,1.0,0.0,0
0.0,0.0,1.0,0.0,0
0.0,0.0,1.0,1.0,0
0.1,0.0,1.0,8.0,0
0.0,0.0,1.0,0.0,0
0.0,0.0,1.0,0.0,0
0.0,0.0,1.0,0.0,0
4.7,0.0,1.0,0.0,0
0.0,0.0,1.0,0.0,0
0.0,0.0,1.0,0.0,0
0.0,0.0,1.0,1.0,0
0.0,0.0,1.0,0.0,0
0.0,0.0,1.0,0.0,0
1.9,0.0,1.0,0.0,0
0.0,0.0,1.0,6.0,0
